"STATION","DATE","LATITUDE","LONGITUDE","ELEVATION","NAME","TEMP","TEMP_ATTRIBUTES","DEWP","DEWP_ATTRIBUTES","SLP","SLP_ATTRIBUTES","STP","STP_ATTRIBUTES","VISIB","VISIB_ATTRIBUTES","WDSP","WDSP_ATTRIBUTES","MXSPD","GUST","MAX","MAX_ATTRIBUTES","MIN","MIN_ATTRIBUTES","PRCP","PRCP_ATTRIBUTES","SNDP","FRSHTT"
"23226099999","2019-01-01","67.4833333","64.0166666","172.0","VORKUTA, RS","  13.6"," 8","  10.9"," 8","1003.8"," 8","981.6"," 8","  1.9"," 8"," 19.2"," 8"," 23.3","999.9","  19.4","*","   7.9","*"," 0.12","F"," 20.9","001000"
"23226099999","2019-01-02","67.4833333","64.0166666","172.0","VORKUTA, RS","  15.7"," 8","  13.6"," 8","1003.8"," 8","981.7"," 8","  2.5"," 8"," 10.9"," 8"," 19.4","999.9","  18.0","*","  12.7"," "," 0.31","F"," 20.9","001000"
"23226099999","2019-01-03","67.4833333","64.0166666","172.0","VORKUTA, RS","  13.4"," 8","  11.2"," 8","1009.0"," 8","986.8"," 8","  3.6"," 8"," 10.3"," 7"," 13.6","999.9","  18.0"," ","   5.0","*"," 0.16","F"," 22.4","001000"
"23226099999","2019-01-04","67.4833333","64.0166666","172.0","VORKUTA, RS","   2.6"," 8","  -0.8"," 8","1015.9"," 8","993.0"," 8","  3.7"," 8","  5.6"," 8"," 11.7","999.9","   4.5"," ","   0.9","*"," 0.06","F"," 23.6","001000"
"23226099999","2019-01-05","67.4833333","64.0166666","172.0","VORKUTA, RS","  -0.1"," 8","  -3.7"," 8","1019.2"," 8","996.0"," 8","  3.3"," 8"," 13.4"," 8"," 17.5","999.9","   2.1"," ","  -2.7","*"," 0.04","F"," 23.6","001000"
"23226099999","2019-01-06","67.4833333","64.0166666","172.0","VORKUTA, RS","   0.5"," 8","  -3.3"," 8","1005.1"," 8","982.3"," 8","  1.0"," 8"," 16.3"," 8"," 23.3","999.9","   3.9"," ","  -3.5"," "," 0.04","F"," 23.2","001000"
"23226099999","2019-01-07","67.4833333","64.0166666","172.0","VORKUTA, RS","  -8.7"," 8"," -13.4"," 8"," 998.8"," 8","975.6"," 8","  5.1"," 8","  5.1"," 5","  9.7","999.9","  -0.6","*"," -18.4","*"," 0.17","F"," 24.0","001000"
"23226099999","2019-01-08","67.4833333","64.0166666","172.0","VORKUTA, RS"," -22.6"," 8"," -28.1"," 8","1003.6"," 8","979.5"," 8","  5.4"," 8","  2.9"," 8","  3.9","999.9"," -20.7","*"," -26.3"," "," 0.00","E"," 24.0","000000"
"23226099999","2019-01-09","67.4833333","64.0166666","172.0","VORKUTA, RS"," -21.2"," 8"," -26.2"," 8","1011.3"," 8","987.2"," 8","  4.8"," 8","  7.8"," 5"," 11.7","999.9"," -14.6"," "," -27.0","*"," 0.03","E","999.9","001000"
"23226099999","2019-01-10","67.4833333","64.0166666","172.0","VORKUTA, RS"," -10.5"," 8"," -17.1"," 8","1015.3"," 8","991.6"," 8","  3.8"," 8"," 10.0"," 6"," 15.5","999.9","  -4.4"," "," -29.4"," "," 0.04","F"," 24.4","001000"
"23226099999","2019-01-11","67.4833333","64.0166666","172.0","VORKUTA, RS","  -0.9"," 8","  -5.4"," 8","1009.9"," 8","986.8"," 8","  6.2"," 8"," 12.6"," 8"," 17.5","999.9","   7.9","*"," -23.4"," "," 0.03","F"," 24.0","001000"
"23226099999","2019-01-12","67.4833333","64.0166666","172.0","VORKUTA, RS","   7.6"," 8","   4.9"," 8"," 996.7"," 8","974.4"," 8","  1.6"," 8"," 19.4"," 8"," 21.4","999.9","  10.8","*","   1.2"," "," 0.16","F"," 26.4","000000"
"23226099999","2019-01-13","67.4833333","64.0166666","172.0","VORKUTA, RS","   9.9"," 8","   4.6"," 8"," 990.9"," 8","968.8"," 8","  6.2"," 8"," 16.3"," 8"," 19.4","999.9","  12.0","*","   4.6"," "," 0.01","F"," 25.6","000000"
"23226099999","2019-01-14","67.4833333","64.0166666","172.0","VORKUTA, RS","   6.6"," 8","   2.5"," 8"," 993.8"," 8","971.6"," 8","  4.8"," 8"," 10.9"," 8"," 13.6","999.9","   9.0","*","   3.4"," "," 0.04","F"," 24.8","001000"
"23226099999","2019-01-15","67.4833333","64.0166666","172.0","VORKUTA, RS","   8.7"," 8","   5.6"," 8"," 999.0"," 8","976.7"," 8","  4.6"," 8"," 10.2"," 8"," 15.5","999.9","  12.9"," ","   4.6"," "," 0.05","F"," 25.6","001000"
"23226099999","2019-01-16","67.4833333","64.0166666","172.0","VORKUTA, RS","   2.5"," 8","  -0.4"," 8","1004.1"," 8","981.3"," 8","  6.0"," 8","  3.4"," 4","  3.9","999.9","   7.9"," ","  -3.3","*"," 0.05","F"," 26.4","001000"
"23226099999","2019-01-17","67.4833333","64.0166666","172.0","VORKUTA, RS","  17.2"," 8","  13.2"," 8"," 993.4"," 8","971.6"," 8","  4.3"," 8"," 16.3"," 8"," 31.1","999.9","  24.6"," ","  -3.6"," "," 0.17","F"," 23.6","001000"
"23226099999","2019-01-18","67.4833333","64.0166666","172.0","VORKUTA, RS","   7.3"," 8","   4.4"," 8"," 990.0"," 8","967.8"," 8","  4.4"," 8","  9.5"," 8"," 13.6","999.9","  14.2","*","  -2.0","*"," 0.05","F"," 26.0","001000"
"23226099999","2019-01-19","67.4833333","64.0166666","172.0","VORKUTA, RS","  -1.8"," 8","  -4.5"," 8"," 998.3"," 8","975.5"," 8","  3.2"," 8"," 10.0"," 8"," 11.7","999.9","   9.7","*","  -8.5"," "," 0.04","F"," 25.6","101000"
"23226099999","2019-01-20","67.4833333","64.0166666","172.0","VORKUTA, RS","  11.0"," 8","   9.6"," 8","1006.0"," 8","983.6"," 8","  4.4"," 8","  9.7"," 8"," 13.6","999.9","  14.7","*","  -1.3"," "," 0.10","F"," 26.4","001000"
"23226099999","2019-01-21","67.4833333","64.0166666","172.0","VORKUTA, RS","  -3.2"," 8","  -5.7"," 8","1004.2"," 8","981.2"," 8","  4.9"," 8","  4.5"," 6","  7.8","999.9","   7.7"," "," -10.5","*"," 0.01","F"," 26.4","001000"
"23226099999","2019-01-22","67.4833333","64.0166666","172.0","VORKUTA, RS"," -11.2"," 8"," -14.6"," 8","1001.8"," 8","978.4"," 8","  4.0"," 8","  8.7"," 8"," 11.7","999.9","  -6.9"," "," -14.8","*"," 0.07","F"," 26.4","001000"
"23226099999","2019-01-23","67.4833333","64.0166666","172.0","VORKUTA, RS"," -19.3"," 8"," -22.5"," 8","1010.1"," 8","986.1"," 8","  6.1"," 8","  6.8"," 6","  9.7","999.9"," -16.4"," "," -24.7","*"," 0.00","F"," 26.4","001000"
"23226099999","2019-01-24","67.4833333","64.0166666","172.0","VORKUTA, RS"," -14.4"," 8"," -17.7"," 8","1018.9"," 8","995.0"," 8","  5.9"," 8","  2.5"," 7","  3.9","999.9"," -11.2"," "," -25.4"," "," 0.02","E"," 26.4","001000"
"23226099999","2019-01-25","67.4833333","64.0166666","172.0","VORKUTA, RS"," -11.6"," 8"," -15.1"," 8","1023.2"," 8","999.3"," 8","  5.4"," 8","  3.2"," 6","  3.9","999.9","  -5.3"," "," -16.2","*"," 0.01","F"," 26.4","001000"
"23226099999","2019-01-26","67.4833333","64.0166666","172.0","VORKUTA, RS"," -20.2"," 8"," -24.6"," 8","1028.3"," 8","003.8"," 8","  6.0"," 8","  4.5"," 6","  5.8","999.9"," -17.0"," "," -23.1","*"," 0.00","F"," 26.4","000000"
"23226099999","2019-01-27","67.4833333","64.0166666","172.0","VORKUTA, RS"," -19.8"," 8"," -24.4"," 8","1034.9"," 8","010.3"," 8","  4.3"," 8","  8.0"," 8","  9.7","999.9"," -15.2","*"," -27.8"," "," 0.02","F"," 26.4","001000"
"23226099999","2019-01-28","67.4833333","64.0166666","172.0","VORKUTA, RS","  -1.5"," 8","  -4.1"," 8","1019.9"," 8","996.6"," 8","  3.5"," 8","  9.7"," 7"," 15.5","999.9","  13.1"," "," -17.3"," "," 0.13","F"," 26.4","001000"
"23226099999","2019-01-29","67.4833333","64.0166666","172.0","VORKUTA, RS"," -12.9"," 7"," -16.5"," 7","1021.5"," 7","997.6"," 7","  5.0"," 7","  6.2"," 6"," 42.7","999.9","   2.5","*"," -26.9","*"," 0.09","F"," 27.6","001000"
"23226099999","2019-01-30","67.4833333","64.0166666","172.0","VORKUTA, RS"," -31.5"," 8"," -36.8"," 8","1035.7"," 8","010.5"," 8","  5.9"," 8","  5.1"," 8","  9.7","999.9"," -29.2"," "," -34.2","*"," 0.00","F"," 27.6","000000"
"23226099999","2019-01-31","67.4833333","64.0166666","172.0","VORKUTA, RS"," -22.7"," 8"," -27.4"," 8","1037.0"," 8","012.2"," 8","  6.2"," 8","  4.9"," 6","  5.8","999.9"," -16.8","*"," -35.0"," "," 0.00","E"," 27.6","000000"
"23226099999","2019-02-01","67.4833333","64.0166666","172.0","VORKUTA, RS"," -12.6"," 8"," -19.6"," 8","1037.6"," 8","013.5"," 8","  6.2"," 8"," 12.9"," 8"," 17.5","999.9","  -8.5"," "," -22.0"," "," 0.00","F"," 27.6","000000"
"23226099999","2019-02-02","67.4833333","64.0166666","172.0","VORKUTA, RS"," -10.6"," 8"," -19.0"," 8","1043.0"," 8","018.8"," 8","  6.2"," 8","  8.7"," 6"," 11.7","999.9","  -4.7"," "," -16.4"," "," 0.00","E"," 27.6","000000"
"23226099999","2019-02-03","67.4833333","64.0166666","172.0","VORKUTA, RS","  -9.3"," 8"," -17.4"," 8","1049.6"," 8","025.3"," 8","  6.2"," 8","  5.3"," 7"," 11.7","999.9","  -4.2","*"," -19.7","*"," 0.00","E"," 26.4","000000"
"23226099999","2019-02-04","67.4833333","64.0166666","172.0","VORKUTA, RS"," -21.2"," 8"," -26.4"," 8","1054.4"," 8","029.2"," 8","  6.2"," 8","  3.6"," 6","  5.8","999.9"," -19.5","*"," -22.5","*"," 0.00","F"," 26.4","000000"
"23226099999","2019-02-05","67.4833333","64.0166666","172.0","VORKUTA, RS"," -15.5"," 8"," -20.0"," 8","1049.4"," 8","024.7"," 8","  6.2"," 8","  3.9"," 5","  5.8","999.9"," -10.3","*"," -22.7"," "," 0.00","F"," 26.0","000000"
"23226099999","2019-02-06","67.4833333","64.0166666","172.0","VORKUTA, RS","  -4.0"," 8"," -11.7"," 8","1037.2"," 7","013.4"," 7","  6.2"," 8","  8.0"," 8"," 11.7","999.9","   1.2"," ","  -8.3","*"," 0.00","E","999.9","000000"
"23226099999","2019-02-07","67.4833333","64.0166666","172.0","VORKUTA, RS","  -4.3"," 8","  -9.7"," 8","1028.3"," 8","004.7"," 8","  5.5"," 8"," 14.8"," 8"," 19.4","999.9","   1.6","*"," -10.3"," "," 0.00","F"," 25.2","000000"
"23226099999","2019-02-08","67.4833333","64.0166666","172.0","VORKUTA, RS","  -7.1"," 8"," -11.9"," 8","1019.6"," 8","996.1"," 8","  4.5"," 8"," 12.6"," 8"," 19.4","999.9","  -1.1","*"," -11.0","*"," 0.09","F"," 26.4","001000"
"23226099999","2019-02-09","67.4833333","64.0166666","172.0","VORKUTA, RS","  -8.6"," 8"," -13.4"," 8","1016.1"," 8","992.5"," 8","  6.2"," 8","  8.5"," 8"," 13.6","999.9","   1.2","*"," -14.8"," "," 0.00","I"," 26.0","000000"
"23226099999","2019-02-10","67.4833333","64.0166666","172.0","VORKUTA, RS","   6.3"," 8","   1.7"," 8","1008.3"," 8","985.7"," 8","  5.5"," 8"," 12.1"," 8"," 13.6","999.9","  12.6","*","  -9.8"," "," 0.04","F"," 26.0","001000"
"23226099999","2019-02-11","67.4833333","64.0166666","172.0","VORKUTA, RS","  23.5"," 8","  22.4"," 8","1006.4"," 8","984.6"," 8","  2.4"," 8"," 15.1"," 8"," 17.5"," 23.3","  27.5","*","   7.7"," "," 0.19","F"," 26.0","011000"
"23226099999","2019-02-12","67.4833333","64.0166666","172.0","VORKUTA, RS","  20.1"," 8","  17.9"," 8","1009.6"," 8","987.6"," 8","  4.7"," 8"," 15.8"," 8"," 17.5"," 19.4","  22.6","*","  19.0","*"," 0.15","F"," 27.6","001000"
"23226099999","2019-02-13","67.4833333","64.0166666","172.0","VORKUTA, RS","  23.4"," 8","  21.5"," 8","1005.0"," 8","983.3"," 8","  2.8"," 8"," 18.7"," 8"," 21.4"," 29.1","  24.1","*","  19.0"," "," 0.03","E"," 28.3","001000"
"23226099999","2019-02-14","67.4833333","64.0166666","172.0","VORKUTA, RS","  12.9"," 8","  10.3"," 8","1002.2"," 8","980.0"," 8","  4.2"," 8"," 11.2"," 8"," 19.4","999.9","  25.3"," ","  -3.8","*"," 0.31","F"," 29.9","001000"
"23226099999","2019-02-15","67.4833333","64.0166666","172.0","VORKUTA, RS","  -3.1"," 8","  -7.3"," 8","1008.2"," 8","985.1"," 8","  6.0"," 8"," 10.0"," 8"," 15.5","999.9","   3.7","*","  -7.8","*"," 0.02","F"," 30.3","001000"
"23226099999","2019-02-16","67.4833333","64.0166666","172.0","VORKUTA, RS","   3.2"," 8","  -4.2"," 8"," 998.5"," 8","975.9"," 8","  4.7"," 8"," 15.3"," 8"," 17.5","999.9","   9.9","*","  -8.5"," "," 0.00","F"," 30.3","001000"
"23226099999","2019-02-17","67.4833333","64.0166666","172.0","VORKUTA, RS","  10.1"," 8","   7.6"," 8"," 990.6"," 8","968.5"," 8","  5.1"," 8","  7.5"," 8"," 15.5","999.9","  13.5"," ","   4.5"," "," 0.09","F"," 30.7","001000"
"23226099999","2019-02-18","67.4833333","64.0166666","172.0","VORKUTA, RS","   1.0"," 8","  -3.4"," 8"," 994.1"," 8","971.5"," 8","  4.7"," 8","  7.8"," 4"," 15.5","999.9","   8.2"," "," -10.3","*"," 0.04","F"," 31.1","001000"
"23226099999","2019-02-19","67.4833333","64.0166666","172.0","VORKUTA, RS","  -6.6"," 8"," -12.2"," 8","1004.0"," 8","980.8"," 8","  5.5"," 8"," 14.6"," 8"," 19.4","999.9","   4.6","*"," -21.3"," "," 0.00","F"," 31.1","000000"
"23226099999","2019-02-20","67.4833333","64.0166666","172.0","VORKUTA, RS","   2.7"," 8","  -1.9"," 8","1002.6"," 8","979.9"," 8","  5.0"," 8"," 11.7"," 8"," 21.4","999.9","   5.9"," ","  -2.7"," "," 0.12","F"," 32.3","001000"
"23226099999","2019-02-21","67.4833333","64.0166666","172.0","VORKUTA, RS","   5.0"," 8","   0.8"," 8","1001.3"," 8","978.8"," 8","  4.2"," 8","  8.3"," 7"," 15.5","999.9","   9.5"," ","  -5.8","*"," 0.05","F"," 33.9","001000"
"23226099999","2019-02-22","67.4833333","64.0166666","172.0","VORKUTA, RS"," -15.4"," 8"," -20.5"," 8","1018.8"," 8","994.8"," 8","  6.2"," 8","  4.9"," 6","  7.8","999.9","  -7.6"," "," -25.2","*"," 0.04","F"," 35.8","001000"
"23226099999","2019-02-23","67.4833333","64.0166666","172.0","VORKUTA, RS","  -8.3"," 8"," -12.9"," 8","1011.5"," 8","988.1"," 8","  5.6"," 8"," 12.1"," 8"," 19.4","999.9","   9.1","*"," -26.5"," "," 0.00","F"," 35.8","001000"
"23226099999","2019-02-24","67.4833333","64.0166666","172.0","VORKUTA, RS","  13.7"," 8","  11.1"," 8"," 993.8"," 8","971.8"," 8","  2.9"," 8"," 14.1"," 8"," 19.4","999.9","  22.5","*","   2.3"," "," 0.28","F"," 37.8","001000"
"23226099999","2019-02-25","67.4833333","64.0166666","172.0","VORKUTA, RS","  18.9"," 8","  17.4"," 8"," 990.8"," 8","969.2"," 8","  2.1"," 8"," 11.7"," 8"," 15.5","999.9","  28.2","*","   7.2"," "," 0.02","F"," 44.5","001000"
"23226099999","2019-02-26","67.4833333","64.0166666","172.0","VORKUTA, RS","  -5.8"," 8"," -10.8"," 8","1002.3"," 8","979.2"," 8","  5.3"," 8"," 10.7"," 8"," 23.3","999.9","   5.4","*"," -14.1","*"," 0.16","F"," 42.5","001000"
"23226099999","2019-02-27","67.4833333","64.0166666","172.0","VORKUTA, RS","   3.1"," 8","   0.5"," 8"," 994.1"," 8","971.6"," 8","  1.5"," 8"," 24.3"," 8"," 40.8","999.9","   9.9"," "," -15.0"," "," 0.76","F"," 43.3","001000"
"23226099999","2019-02-28","67.4833333","64.0166666","172.0","VORKUTA, RS","   2.4"," 8","  -0.9"," 8"," 986.0"," 8","963.8"," 8","  4.6"," 8"," 11.4"," 8"," 17.5","999.9","   5.5","*","  -0.2","*"," 0.24","F"," 53.9","001000"
"23226099999","2019-03-01","67.4833333","64.0166666","172.0","VORKUTA, RS","  -3.0"," 8","  -6.9"," 8"," 989.2"," 8","966.5"," 8","  5.9"," 8","  7.3"," 8","  9.7","999.9","   1.2","*","  -8.9"," "," 0.03","F"," 54.7","001000"
"23226099999","2019-03-02","67.4833333","64.0166666","172.0","VORKUTA, RS","  -0.8"," 8","  -4.1"," 8"," 995.3"," 8","972.6"," 8","  4.0"," 8","  9.7"," 8"," 13.6","999.9","   4.3"," ","  -9.6","*"," 0.04","F"," 55.5","001000"
"23226099999","2019-03-03","67.4833333","64.0166666","172.0","VORKUTA, RS","  -5.4"," 8","  -9.1"," 8","1004.1"," 8","981.0"," 8","  6.1"," 8","  7.0"," 8"," 11.7","999.9","  -0.6","*"," -12.5"," "," 0.01","E"," 55.5","001000"
"23226099999","2019-03-04","67.4833333","64.0166666","172.0","VORKUTA, RS","  -4.2"," 8","  -8.4"," 8"," 993.9"," 8","971.1"," 8","  4.6"," 8","  8.5"," 8"," 11.7","999.9","   1.9"," "," -13.4"," "," 0.01","F"," 55.1","001000"
"23226099999","2019-03-05","67.4833333","64.0166666","172.0","VORKUTA, RS"," -11.8"," 8"," -16.6"," 8"," 999.0"," 8","975.6"," 8","  5.3"," 8","  7.8"," 8"," 11.7","999.9","  -5.8"," "," -19.7"," "," 0.01","E","999.9","001000"
"23226099999","2019-03-06","67.4833333","64.0166666","172.0","VORKUTA, RS","   5.9"," 8","   2.5"," 8"," 989.4"," 8","967.1"," 8","  3.2"," 8"," 18.2"," 8"," 33.0"," 35.0","  11.5"," "," -11.6"," "," 0.12","F"," 55.5","001000"
"23226099999","2019-03-07","67.4833333","64.0166666","172.0","VORKUTA, RS","  -0.9"," 8","  -4.5"," 8"," 993.6"," 8","970.9"," 8","  5.3"," 8","  8.3"," 8"," 13.6","999.9","   3.0"," ","  -5.6","*"," 0.04","F"," 55.1","001000"
"23226099999","2019-03-08","67.4833333","64.0166666","172.0","VORKUTA, RS","   7.0"," 8","   4.3"," 8"," 999.2"," 8","976.6"," 7","  3.2"," 8"," 12.4"," 8"," 19.4","999.9","  14.7"," ","  -6.3"," "," 0.11","F"," 55.1","001000"
"23226099999","2019-03-09","67.4833333","64.0166666","172.0","VORKUTA, RS","  13.3"," 8","  10.4"," 8","1000.5"," 8","978.4"," 8","  4.2"," 8"," 12.6"," 8"," 15.5","999.9","  18.1","*","   5.0"," "," 0.04","E"," 56.7","001000"
"23226099999","2019-03-10","67.4833333","64.0166666","172.0","VORKUTA, RS","  22.5"," 8","  20.7"," 8"," 991.3"," 8","969.8"," 8","  5.6"," 8","  9.7"," 8"," 15.5","999.9","  25.2"," ","  16.2"," "," 0.06","F"," 58.3","001000"
"23226099999","2019-03-11","67.4833333","64.0166666","172.0","VORKUTA, RS","  14.0"," 8","  10.8"," 8"," 999.5"," 8","977.4"," 8","  4.8"," 8","  5.8"," 5","  7.8","999.9","  22.6"," ","   5.4","*"," 0.16","F"," 58.7","001000"
"23226099999","2019-03-12","67.4833333","64.0166666","172.0","VORKUTA, RS","  19.4"," 8","  14.8"," 8","1001.5"," 8","979.7"," 8","  6.2"," 8"," 14.3"," 8"," 19.4"," 25.3","  26.4","*","   2.1"," "," 0.01","E"," 59.4","000000"
"23226099999","2019-03-13","67.4833333","64.0166666","172.0","VORKUTA, RS","  19.3"," 7","  16.7"," 7"," 996.1"," 7","974.4"," 7","  4.5"," 7","  9.7"," 7"," 15.5","999.9","  26.6","*","  10.2","*"," 0.04","F"," 57.1","001000"
"23226099999","2019-03-14","67.4833333","64.0166666","172.0","VORKUTA, RS","   5.5"," 8","   1.2"," 8","1011.2"," 8","988.5"," 8","  5.1"," 8"," 10.7"," 8"," 11.7","999.9","   8.6"," ","   1.9"," "," 0.03","F"," 56.3","001000"
"23226099999","2019-03-15","67.4833333","64.0166666","172.0","VORKUTA, RS","   3.3"," 8","   0.6"," 8","1019.4"," 8","996.4"," 8","  3.9"," 8","  7.3"," 8"," 11.7","999.9","   9.3"," ","  -7.1"," "," 0.00","F"," 56.7","101000"
"23226099999","2019-03-16","67.4833333","64.0166666","172.0","VORKUTA, RS","  -0.2"," 8","  -3.7"," 8","1020.1"," 8","996.9"," 8","  4.4"," 8","  5.2"," 6","  9.7","999.9","   6.8"," ","  -6.3"," "," 0.00","F"," 56.7","100000"
"23226099999","2019-03-17","67.4833333","64.0166666","172.0","VORKUTA, RS","  15.8"," 8","   9.9"," 8","1021.3"," 8","998.8"," 8","  6.2"," 8","  9.2"," 8"," 13.6","999.9","  22.1"," ","  -5.1"," "," 0.01","F"," 56.7","001000"
"23226099999","2019-03-18","67.4833333","64.0166666","172.0","VORKUTA, RS","  23.4"," 8","  21.6"," 8","1020.7"," 8","998.6"," 8","  4.9"," 8"," 10.0"," 8"," 13.6","999.9","  27.0"," ","  12.7"," "," 0.04","F"," 56.3","001000"
"23226099999","2019-03-19","67.4833333","64.0166666","172.0","VORKUTA, RS","  26.3"," 8","  23.0"," 8","1018.3"," 8","996.3"," 8","  6.1"," 8"," 13.8"," 8"," 17.5","999.9","  29.5"," ","  22.5","*"," 0.01","F"," 56.7","001000"
"23226099999","2019-03-20","67.4833333","64.0166666","172.0","VORKUTA, RS","  30.6"," 8","  29.9"," 8","1007.1"," 8","985.7"," 8","  2.7"," 8","  9.5"," 8"," 13.6","999.9","  31.3","*","  21.9"," "," 0.20","F"," 56.7","001000"
"23226099999","2019-03-21","67.4833333","64.0166666","172.0","VORKUTA, RS","  26.4"," 8","  24.8"," 8","1004.3"," 8","982.8"," 8","  5.1"," 8","  9.7"," 8"," 15.5","999.9","  29.8","*","  22.8","*"," 0.15","F"," 59.4","001000"
"23226099999","2019-03-22","67.4833333","64.0166666","172.0","VORKUTA, RS","  21.0"," 8","  18.9"," 8","1009.8"," 8","987.8"," 8","  5.0"," 8","  6.8"," 8","  9.7","999.9","  23.0"," ","  16.5","*"," 0.05","F"," 60.6","001000"
"23226099999","2019-03-23","67.4833333","64.0166666","172.0","VORKUTA, RS","  18.5"," 8","  16.0"," 8","1013.0"," 8","990.8"," 8","  5.2"," 8","  9.2"," 7"," 15.5","999.9","  23.5"," ","  12.9","*"," 0.05","F"," 59.8","001000"
"23226099999","2019-03-24","67.4833333","64.0166666","172.0","VORKUTA, RS","  26.8"," 8","  21.8"," 8","1005.1"," 8","983.5"," 8","  5.8"," 8"," 18.2"," 8"," 25.3","999.9","  30.9","*","  12.4"," "," 0.00","F"," 60.2","001000"
"23226099999","2019-03-25","67.4833333","64.0166666","172.0","VORKUTA, RS","  29.0"," 8","  22.6"," 8","1005.9"," 8","984.4"," 8","  6.2"," 8"," 16.1"," 7"," 19.4","999.9","  33.8"," ","  22.8","*"," 0.01","F"," 57.1","000000"
"23226099999","2019-03-26","67.4833333","64.0166666","172.0","VORKUTA, RS","  31.7"," 8","  28.7"," 8"," 995.1"," 8","973.9"," 8","  5.6"," 8"," 19.7"," 8"," 27.2","999.9","  34.2"," ","  22.6"," "," 0.05","F"," 57.5","001000"
"23226099999","2019-03-27","67.4833333","64.0166666","172.0","VORKUTA, RS","  22.8"," 8","  21.0"," 8","1003.0"," 8","981.3"," 8","  4.8"," 8"," 14.3"," 8"," 19.4","999.9","  29.7","*","  14.4","*"," 0.11","F"," 57.1","001000"
"23226099999","2019-03-28","67.4833333","64.0166666","172.0","VORKUTA, RS","  24.8"," 8","  22.3"," 8","1012.2"," 8","990.3"," 8","  6.1"," 8"," 14.3"," 8"," 17.5","999.9","  29.5"," ","  14.0"," "," 0.00","F"," 58.3","001000"
"23226099999","2019-03-29","67.4833333","64.0166666","172.0","VORKUTA, RS","  25.4"," 8","  22.3"," 8","1005.6"," 8","983.9"," 8","  6.2"," 8"," 15.5"," 8"," 17.5","999.9","  29.5"," ","  21.7","*"," 0.01","F"," 58.3","001000"
"23226099999","2019-03-30","67.4833333","64.0166666","172.0","VORKUTA, RS","  29.5"," 8","  25.8"," 8"," 984.2"," 8","963.2"," 8","  6.1"," 8"," 19.4"," 8"," 25.3","999.9","  31.5"," ","  21.6"," "," 0.00","F"," 57.9","001000"
"23226099999","2019-03-31","67.4833333","64.0166666","172.0","VORKUTA, RS","  25.9"," 8","  24.1"," 8"," 981.8"," 8","960.6"," 8","  3.7"," 8"," 17.0"," 8"," 19.4","999.9","  29.3"," ","  22.1","*"," 0.06","F"," 55.9","001000"
"23226099999","2019-04-01","67.4833333","64.0166666","172.0","VORKUTA, RS","  24.6"," 8","  22.1"," 8"," 993.4"," 8","972.0"," 8","  5.0"," 8"," 15.1"," 8"," 21.4","999.9","  27.5"," ","  22.5","*"," 0.06","F"," 59.4","001000"
"23226099999","2019-04-02","67.4833333","64.0166666","172.0","VORKUTA, RS","  24.3"," 8","  21.9"," 8","1004.8"," 8","983.2"," 8","  5.4"," 8"," 15.8"," 8"," 19.4","999.9","  26.2"," ","  21.4"," "," 0.04","F"," 59.8","001000"
"23226099999","2019-04-03","67.4833333","64.0166666","172.0","VORKUTA, RS","  24.8"," 8","  23.0"," 8","1014.3"," 8","992.4"," 8","  3.7"," 8"," 14.8"," 8"," 21.4","999.9","  27.1"," ","  21.9"," "," 0.03","F"," 58.7","001000"
"23226099999","2019-04-04","67.4833333","64.0166666","172.0","VORKUTA, RS","  29.1"," 8","  26.1"," 8","1015.1"," 8","993.4"," 8","  5.6"," 8"," 10.9"," 8"," 17.5","999.9","  31.6"," ","  23.9"," "," 0.04","F"," 59.1","001000"
"23226099999","2019-04-05","67.4833333","64.0166666","172.0","VORKUTA, RS","  23.4"," 8","  20.4"," 8","1011.8"," 8","989.9"," 8","  3.9"," 8"," 21.1"," 8"," 29.1","999.9","  29.7","*","  16.9","*"," 0.02","F"," 59.4","001000"
"23226099999","2019-04-06","67.4833333","64.0166666","172.0","VORKUTA, RS","  23.5"," 8","  21.6"," 8","1017.2"," 7","995.3"," 8","  1.4"," 8"," 23.6"," 8"," 31.1","999.9","  26.6"," ","  16.2"," "," 0.17","F"," 56.3","001000"
"23226099999","2019-04-07","67.4833333","64.0166666","172.0","VORKUTA, RS","  23.1"," 8","  19.6"," 8","1016.4"," 8","994.3"," 8","  5.3"," 8"," 12.9"," 8"," 19.4"," 25.3","  26.8","*","  15.8"," "," 0.03","F"," 56.3","001000"
"23226099999","2019-04-08","67.4833333","64.0166666","172.0","VORKUTA, RS","  25.9"," 8","  23.6"," 8","1014.2"," 8","992.3"," 8","  4.8"," 8","  6.6"," 8"," 13.6","999.9","  32.4"," ","  20.7","*"," 0.04","F"," 57.1","101000"
"23226099999","2019-04-09","67.4833333","64.0166666","172.0","VORKUTA, RS","  11.9"," 8","   7.9"," 8","1021.0"," 8","998.4"," 8","  6.2"," 8"," 10.4"," 8"," 15.5","999.9","  19.4","*","   4.6","*"," 0.01","F"," 56.3","001000"
"23226099999","2019-04-10","67.4833333","64.0166666","172.0","VORKUTA, RS","   7.6"," 8","   4.5"," 8","1027.0"," 8","003.9"," 8","  5.6"," 8","  5.3"," 8","  7.8","999.9","  10.8","*","   3.0"," "," 0.02","F"," 56.7","011000"
"23226099999","2019-04-11","67.4833333","64.0166666","172.0","VORKUTA, RS","   9.3"," 8","   4.4"," 8","1019.9"," 8","997.2"," 8","  5.4"," 8","  4.7"," 7","  7.8","999.9","  17.6"," ","   3.6","*"," 0.02","F"," 56.7","001000"
"23226099999","2019-04-12","67.4833333","64.0166666","172.0","VORKUTA, RS","  11.4"," 8","   6.2"," 8","1006.7"," 8","984.4"," 8","  5.6"," 8","  4.9"," 8"," 11.7","999.9","  16.2","*","  -1.3"," "," 0.01","F"," 56.7","001000"
"23226099999","2019-04-13","67.4833333","64.0166666","172.0","VORKUTA, RS","   7.9"," 8","   2.9"," 8","1019.5"," 8","996.8"," 8","  5.3"," 8"," 14.1"," 8"," 23.3","999.9","  10.0"," ","   4.3"," "," 0.09","F"," 57.5","001000"
"23226099999","2019-04-14","67.4833333","64.0166666","172.0","VORKUTA, RS","  17.6"," 8","  14.9"," 8","1016.2"," 8","994.0"," 8","  3.5"," 8"," 12.9"," 8"," 19.4","999.9","  25.7","*","   5.9"," "," 0.04","F"," 57.5","001000"
"23226099999","2019-04-15","67.4833333","64.0166666","172.0","VORKUTA, RS","  18.2"," 7","  16.3"," 6","1002.1"," 7","980.2"," 7","  4.8"," 7"," 13.6"," 7"," 21.4","999.9","  27.1","*","   4.3","*"," 0.16","E"," 57.1","001000"
"23226099999","2019-04-16","67.4833333","64.0166666","172.0","VORKUTA, RS","   0.6"," 8","  -3.6"," 8","1022.8"," 8","999.5"," 8","  3.3"," 8"," 21.4"," 8"," 31.1","999.9","   4.8"," ","  -4.4","*"," 0.03","F"," 55.5","000000"
"23226099999","2019-04-17","67.4833333","64.0166666","172.0","VORKUTA, RS","   8.8"," 8","   5.9"," 8","1021.6"," 8","998.7"," 8","  3.1"," 8"," 15.3"," 7"," 19.4"," 27.2","  28.9","*"," -10.1"," "," 0.02","F"," 53.9","001000"
"23226099999","2019-04-18","67.4833333","64.0166666","172.0","VORKUTA, RS","  29.1"," 8","  27.3"," 8","1010.2"," 8","988.6"," 8","  4.1"," 8"," 15.1"," 8"," 17.5","999.9","  30.6"," ","  15.4"," "," 0.17","F"," 57.5","011000"
"23226099999","2019-04-19","67.4833333","64.0166666","172.0","VORKUTA, RS","  20.3"," 8","  16.9"," 8","1015.1"," 8","993.0"," 8","  5.9"," 8","  9.7"," 8"," 15.5","999.9","  25.3","*","  15.6"," "," 0.02","F"," 57.9","001000"
"23226099999","2019-04-20","67.4833333","64.0166666","172.0","VORKUTA, RS","  27.2"," 8","  25.7"," 8","1014.2"," 8","992.4"," 8","  4.3"," 8","  9.5"," 8"," 17.5","999.9","  31.5"," ","  18.0"," "," 0.08","F"," 61.4","001000"
"23226099999","2019-04-21","67.4833333","64.0166666","172.0","VORKUTA, RS","  31.7"," 8","  30.7"," 8","1007.5"," 8","986.1"," 8","  4.3"," 8"," 15.3"," 8"," 17.5","999.9","  33.3"," ","  29.1"," "," 0.09","F"," 62.2","001000"
"23226099999","2019-04-22","67.4833333","64.0166666","172.0","VORKUTA, RS","  31.8"," 8","  30.8"," 8","1000.9"," 8","979.5"," 8","  1.0"," 8"," 18.2"," 8"," 25.3","999.9","  33.4"," ","  26.2","*"," 0.20","F"," 62.2","101000"
"23226099999","2019-04-23","67.4833333","64.0166666","172.0","VORKUTA, RS","  15.7"," 8","   9.1"," 8","1014.0"," 8","991.7"," 8","  6.2"," 8"," 11.1"," 7"," 19.4","999.9","  18.5"," ","   9.7","*"," 0.02","F"," 60.2","000000"
"23226099999","2019-04-24","67.4833333","64.0166666","172.0","VORKUTA, RS","  17.4"," 8","  10.6"," 8","1016.0"," 8","993.7"," 8","  6.1"," 8","  5.2"," 6","  7.8","999.9","  25.7"," ","   8.2"," "," 0.00","F"," 59.8","001000"
"23226099999","2019-04-25","67.4833333","64.0166666","172.0","VORKUTA, RS","  12.1"," 8","   8.2"," 8","1018.3"," 8","995.8"," 8","  6.1"," 8","  5.6"," 8","  7.8","999.9","  15.6","*","   1.6","*"," 0.01","E"," 59.8","001000"
"23226099999","2019-04-26","67.4833333","64.0166666","172.0","VORKUTA, RS","   6.2"," 8","   2.2"," 8","1014.7"," 8","992.0"," 8","  6.0"," 8","  3.4"," 8","  3.9","999.9","  12.0","*","  -2.7"," "," 0.01","E"," 59.4","001000"
"23226099999","2019-04-27","67.4833333","64.0166666","172.0","VORKUTA, RS","   3.6"," 8","   0.3"," 8","1016.5"," 8","993.5"," 8","  6.2"," 8","  3.9"," 8","  7.8","999.9","  10.8"," ","  -3.3"," "," 0.00","F"," 59.4","001000"
"23226099999","2019-04-28","67.4833333","64.0166666","172.0","VORKUTA, RS","   8.4"," 8","   5.4"," 8","1022.0"," 8","999.2"," 8","  5.3"," 8","  6.4"," 7"," 11.7","999.9","  15.8"," ","   1.0"," "," 0.02","F"," 59.8","001000"
"23226099999","2019-04-29","67.4833333","64.0166666","172.0","VORKUTA, RS","  12.9"," 8","  11.1"," 8","1016.8"," 8","994.3"," 8","  3.7"," 8","  6.8"," 8"," 11.7","999.9","  23.2"," ","  -2.9"," "," 0.02","F"," 60.2","101000"
"23226099999","2019-04-30","67.4833333","64.0166666","172.0","VORKUTA, RS","  11.5"," 8","   9.2"," 8","1007.7"," 8","985.4"," 8","  4.1"," 8"," 10.8"," 7"," 19.4","999.9","  25.7","*","   0.1"," "," 0.01","E"," 60.6","101000"
"23226099999","2019-05-01","67.4833333","64.0166666","172.0","VORKUTA, RS","  22.1"," 8","  18.2"," 8"," 997.3"," 8","975.6"," 8","  4.4"," 8"," 14.6"," 8"," 23.3","999.9","  27.1"," ","  15.8"," "," 0.14","F","999.9","001000"
"23226099999","2019-05-02","67.4833333","64.0166666","172.0","VORKUTA, RS","  22.3"," 8","  17.5"," 8","1002.9"," 8","981.2"," 8","  6.2"," 8","  9.7"," 8"," 15.5","999.9","  26.2"," ","  18.9"," "," 0.00","F","999.9","000000"
"23226099999","2019-05-03","67.4833333","64.0166666","172.0","VORKUTA, RS","  26.5"," 8","  21.1"," 8","1001.1"," 8","979.6"," 8","  6.1"," 8","  8.7"," 8"," 15.5","999.9","  33.3","*","  19.4"," "," 0.00","F","999.9","000000"
"23226099999","2019-05-04","67.4833333","64.0166666","172.0","VORKUTA, RS","  36.3"," 8","  33.6"," 8"," 998.8"," 8","977.7"," 8","  6.1"," 8"," 15.3"," 8"," 19.4","999.9","  38.8"," ","  27.7"," "," 0.09","F","999.9","010000"
"23226099999","2019-05-05","67.4833333","64.0166666","172.0","VORKUTA, RS","  32.1"," 8","  28.8"," 8","1012.5"," 8","991.0"," 8","  5.8"," 8"," 18.2"," 8"," 25.3","999.9","  34.2"," ","  28.6","*"," 0.03","F","999.9","001000"
"23226099999","2019-05-06","67.4833333","64.0166666","172.0","VORKUTA, RS","  33.6"," 8","  28.3"," 8","1016.7"," 8","995.2"," 8","  6.2"," 8"," 10.9"," 8"," 15.5","999.9","  39.2"," ","  26.8"," "," 0.00","F","999.9","000000"
"23226099999","2019-05-07","67.4833333","64.0166666","172.0","VORKUTA, RS","  29.4"," 8","  26.6"," 8","1025.8"," 8","003.8"," 8","  6.2"," 8","  9.2"," 8"," 11.7","999.9","  32.9","*","  26.1","*"," 0.00","I","999.9","000000"
"23226099999","2019-05-08","67.4833333","64.0166666","172.0","VORKUTA, RS","  31.3"," 8","  23.4"," 8","1028.4"," 8","006.5"," 8","  6.2"," 8"," 10.3"," 7"," 15.5","999.9","  33.8"," ","  23.9"," "," 0.00","F","999.9","000000"
"23226099999","2019-05-09","67.4833333","64.0166666","172.0","VORKUTA, RS","  35.8"," 8","  30.3"," 8","1021.6"," 8","000.1"," 8","  5.5"," 8"," 12.6"," 8"," 15.5","999.9","  38.1"," ","  28.0"," "," 0.00","F","999.9","110000"
"23226099999","2019-05-10","67.4833333","64.0166666","172.0","VORKUTA, RS","  32.8"," 8","  30.6"," 8","1029.9"," 8","008.0"," 8","  4.5"," 8"," 11.7"," 8"," 15.5","999.9","  36.3"," ","  30.9","*"," 0.08","F","999.9","100000"
"23226099999","2019-05-11","67.4833333","64.0166666","172.0","VORKUTA, RS","  29.7"," 8","  25.5"," 8","1032.1"," 8","010.1"," 8","  6.0"," 8"," 10.0"," 8"," 15.5","999.9","  32.0","*","  26.4","*"," 0.00","E"," 46.1","001000"
"23226099999","2019-05-12","67.4833333","64.0166666","172.0","VORKUTA, RS","  26.4"," 8","  21.1"," 8","1034.2"," 8","012.0"," 8","  5.7"," 8","  8.9"," 7"," 13.6","999.9","  31.1"," ","  21.0","*"," 0.00","F","999.9","000000"
"23226099999","2019-05-13","67.4833333","64.0166666","172.0","VORKUTA, RS","  25.6"," 8","  17.9"," 8","1031.9"," 8","009.6"," 8","  6.2"," 8","  9.7"," 8"," 15.5","999.9","  29.5"," ","  19.8"," "," 0.00","F"," 44.9","000000"
"23226099999","2019-05-14","67.4833333","64.0166666","172.0","VORKUTA, RS","  27.1"," 8","  18.2"," 8","1034.2"," 8","012.0"," 8","  6.2"," 8","  8.3"," 7"," 11.7","999.9","  32.4"," ","  19.6"," "," 0.00","F"," 44.9","000000"
"23226099999","2019-05-15","67.4833333","64.0166666","172.0","VORKUTA, RS","  31.1"," 8","  23.9"," 8","1027.1"," 8","005.2"," 8","  6.2"," 8"," 12.5"," 7"," 17.5","999.9","  35.4"," ","  19.0"," "," 0.00","F"," 44.9","000000"
"23226099999","2019-05-16","67.4833333","64.0166666","172.0","VORKUTA, RS","  33.9"," 8","  30.3"," 8","1017.0"," 8","995.4"," 8","  3.8"," 8","  7.3"," 8"," 17.5"," 21.4","  38.8"," ","  31.3"," "," 0.16","F"," 44.1","111000"
"23226099999","2019-05-17","67.4833333","64.0166666","172.0","VORKUTA, RS","  33.7"," 8","  31.8"," 8","1007.4"," 8","986.1"," 8","  3.7"," 8","  8.3"," 7"," 13.6","999.9","  36.1","*","  30.7"," "," 0.24","F"," 44.5","011000"
"23226099999","2019-05-18","67.4833333","64.0166666","172.0","VORKUTA, RS","  35.9"," 8","  29.9"," 8","1003.0"," 8","981.8"," 8","  6.2"," 8"," 15.1"," 8"," 21.4","999.9","  38.3"," ","  32.5"," "," 0.04","F"," 41.3","010000"
"23226099999","2019-05-19","67.4833333","64.0166666","172.0","VORKUTA, RS","  32.0"," 8","  26.2"," 8","1010.0"," 8","988.4"," 8","  5.9"," 8"," 16.5"," 8"," 19.4"," 23.3","  36.9"," ","  24.4","*"," 0.00","F"," 39.4","000000"
"23226099999","2019-05-20","67.4833333","64.0166666","172.0","VORKUTA, RS","  26.5"," 8","  22.5"," 8","1011.1"," 8","989.3"," 8","  6.2"," 8"," 17.5"," 8"," 27.2","999.9","  30.9"," ","  22.5"," "," 0.00","F"," 38.6","000000"
"23226099999","2019-05-21","67.4833333","64.0166666","172.0","VORKUTA, RS","  28.4"," 8","  21.8"," 8","1014.9"," 8","993.2"," 8","  6.2"," 8","  6.1"," 8"," 11.7","999.9","  33.8"," ","  20.8"," "," 0.00","E"," 37.4","000000"
"23226099999","2019-05-22","67.4833333","64.0166666","172.0","VORKUTA, RS","  26.8"," 8","  21.6"," 8","1011.4"," 8","989.6"," 8","  6.1"," 8","  4.4"," 8","  5.8","999.9","  30.0"," ","  24.1"," "," 0.00","F"," 37.0","001000"
"23226099999","2019-05-23","67.4833333","64.0166666","172.0","VORKUTA, RS","  29.4"," 8","  23.9"," 8","1003.5"," 8","982.1"," 8","  5.0"," 8"," 10.5"," 7"," 15.5","999.9","  32.9"," ","  24.1"," "," 0.00","H"," 36.2","001000"
"23226099999","2019-05-24","67.4833333","64.0166666","172.0","VORKUTA, RS","  22.5"," 8","  20.7"," 8"," 992.0"," 8","970.5"," 8","  1.4"," 8"," 25.0"," 8"," 31.1","999.9","  24.8","*","  19.9"," "," 0.16","F"," 37.4","001000"
"23226099999","2019-05-25","67.4833333","64.0166666","172.0","VORKUTA, RS","  25.8"," 8","  24.2"," 8"," 997.2"," 8","975.8"," 8","  1.5"," 8"," 21.6"," 8"," 25.3","999.9","  29.3"," ","  22.1"," "," 0.12","F"," 37.4","001000"
"23226099999","2019-05-26","67.4833333","64.0166666","172.0","VORKUTA, RS","  26.5"," 8","  22.1"," 8","1010.5"," 8","988.8"," 8","  6.1"," 8","  8.5"," 8"," 13.6","999.9","  30.0"," ","  22.1"," "," 0.01","F"," 37.4","001000"
"23226099999","2019-05-27","67.4833333","64.0166666","172.0","VORKUTA, RS","  34.0"," 8","  27.9"," 8","1006.5"," 8","985.2"," 8","  6.1"," 8","  7.0"," 8","  9.7","999.9","  37.6"," ","  24.3"," "," 0.00","F"," 37.0","000000"
"23226099999","2019-05-28","67.4833333","64.0166666","172.0","VORKUTA, RS","  38.5"," 8","  35.8"," 8","1001.7"," 8","980.7"," 8","  6.2"," 8"," 12.1"," 8"," 17.5","999.9","  41.9"," ","  33.1","*"," 0.12","F"," 33.9","010000"
"23226099999","2019-05-29","67.4833333","64.0166666","172.0","VORKUTA, RS","  30.6"," 8","  27.3"," 8","1014.2"," 8","992.6"," 8","  5.9"," 8"," 13.1"," 8"," 15.5","999.9","  32.5"," ","  28.8","*"," 0.12","F"," 29.1","011000"
"23226099999","2019-05-30","67.4833333","64.0166666","172.0","VORKUTA, RS","  29.6"," 8","  26.1"," 8","1015.8"," 8","994.1"," 8","  5.6"," 8"," 11.4"," 8"," 13.6","999.9","  31.3"," ","  27.1"," "," 0.02","F"," 29.5","011100"
"23226099999","2019-05-31","67.4833333","64.0166666","172.0","VORKUTA, RS","  31.0"," 8","  28.7"," 8","1013.6"," 8","992.0"," 8","  5.0"," 8","  5.8"," 8","  7.8","999.9","  33.1"," ","  28.4"," "," 0.04","F"," 28.7","001000"
"23226099999","2019-06-01","67.4833333","64.0166666","172.0","VORKUTA, RS","  35.2"," 8","  29.9"," 8","1012.2"," 8","990.8"," 8","  6.1"," 8","  8.3"," 8"," 15.5","999.9","  40.3","*","  29.7"," "," 0.02","F"," 29.1","000000"
"23226099999","2019-06-02","67.4833333","64.0166666","172.0","VORKUTA, RS","  39.9"," 8","  34.9"," 8","1006.1"," 8","985.0"," 8","  5.9"," 8"," 10.2"," 8"," 19.4","999.9","  43.9"," ","  34.5","*"," 0.12","F"," 26.8","110000"
"23226099999","2019-06-03","67.4833333","64.0166666","172.0","VORKUTA, RS","  41.6"," 8","  36.1"," 8","1004.9"," 8","984.0"," 8","  4.5"," 8"," 10.4"," 8"," 19.4","999.9","  45.9"," ","  32.5"," "," 0.12","F"," 22.8","010000"
"23226099999","2019-06-04","67.4833333","64.0166666","172.0","VORKUTA, RS","  35.3"," 8","  33.3"," 8","1014.2"," 8","992.8"," 8","  5.8"," 8","  7.5"," 8","  9.7","999.9","  37.9"," ","  32.0","*"," 0.20","F"," 20.1","100000"
"23226099999","2019-06-05","67.4833333","64.0166666","172.0","VORKUTA, RS","  36.4"," 8","  30.2"," 8","1020.2"," 8","998.7"," 8","  6.2"," 8","  6.3"," 8","  9.7","999.9","  50.2"," ","  30.2"," "," 0.00","E"," 16.5","000000"
"23226099999","2019-06-06","67.4833333","64.0166666","172.0","VORKUTA, RS","  40.1"," 8","  32.3"," 8","1018.3"," 8","997.0"," 8","  4.7"," 8","  6.7"," 7","  7.8","999.9","  47.7"," ","  31.5"," "," 0.00","F"," 13.0","100000"
"23226099999","2019-06-07","67.4833333","64.0166666","172.0","VORKUTA, RS","  38.3"," 8","  30.4"," 8","1021.6"," 8","000.1"," 8","  5.3"," 8","  7.8"," 8"," 11.7","999.9","  45.3"," ","  31.5","*"," 0.00","F","  8.7","000000"
"23226099999","2019-06-08","67.4833333","64.0166666","172.0","VORKUTA, RS","  42.5"," 8","  29.6"," 8","1019.6"," 8","998.3"," 8","  6.2"," 8","  6.1"," 7","  9.7","999.9","  50.9"," ","  29.7"," "," 0.00","F","  5.1","000000"
"23226099999","2019-06-09","67.4833333","64.0166666","172.0","VORKUTA, RS","  38.7"," 8","  37.1"," 8","1007.6"," 8","986.5"," 8","  3.8"," 8","  9.5"," 8"," 13.6","999.9","  42.8","*","  33.1","*"," 0.43","F","  2.0","010000"
"23226099999","2019-06-10","67.4833333","64.0166666","172.0","VORKUTA, RS","  36.0"," 8","  25.6"," 8","1012.9"," 8","991.5"," 8","  6.1"," 8","  7.5"," 8","  9.7","999.9","  41.0"," ","  32.4"," "," 0.00","F","  0.4","001000"
"23226099999","2019-06-11","67.4833333","64.0166666","172.0","VORKUTA, RS","  36.5"," 8","  31.1"," 8","1006.4"," 8","985.2"," 8","  6.2"," 8","  6.6"," 8","  7.8","999.9","  40.5"," ","  30.9","*"," 0.04","F","  0.4","010000"
"23226099999","2019-06-12","67.4833333","64.0166666","172.0","VORKUTA, RS","  34.0"," 8","  27.7"," 8","1003.1"," 8","981.9"," 8","  5.5"," 8","  7.0"," 8"," 11.7","999.9","  38.1"," ","  28.6"," "," 0.02","F","999.9","011000"
"23226099999","2019-06-13","67.4833333","64.0166666","172.0","VORKUTA, RS","  30.9"," 8","  25.3"," 8","1000.7"," 8","979.4"," 8","  4.9"," 8"," 14.1"," 8"," 17.5","999.9","  34.9"," ","  28.0"," "," 0.09","F","  0.4","001000"
"23226099999","2019-06-14","67.4833333","64.0166666","172.0","VORKUTA, RS","  32.8"," 8","  28.3"," 8","1002.4"," 8","981.1"," 8","  5.7"," 8"," 12.9"," 8"," 17.5","999.9","  38.1"," ","  26.2"," "," 0.04","F","  0.4","011000"
"23226099999","2019-06-15","67.4833333","64.0166666","172.0","VORKUTA, RS","  34.7"," 8","  33.3"," 7"," 999.3"," 8","978.2"," 8","  5.6"," 8","  9.0"," 8"," 11.7","999.9","  39.6"," ","  27.7","*"," 0.04","F","999.9","011000"
"23226099999","2019-06-16","67.4833333","64.0166666","172.0","VORKUTA, RS","  38.5"," 8","  34.0"," 8"," 996.9"," 8","976.0"," 8","  5.7"," 8"," 12.4"," 8"," 15.5","999.9","  43.0"," ","  32.2"," "," 0.02","F","999.9","011000"
"23226099999","2019-06-17","67.4833333","64.0166666","172.0","VORKUTA, RS","  37.0"," 8","  34.1"," 8"," 996.1"," 8","975.2"," 8","  5.2"," 8"," 12.1"," 8"," 15.5","999.9","  41.9"," ","  31.6"," "," 0.27","F","999.9","011000"
"23226099999","2019-06-18","67.4833333","64.0166666","172.0","VORKUTA, RS","  34.9"," 8","  33.0"," 8"," 997.4"," 8","976.3"," 8","  5.2"," 8","  9.2"," 8"," 11.7","999.9","  38.8"," ","  32.2"," "," 0.12","F","999.9","011000"
"23226099999","2019-06-19","67.4833333","64.0166666","172.0","VORKUTA, RS","  34.2"," 7","  30.3"," 7","1002.0"," 7","981.2"," 7","  6.2"," 7","  8.6"," 7"," 11.7","999.9","  38.5","*","  31.3"," "," 0.02","E","999.9","011000"
"23226099999","2019-06-20","67.4833333","64.0166666","172.0","VORKUTA, RS","  38.9"," 8","  32.6"," 8","1005.4"," 8","984.3"," 8","  6.2"," 8","  7.5"," 8"," 11.7","999.9","  43.3"," ","  32.4"," "," 0.02","F","999.9","011000"
"23226099999","2019-06-21","67.4833333","64.0166666","172.0","VORKUTA, RS","  40.2"," 8","  31.1"," 8","1007.8"," 8","986.8"," 8","  6.1"," 8"," 11.4"," 8"," 15.5","999.9","  47.7"," ","  35.2"," "," 0.00","F","999.9","010000"
"23226099999","2019-06-22","67.4833333","64.0166666","172.0","VORKUTA, RS","  40.8"," 8","  34.3"," 8","1008.9"," 8","987.8"," 8","  6.1"," 8","  8.5"," 8"," 13.6","999.9","  46.8"," ","  35.2"," "," 0.02","F","999.9","010000"
"23226099999","2019-06-23","67.4833333","64.0166666","172.0","VORKUTA, RS","  47.4"," 8","  37.0"," 8","1003.3"," 8","982.5"," 8","  5.0"," 8","  4.9"," 8","  7.8","999.9","  56.3"," ","  35.1"," "," 0.02","F","999.9","010000"
"23226099999","2019-06-24","67.4833333","64.0166666","172.0","VORKUTA, RS","  37.9"," 8","  34.9"," 8","1006.1"," 8","985.0"," 8","  5.0"," 8"," 10.0"," 8"," 13.6"," 21.4","  41.5","*","  34.0","*"," 0.37","F","999.9","010000"
"23226099999","2019-06-25","67.4833333","64.0166666","172.0","VORKUTA, RS","  39.9"," 8","  35.1"," 8","1014.3"," 8","993.1"," 8","  6.2"," 8"," 12.6"," 8"," 17.5","999.9","  46.2"," ","  33.6"," "," 0.01","F","999.9","010000"
"23226099999","2019-06-26","67.4833333","64.0166666","172.0","VORKUTA, RS","  43.8"," 8","  39.0"," 8","1015.8"," 8","994.7"," 8","  5.8"," 8","  9.5"," 8"," 15.5","999.9","  51.1"," ","  36.7"," "," 0.02","F","999.9","010000"
"23226099999","2019-06-27","67.4833333","64.0166666","172.0","VORKUTA, RS","  53.7"," 8","  38.7"," 8","1013.0"," 8","992.4"," 8","  6.2"," 8","  8.7"," 8"," 11.7","999.9","  61.9"," ","  40.8"," "," 0.00","F","999.9","000000"
"23226099999","2019-06-28","67.4833333","64.0166666","172.0","VORKUTA, RS","  58.9"," 8","  41.8"," 8","1012.0"," 8","991.7"," 8","  6.2"," 8","  4.7"," 7","  7.8","999.9","  69.8"," ","  45.7"," "," 0.00","F","999.9","000000"
"23226099999","2019-06-29","67.4833333","64.0166666","172.0","VORKUTA, RS","  65.1"," 8","  39.4"," 8","1012.0"," 8","992.0"," 8","  6.2"," 8","  8.7"," 8"," 13.6","999.9","  73.9"," ","  47.5"," "," 0.00","F","999.9","000000"
"23226099999","2019-06-30","67.4833333","64.0166666","172.0","VORKUTA, RS","  61.1"," 8","  47.4"," 8","1007.2"," 8","987.0"," 8","  6.1"," 8"," 17.5"," 8"," 21.4","999.9","  69.6"," ","  56.1","*"," 0.08","F","999.9","010000"
"23226099999","2019-07-01","67.4833333","64.0166666","172.0","VORKUTA, RS","  68.8"," 8","  56.0"," 8","1006.3"," 8","986.5"," 8","  6.2"," 8"," 12.6"," 8"," 17.5"," 27.2","  77.9","*","  59.4"," "," 0.01","E","999.9","000000"
"23226099999","2019-07-02","67.4833333","64.0166666","172.0","VORKUTA, RS","  74.2"," 8","  53.2"," 8","1008.0"," 8","988.3"," 8","  6.2"," 8"," 11.2"," 8"," 17.5","999.9","  84.0"," ","  57.6"," "," 0.00","F","999.9","000000"
"23226099999","2019-07-03","67.4833333","64.0166666","172.0","VORKUTA, RS","  75.7"," 8","  53.9"," 8","1006.8"," 8","987.2"," 8","  6.2"," 8"," 11.7"," 8"," 15.5","999.9","  84.0"," ","  63.3"," "," 0.00","F","999.9","000000"
"23226099999","2019-07-04","67.4833333","64.0166666","172.0","VORKUTA, RS","  75.0"," 8","  58.4"," 8","1002.8"," 8","983.3"," 8","  6.2"," 8","  9.7"," 8"," 13.6","999.9","  86.0"," ","  66.9","*"," 0.00","F","999.9","010010"
"23226099999","2019-07-05","67.4833333","64.0166666","172.0","VORKUTA, RS","  69.6"," 8","  58.1"," 8"," 998.6"," 8","979.0"," 8","  6.1"," 8"," 11.4"," 8"," 15.5"," 25.3","  78.8","*","  57.7","*"," 0.08","E","999.9","010000"
"23226099999","2019-07-06","67.4833333","64.0166666","172.0","VORKUTA, RS","  58.4"," 8","  41.7"," 8","1000.5"," 8","980.4"," 8","  6.2"," 8"," 11.9"," 8"," 17.5","999.9","  66.7"," ","  44.8","*"," 0.00","E","999.9","000000"
"23226099999","2019-07-07","67.4833333","64.0166666","172.0","VORKUTA, RS","  50.4"," 8","  39.7"," 8","1003.2"," 8","982.6"," 8","  6.2"," 8"," 12.9"," 8"," 13.6"," 21.4","  57.0"," ","  42.4"," "," 0.00","F","999.9","000000"
"23226099999","2019-07-08","67.4833333","64.0166666","172.0","VORKUTA, RS","  52.9"," 8","  38.8"," 8","1005.6"," 8","985.2"," 8","  6.2"," 8"," 11.4"," 8"," 13.6","999.9","  62.2"," ","  40.5","*"," 0.00","F","999.9","000000"
"23226099999","2019-07-09","67.4833333","64.0166666","172.0","VORKUTA, RS","  49.5"," 8","  39.4"," 8","1005.4"," 8","984.8"," 8","  6.2"," 8","  6.1"," 8","  7.8","999.9","  58.3"," ","  38.5"," "," 0.00","E","999.9","000000"
"23226099999","2019-07-10","67.4833333","64.0166666","172.0","VORKUTA, RS","  55.3"," 8","  45.7"," 8","1003.2"," 8","982.9"," 8","  6.2"," 8","  8.3"," 8"," 13.6"," 19.4","  62.1"," ","  42.1"," "," 0.02","F","999.9","000000"
"23226099999","2019-07-11","67.4833333","64.0166666","172.0","VORKUTA, RS","  60.3"," 8","  53.3"," 8"," 996.6"," 8","976.6"," 8","  6.2"," 8"," 11.4"," 7"," 15.5","999.9","  70.9"," ","  54.7","*"," 0.13","F","999.9","010000"
"23226099999","2019-07-12","67.4833333","64.0166666","172.0","VORKUTA, RS","  53.3"," 8","  46.5"," 8","1008.2"," 8","987.7"," 8","  5.7"," 8"," 11.3"," 6"," 17.5"," 19.4","  61.2"," ","  46.2","*"," 0.01","E","999.9","010000"
"23226099999","2019-07-13","67.4833333","64.0166666","172.0","VORKUTA, RS","  60.6"," 8","  46.5"," 8","1014.9"," 8","994.5"," 8","  6.2"," 8","  7.5"," 8"," 13.6"," 19.4","  71.6","*","  42.4"," "," 0.00","H","999.9","010000"
"23226099999","2019-07-14","67.4833333","64.0166666","172.0","VORKUTA, RS","  59.2"," 8","  53.9"," 8","1007.3"," 8","987.0"," 8","  6.2"," 8"," 12.6"," 8"," 17.5","999.9","  64.0"," ","  48.6","*"," 0.20","F","999.9","000000"
"23226099999","2019-07-15","67.4833333","64.0166666","172.0","VORKUTA, RS","  49.8"," 8","  46.8"," 8","1012.3"," 8","991.5"," 8","  5.5"," 8","  7.3"," 8"," 11.7","999.9","  53.1"," ","  45.0"," "," 0.13","F","999.9","010000"
"23226099999","2019-07-16","67.4833333","64.0166666","172.0","VORKUTA, RS","  60.8"," 8","  53.4"," 8","1010.4"," 8","990.2"," 8","  6.2"," 8"," 11.9"," 8"," 13.6","999.9","  71.8"," ","  43.2"," "," 0.00","F","999.9","000000"
"23226099999","2019-07-17","67.4833333","64.0166666","172.0","VORKUTA, RS","  71.0"," 8","  62.0"," 8","1009.2"," 8","989.4"," 8","  5.8"," 8","  7.0"," 8","  9.7","999.9","  82.8"," ","  52.0","*"," 0.00","F","999.9","010010"
"23226099999","2019-07-18","67.4833333","64.0166666","172.0","VORKUTA, RS","  60.1"," 8","  58.9"," 8","1010.2"," 8","990.0"," 8","  5.0"," 8","  8.3"," 8","  9.7","999.9","  65.3","*","  51.4"," "," 1.42","F","999.9","010010"
"23226099999","2019-07-19","67.4833333","64.0166666","172.0","VORKUTA, RS","  67.2"," 8","  59.9"," 8","1008.7"," 8","988.9"," 8","  5.6"," 8","  7.8"," 7"," 11.7","999.9","  77.2"," ","  57.6"," "," 0.16","F","999.9","000000"
"23226099999","2019-07-20","67.4833333","64.0166666","172.0","VORKUTA, RS","  60.3"," 8","  54.5"," 8","1011.0"," 8","990.7"," 8","  6.2"," 8","  7.5"," 7"," 11.7","999.9","  64.4"," ","  57.6"," "," 0.01","F","999.9","010000"
"23226099999","2019-07-21","67.4833333","64.0166666","172.0","VORKUTA, RS","  65.1"," 8","  54.9"," 8","1012.4"," 8","992.3"," 8","  6.2"," 8","  4.9"," 8","  9.7","999.9","  75.2"," ","  53.6"," "," 0.00","F","999.9","000000"
"23226099999","2019-07-22","67.4833333","64.0166666","172.0","VORKUTA, RS","  56.6"," 8","  48.5"," 8","1014.8"," 8","994.3"," 8","  6.2"," 8"," 10.9"," 8"," 15.5","999.9","  68.0"," ","  48.6","*"," 0.00","F","999.9","000000"
"23226099999","2019-07-23","67.4833333","64.0166666","172.0","VORKUTA, RS","  57.7"," 8","  46.5"," 8","1016.2"," 8","995.7"," 8","  6.2"," 8","  8.7"," 8"," 11.7","999.9","  69.4"," ","  43.2","*"," 0.00","F","999.9","000000"
"23226099999","2019-07-24","67.4833333","64.0166666","172.0","VORKUTA, RS","  55.6"," 8","  39.0"," 8","1018.1"," 8","997.5"," 8","  6.2"," 8","  7.8"," 8"," 11.7","999.9","  67.6"," ","  39.9"," "," 0.00","F","999.9","000000"
"23226099999","2019-07-25","67.4833333","64.0166666","172.0","VORKUTA, RS","  61.7"," 8","  43.0"," 8","1017.3"," 8","996.9"," 8","  6.2"," 8","  4.4"," 7","  5.8","999.9","  73.8"," ","  39.9"," "," 0.00","F","999.9","000000"
"23226099999","2019-07-26","67.4833333","64.0166666","172.0","VORKUTA, RS","  49.2"," 8","  46.7"," 8","1010.0"," 8","989.3"," 8","  4.9"," 8"," 11.7"," 8"," 15.5","999.9","  58.5"," ","  44.2","*"," 0.01","F","999.9","010000"
"23226099999","2019-07-27","67.4833333","64.0166666","172.0","VORKUTA, RS","  46.5"," 8","  43.1"," 8","1006.6"," 8","985.8"," 8","  5.2"," 8","  9.0"," 8"," 13.6","999.9","  52.7"," ","  37.4","*"," 0.16","F","999.9","110000"
"23226099999","2019-07-28","67.4833333","64.0166666","172.0","VORKUTA, RS","  46.3"," 8","  36.7"," 8","1006.0"," 8","985.2"," 8","  6.2"," 8","  8.0"," 8"," 11.7","999.9","  56.3"," ","  34.3"," "," 0.00","F","999.9","000000"
"23226099999","2019-07-29","67.4833333","64.0166666","172.0","VORKUTA, RS","  50.7"," 8","  43.2"," 8","1004.8"," 8","984.2"," 8","  5.7"," 8"," 16.8"," 8"," 21.4"," 31.1","  56.1","*","  40.5"," "," 0.16","F","999.9","010000"
"23226099999","2019-07-30","67.4833333","64.0166666","172.0","VORKUTA, RS","  62.4"," 8","  53.8"," 8","1000.0"," 8","980.0"," 8","  6.2"," 8"," 16.8"," 8"," 23.3","999.9","  68.2"," ","  51.6"," "," 0.01","F","999.9","010000"
"23226099999","2019-07-31","67.4833333","64.0166666","172.0","VORKUTA, RS","  61.7"," 8","  56.4"," 8"," 994.6"," 8","974.8"," 8","  6.0"," 8"," 11.2"," 8"," 15.5"," 19.4","  69.4"," ","  56.1","*"," 0.02","E","999.9","010000"
"23226099999","2019-08-01","67.4833333","64.0166666","172.0","VORKUTA, RS","  55.7"," 8","  51.2"," 8"," 995.6"," 8","975.4"," 8","  5.3"," 8"," 12.4"," 8"," 19.4"," 21.4","  62.2","*","  49.6","*"," 0.08","E","999.9","110000"
"23226099999","2019-08-02","67.4833333","64.0166666","172.0","VORKUTA, RS","  54.8"," 8","  50.6"," 8"," 996.7"," 8","976.5"," 8","  5.0"," 8","  9.7"," 8"," 11.7","999.9","  62.1"," ","  47.5"," "," 0.08","F","999.9","110000"
"23226099999","2019-08-03","67.4833333","64.0166666","172.0","VORKUTA, RS","  61.8"," 8","  56.8"," 8"," 987.7"," 8","968.0"," 8","  6.2"," 8"," 12.9"," 8"," 17.5"," 21.4","  70.9"," ","  51.8"," "," 0.47","F","999.9","000010"
"23226099999","2019-08-04","67.4833333","64.0166666","172.0","VORKUTA, RS","  57.5"," 8","  50.6"," 8"," 992.6"," 8","972.6"," 8","  6.2"," 8"," 10.7"," 8"," 13.6","999.9","  63.5"," ","  52.3"," "," 0.01","F","999.9","010000"
"23226099999","2019-08-05","67.4833333","64.0166666","172.0","VORKUTA, RS","  54.7"," 8","  47.6"," 8","1002.0"," 8","981.7"," 8","  6.2"," 8","  9.0"," 8"," 13.6","999.9","  62.8"," ","  50.2","*"," 0.03","F","999.9","010000"
"23226099999","2019-08-06","67.4833333","64.0166666","172.0","VORKUTA, RS","  56.2"," 8","  51.3"," 8","1000.6"," 8","980.3"," 8","  5.7"," 8","  8.3"," 8"," 11.7","999.9","  61.3"," ","  48.9"," "," 0.08","F","999.9","010000"
"23226099999","2019-08-07","67.4833333","64.0166666","172.0","VORKUTA, RS","  57.3"," 8","  53.0"," 8"," 990.2"," 8","970.2"," 8","  5.7"," 8"," 10.4"," 8"," 15.5","999.9","  63.1"," ","  49.8","*"," 0.15","F","999.9","010000"
"23226099999","2019-08-08","67.4833333","64.0166666","172.0","VORKUTA, RS","  50.1"," 8","  47.6"," 8"," 989.8"," 8","969.5"," 8","  3.9"," 8"," 13.4"," 8"," 17.5","999.9","  54.9"," ","  44.6","*"," 0.22","F","999.9","010000"
"23226099999","2019-08-09","67.4833333","64.0166666","172.0","VORKUTA, RS","  45.3"," 8","  43.6"," 8","1000.4"," 8","979.7"," 8","  4.3"," 8"," 11.9"," 8"," 15.5"," 19.4","  49.1"," ","  43.3","*"," 0.11","F","999.9","010000"
"23226099999","2019-08-10","67.4833333","64.0166666","172.0","VORKUTA, RS","  43.1"," 8","  38.7"," 8","1009.3"," 8","988.3"," 8","  6.2"," 8","  8.3"," 8"," 11.7","999.9","  47.1"," ","  38.7"," "," 0.03","F","999.9","010000"
"23226099999","2019-08-11","67.4833333","64.0166666","172.0","VORKUTA, RS","  44.4"," 8","  37.6"," 8","1013.5"," 8","992.5"," 8","  6.2"," 8","  5.0"," 7","  7.8","999.9","  49.5"," ","  36.9","*"," 0.00","F","999.9","010000"
"23226099999","2019-08-12","67.4833333","64.0166666","172.0","VORKUTA, RS","  41.8"," 8","  37.8"," 8","1014.7"," 7","993.5"," 8","  6.2"," 8"," 10.7"," 8"," 11.7","999.9","  47.3"," ","  34.7"," "," 0.03","E","999.9","010000"
"23226099999","2019-08-13","67.4833333","64.0166666","172.0","VORKUTA, RS","  47.9"," 8","  37.9"," 8","1020.2"," 8","999.2"," 8","  6.2"," 8","  4.5"," 6","  5.8","999.9","  57.7","*","  36.7"," "," 0.00","E","999.9","000000"
"23226099999","2019-08-14","67.4833333","64.0166666","172.0","VORKUTA, RS","  50.4"," 8","  47.9"," 8","1014.5"," 8","993.7"," 8","  5.7"," 8","  5.8"," 8","  9.7","999.9","  54.9"," ","  35.4"," "," 0.19","F","999.9","010000"
"23226099999","2019-08-15","67.4833333","64.0166666","172.0","VORKUTA, RS","  54.0"," 7","  51.4"," 7","1012.1"," 7","991.6"," 7","  5.7"," 7","  6.4"," 7","  9.7","999.9","  59.5"," ","  50.7"," "," 0.24","F","999.9","010000"
"23226099999","2019-08-16","67.4833333","64.0166666","172.0","VORKUTA, RS","  56.4"," 8","  51.6"," 8","1006.6"," 8","986.2"," 8","  6.2"," 8"," 11.7"," 8"," 17.5"," 25.3","  61.5","*","  47.7"," "," 0.16","F","999.9","010000"
"23226099999","2019-08-17","67.4833333","64.0166666","172.0","VORKUTA, RS","  48.3"," 8","  47.0"," 8","1011.3"," 8","990.5"," 8","  4.8"," 8"," 12.9"," 8"," 17.5","999.9","  52.9"," ","  42.1","*"," 0.12","F","999.9","010000"
"23226099999","2019-08-18","67.4833333","64.0166666","172.0","VORKUTA, RS","  46.9"," 8","  43.5"," 8","1024.3"," 8","003.2"," 8","  4.7"," 8","  4.2"," 6","  5.8","999.9","  55.9"," ","  39.4"," "," 0.00","F","999.9","000000"
"23226099999","2019-08-19","67.4833333","64.0166666","172.0","VORKUTA, RS","  53.1"," 8","  47.3"," 8","1028.9"," 8","008.0"," 8","  6.2"," 8","999.9"," 0","999.9","999.9","  62.4"," ","  37.2"," "," 0.00","F","999.9","100000"
"23226099999","2019-08-20","67.4833333","64.0166666","172.0","VORKUTA, RS","  58.8"," 8","  50.4"," 8","1026.2"," 8","005.5"," 8","  6.2"," 8","  4.4"," 7","  5.8","999.9","  70.3"," ","  43.5"," "," 0.00","F","999.9","000000"
"23226099999","2019-08-21","67.4833333","64.0166666","172.0","VORKUTA, RS","  58.3"," 8","  49.5"," 8","1020.9"," 8","000.3"," 8","  6.2"," 8","  6.6"," 8","  9.7","999.9","  69.8"," ","  47.1"," "," 0.00","F","999.9","000000"
"23226099999","2019-08-22","67.4833333","64.0166666","172.0","VORKUTA, RS","  52.6"," 8","  50.2"," 8","1014.1"," 8","993.4"," 8","  5.7"," 8","  6.8"," 8"," 11.7","999.9","  59.2"," ","  43.7","*"," 0.08","F","999.9","010000"
"23226099999","2019-08-23","67.4833333","64.0166666","172.0","VORKUTA, RS","  54.8"," 8","  49.6"," 8","1009.2"," 8","988.8"," 8","  5.6"," 8","  4.4"," 8","  7.8","999.9","  63.9"," ","  41.7"," "," 0.00","F","999.9","000000"
"23226099999","2019-08-24","67.4833333","64.0166666","172.0","VORKUTA, RS","  46.4"," 8","  41.6"," 8","1011.2"," 8","990.3"," 8","  6.0"," 8","  8.3"," 8"," 11.7","999.9","  53.4"," ","  36.1","*"," 0.00","F","999.9","000000"
"23226099999","2019-08-25","67.4833333","64.0166666","172.0","VORKUTA, RS","  41.9"," 8","  37.2"," 8","1015.5"," 8","994.3"," 8","  5.8"," 8","  5.8"," 8","  9.7","999.9","  46.2"," ","  33.4"," "," 0.02","E","999.9","010000"
"23226099999","2019-08-26","67.4833333","64.0166666","172.0","VORKUTA, RS","  42.9"," 8","  39.2"," 8","1015.7"," 8","994.6"," 8","  5.8"," 8","  4.7"," 5","  5.8","999.9","  49.5"," ","  37.0"," "," 0.10","F","999.9","010000"
"23226099999","2019-08-27","67.4833333","64.0166666","172.0","VORKUTA, RS","  40.6"," 8","  36.1"," 8","1015.6"," 8","994.4"," 8","  5.5"," 8","  6.8"," 6","  7.8","999.9","  49.6"," ","  31.1","*"," 0.04","F","999.9","100000"
"23226099999","2019-08-28","67.4833333","64.0166666","172.0","VORKUTA, RS","  38.9"," 8","  35.4"," 8","1016.4"," 8","995.1"," 8","  6.2"," 8"," 12.1"," 8"," 15.5","999.9","  44.2"," ","  28.6"," "," 0.01","E","999.9","010000"
"23226099999","2019-08-29","67.4833333","64.0166666","172.0","VORKUTA, RS","  41.0"," 8","  36.6"," 8","1019.2"," 8","998.0"," 8","  6.2"," 8"," 10.2"," 8"," 13.6","999.9","  43.9"," ","  36.7"," "," 0.01","F","999.9","010000"
"23226099999","2019-08-30","67.4833333","64.0166666","172.0","VORKUTA, RS","  41.5"," 8","  39.7"," 8","1019.1"," 8","997.9"," 8","  5.7"," 8","  9.5"," 8","  9.7","999.9","  44.1"," ","  37.8"," "," 0.08","F","999.9","010000"
"23226099999","2019-08-31","67.4833333","64.0166666","172.0","VORKUTA, RS","  46.0"," 8","  43.1"," 8","1013.9"," 7","993.2"," 8","  5.4"," 8"," 13.6"," 8"," 17.5"," 23.3","  48.2","*","  39.4"," "," 0.00","E","999.9","000000"
"23226099999","2019-09-01","67.4833333","64.0166666","172.0","VORKUTA, RS","  45.8"," 8","  42.4"," 8","1014.3"," 8","993.3"," 8","  6.2"," 8"," 14.3"," 8"," 15.5","999.9","  49.3"," ","  42.1","*"," 0.00","F","999.9","000000"
"23226099999","2019-09-02","67.4833333","64.0166666","172.0","VORKUTA, RS","  45.0"," 8","  41.5"," 8","1016.4"," 8","995.4"," 8","  6.2"," 8","  6.6"," 8","  9.7","999.9","  52.7"," ","  40.5"," "," 0.00","F","999.9","000000"
"23226099999","2019-09-03","67.4833333","64.0166666","172.0","VORKUTA, RS","  46.2"," 8","  43.1"," 8","1017.4"," 8","996.4"," 8","  5.8"," 8","  5.3"," 8","  7.8","999.9","  50.5"," ","  39.9"," "," 0.00","F","999.9","000000"
"23226099999","2019-09-04","67.4833333","64.0166666","172.0","VORKUTA, RS","  51.5"," 8","  46.5"," 8","1016.5"," 8","995.8"," 8","  6.2"," 8","  5.8"," 7"," 11.7","999.9","  61.9"," ","  43.0","*"," 0.00","F","999.9","000000"
"23226099999","2019-09-05","67.4833333","64.0166666","172.0","VORKUTA, RS","  54.7"," 8","  46.5"," 8","1014.8"," 8","994.2"," 8","  6.2"," 8","  8.5"," 8"," 13.6","999.9","  68.7"," ","  36.3"," "," 0.00","F","999.9","000000"
"23226099999","2019-09-06","67.4833333","64.0166666","172.0","VORKUTA, RS","  51.8"," 8","  49.4"," 8","1020.2"," 8","999.5"," 8","  5.3"," 8","  4.6"," 8","  5.8","999.9","  59.2"," ","  46.8","*"," 0.00","E","999.9","110000"
"23226099999","2019-09-07","67.4833333","64.0166666","172.0","VORKUTA, RS","  57.2"," 8","  48.6"," 8","1017.1"," 8","996.6"," 8","  5.9"," 8","  9.7"," 8"," 17.5","999.9","  69.1"," ","  42.8"," "," 0.00","F","999.9","000000"
"23226099999","2019-09-08","67.4833333","64.0166666","172.0","VORKUTA, RS","  43.0"," 8","  39.5"," 8","1024.9"," 8","003.6"," 8","  6.2"," 8"," 10.7"," 8"," 15.5","999.9","  50.9","*","  33.6","*"," 0.09","F","999.9","010000"
"23226099999","2019-09-09","67.4833333","64.0166666","172.0","VORKUTA, RS","  42.2"," 8","  36.0"," 8","1025.3"," 8","004.0"," 8","  5.6"," 8"," 10.9"," 8"," 15.5","999.9","  49.3"," ","  30.6"," "," 0.00","F","999.9","010000"
"23226099999","2019-09-10","67.4833333","64.0166666","172.0","VORKUTA, RS","  43.8"," 8","  41.1"," 8","1017.0"," 8","995.9"," 8","  5.8"," 8","  9.0"," 8"," 13.6","999.9","  49.6"," ","  36.9","*"," 0.50","F","999.9","010000"
"23226099999","2019-09-11","67.4833333","64.0166666","172.0","VORKUTA, RS","  40.0"," 8","  36.9"," 8","1022.4"," 8","001.0"," 8","  6.2"," 8","  2.7"," 8","  5.8","999.9","  43.3","*","  34.7"," "," 0.04","F","999.9","010000"
"23226099999","2019-09-12","67.4833333","64.0166666","172.0","VORKUTA, RS","  41.6"," 8","  40.8"," 8","1017.2"," 8","996.0"," 8","  4.2"," 8","  6.3"," 8","  9.7","999.9","  45.3","*","  35.8"," "," 0.28","F","999.9","110000"
"23226099999","2019-09-13","67.4833333","64.0166666","172.0","VORKUTA, RS","  44.7"," 8","  44.0"," 8","1007.9"," 8","987.0"," 8","  3.5"," 8","  6.6"," 8","  7.8","999.9","  46.8"," ","  42.3","*"," 0.31","F","999.9","010000"
"23226099999","2019-09-14","67.4833333","64.0166666","172.0","VORKUTA, RS","  43.0"," 8","  41.0"," 8","1007.4"," 8","986.5"," 8","  5.6"," 8","  5.6"," 8","  5.8","999.9","  46.8"," ","  40.8","*"," 0.08","F","999.9","010000"
"23226099999","2019-09-15","67.4833333","64.0166666","172.0","VORKUTA, RS","  40.6"," 8","  38.9"," 8","1000.6"," 8","979.7"," 8","  5.1"," 8","  7.5"," 8"," 11.7","999.9","  43.9"," ","  37.8","*"," 0.20","F","999.9","010000"
"23226099999","2019-09-16","67.4833333","64.0166666","172.0","VORKUTA, RS","  42.3"," 8","  38.3"," 8"," 993.9"," 8","973.3"," 8","  6.2"," 8","  7.3"," 8"," 11.7","999.9","  51.3"," ","  35.8"," "," 0.08","E","999.9","010000"
"23226099999","2019-09-17","67.4833333","64.0166666","172.0","VORKUTA, RS","  44.8"," 8","  36.9"," 8"," 992.5"," 8","972.0"," 8","  6.2"," 8"," 10.0"," 8"," 11.7","999.9","  53.6"," ","  35.2"," "," 0.02","F","999.9","010000"
"23226099999","2019-09-18","67.4833333","64.0166666","172.0","VORKUTA, RS","  42.5"," 7","  39.5"," 7"," 993.7"," 7","973.0"," 7","  6.2"," 7","  6.7"," 7","  9.7","999.9","  49.1"," ","  34.9","*"," 0.04","F","999.9","010000"
"23226099999","2019-09-19","67.4833333","64.0166666","172.0","VORKUTA, RS","  41.2"," 8","  37.7"," 8"," 994.8"," 8","974.0"," 8","  6.1"," 8","  7.0"," 5"," 11.7","999.9","  51.3"," ","  29.7"," "," 0.00","F","999.9","010000"
"23226099999","2019-09-20","67.4833333","64.0166666","172.0","VORKUTA, RS","  37.1"," 8","  32.5"," 8"," 996.6"," 8","975.6"," 8","  6.2"," 8"," 10.0"," 8"," 11.7","999.9","  43.0"," ","  32.9","*"," 0.00","F","999.9","010000"
"23226099999","2019-09-21","67.4833333","64.0166666","172.0","VORKUTA, RS","  33.0"," 7","  29.5"," 7","1002.5"," 7","981.3"," 7","  4.6"," 7","  9.2"," 7"," 11.7","999.9","  41.4"," ","  28.9"," "," 0.00","E","999.9","100000"
"23226099999","2019-09-22","67.4833333","64.0166666","172.0","VORKUTA, RS","  33.4"," 8","  29.5"," 8","1000.5"," 8","979.3"," 8","  6.2"," 8","  6.7"," 7","  9.7","999.9","  40.1"," ","  24.3"," "," 0.08","F","999.9","011000"
"23226099999","2019-09-23","67.4833333","64.0166666","172.0","VORKUTA, RS","  33.9"," 8","  30.3"," 8"," 986.3"," 8","965.4"," 8","  5.5"," 8"," 16.3"," 8"," 23.3","999.9","  35.8"," ","  29.7"," "," 0.00","F","999.9","011000"
"23226099999","2019-09-24","67.4833333","64.0166666","172.0","VORKUTA, RS","  35.3"," 8","  33.8"," 8"," 984.1"," 8","963.3"," 8","  4.9"," 8"," 12.4"," 8"," 15.5","999.9","  39.2"," ","  32.2","*"," 0.10","F","999.9","011000"
"23226099999","2019-09-25","67.4833333","64.0166666","172.0","VORKUTA, RS","  33.6"," 8","  32.3"," 8"," 986.1"," 8","965.2"," 8","  4.4"," 8"," 10.0"," 8"," 13.6","999.9","  37.2"," ","  31.5"," "," 0.16","F","  0.4","001000"
"23226099999","2019-09-26","67.4833333","64.0166666","172.0","VORKUTA, RS","  33.5"," 8","  32.1"," 8"," 994.0"," 8","972.9"," 8","  6.0"," 8","  4.4"," 7","  5.8","999.9","  38.7"," ","  31.1","*"," 0.12","F","  0.4","011000"
"23226099999","2019-09-27","67.4833333","64.0166666","172.0","VORKUTA, RS","  33.5"," 8","  28.6"," 8","1002.6"," 8","981.4"," 8","  6.2"," 8","  4.2"," 6","  5.8","999.9","  37.4"," ","  28.4"," "," 0.00","F","999.9","000000"
"23226099999","2019-09-28","67.4833333","64.0166666","172.0","VORKUTA, RS","  32.0"," 7","  26.1"," 7","1005.5"," 7","984.1"," 7","  6.2"," 7","  5.8"," 5","  9.7","999.9","  34.0"," ","  29.7"," "," 0.00","F","999.9","000000"
"23226099999","2019-09-29","67.4833333","64.0166666","172.0","VORKUTA, RS","  32.4"," 8","  28.6"," 8","1001.2"," 8","980.0"," 8","  3.8"," 8","  9.2"," 8"," 13.6","999.9","  34.7"," ","  28.8"," "," 0.08","F","999.9","111000"
"23226099999","2019-09-30","67.4833333","64.0166666","172.0","VORKUTA, RS","  36.5"," 8","  35.8"," 8","1002.3"," 8","981.2"," 8","  4.3"," 8","  9.5"," 8"," 11.7","999.9","  41.4"," ","  31.6"," "," 0.23","F","  0.4","111000"
"23226099999","2019-10-01","67.4833333","64.0166666","172.0","VORKUTA, RS","  37.5"," 8","  36.4"," 8","1000.4"," 8","979.3"," 8","  4.5"," 8","  9.0"," 8"," 11.7","999.9","  39.6"," ","  33.8"," "," 0.13","F","999.9","110000"
"23226099999","2019-10-02","67.4833333","64.0166666","172.0","VORKUTA, RS","  42.5"," 6","  38.9"," 6"," 996.3"," 6","975.6"," 6","  4.8"," 6"," 13.6"," 6"," 19.4","999.9","  46.4","*","  36.1"," "," 0.03","E","999.9","100000"
"23226099999","2019-10-03","67.4833333","64.0166666","172.0","VORKUTA, RS","  37.2"," 8","  34.4"," 8"," 996.1"," 8","975.1"," 8","  5.9"," 8"," 13.1"," 8"," 15.5","999.9","  41.5","*","  32.4","*"," 0.04","F","999.9","011000"
"23226099999","2019-10-04","67.4833333","64.0166666","172.0","VORKUTA, RS","  32.8"," 8","  31.9"," 8","1002.2"," 8","980.9"," 8","  4.1"," 8"," 13.1"," 8"," 21.4","999.9","  34.0","*","  31.5"," "," 0.31","F","  0.4","011000"
"23226099999","2019-10-05","67.4833333","64.0166666","172.0","VORKUTA, RS","  33.6"," 8","  32.0"," 8","1005.8"," 8","984.5"," 8","  3.9"," 8","  5.3"," 7","  9.7","999.9","  36.0","*","  30.9"," "," 0.05","F","  0.4","111000"
"23226099999","2019-10-06","67.4833333","64.0166666","172.0","VORKUTA, RS","  32.8"," 8","  30.9"," 8","1002.8"," 8","981.5"," 8","  5.6"," 8"," 16.3"," 8"," 19.4","999.9","  35.4","*","  31.8","*"," 0.07","F","999.9","011000"
"23226099999","2019-10-07","67.4833333","64.0166666","172.0","VORKUTA, RS","  32.1"," 8","  30.4"," 8","1018.3"," 8","996.7"," 8","  5.7"," 8"," 10.7"," 8"," 19.4","999.9","  34.7"," ","  29.5","*"," 0.05","F","  0.4","011000"
"23226099999","2019-10-08","67.4833333","64.0166666","172.0","VORKUTA, RS","  34.7"," 8","  28.8"," 8","1019.1"," 8","997.5"," 8","  5.5"," 8","  9.0"," 8"," 15.5","999.9","  41.5"," ","  26.8"," "," 0.00","F","  0.4","100000"
"23226099999","2019-10-09","67.4833333","64.0166666","172.0","VORKUTA, RS","  35.0"," 8","  31.5"," 8","1016.6"," 8","995.1"," 8","  6.2"," 8","  2.3"," 6","  3.9","999.9","  39.0","*","  32.2"," "," 0.00","E","999.9","000000"
"23226099999","2019-10-10","67.4833333","64.0166666","172.0","VORKUTA, RS","  33.8"," 8","  32.4"," 8","1006.3"," 8","985.0"," 8","  4.1"," 8","  8.7"," 6"," 13.6","999.9","  37.2"," ","  31.1","*"," 0.43","F","999.9","011000"
"23226099999","2019-10-11","67.4833333","64.0166666","172.0","VORKUTA, RS","  30.8"," 8","  26.4"," 8","1012.2"," 8","990.7"," 8","  6.2"," 8"," 12.9"," 8"," 13.6","999.9","  35.1","*","  26.1","*"," 0.12","F","  0.8","000000"
"23226099999","2019-10-12","67.4833333","64.0166666","172.0","VORKUTA, RS","  31.8"," 8","  28.6"," 8","1007.8"," 8","986.4"," 8","  6.2"," 8","  7.8"," 8","  9.7","999.9","  37.2","*","  23.5"," "," 0.00","E","  0.4","000000"
"23226099999","2019-10-13","67.4833333","64.0166666","172.0","VORKUTA, RS","  33.7"," 8","  29.5"," 8","1004.8"," 8","983.6"," 8","  6.2"," 8","  8.7"," 8"," 11.7","999.9","  39.7"," ","  30.6","*"," 0.00","F","  0.4","000000"
"23226099999","2019-10-14","67.4833333","64.0166666","172.0","VORKUTA, RS","  32.8"," 8","  30.5"," 8"," 999.1"," 8","977.9"," 8","  6.2"," 8","  6.1"," 8","  7.8","999.9","  36.1"," ","  29.3"," "," 0.04","F","999.9","000000"
"23226099999","2019-10-15","67.4833333","64.0166666","172.0","VORKUTA, RS","  31.4"," 8","  28.0"," 8","1002.6"," 8","981.3"," 8","  6.2"," 8"," 11.7"," 8"," 15.5","999.9","  33.8"," ","  28.8","*"," 0.00","F","  0.4","000000"
"23226099999","2019-10-16","67.4833333","64.0166666","172.0","VORKUTA, RS","  23.7"," 8","  16.8"," 8","1017.4"," 8","995.4"," 8","  6.2"," 8"," 11.4"," 8"," 15.5","999.9","  27.3"," ","  19.6","*"," 0.00","F","999.9","000000"
"23226099999","2019-10-17","67.4833333","64.0166666","172.0","VORKUTA, RS","  23.8"," 8","  19.7"," 8","1021.8"," 8","999.7"," 8","  6.2"," 8","  6.6"," 8","  9.7","999.9","  29.1"," ","  18.1"," "," 0.00","F","999.9","001000"
"23226099999","2019-10-18","67.4833333","64.0166666","172.0","VORKUTA, RS","  23.2"," 8","  18.7"," 8","1025.5"," 8","003.3"," 8","  6.1"," 8","  2.6"," 6","  3.9","999.9","  25.0"," ","  16.5"," "," 0.00","F","999.9","001000"
"23226099999","2019-10-19","67.4833333","64.0166666","172.0","VORKUTA, RS","  21.3"," 8","  17.1"," 8","1022.1"," 8","999.9"," 8","  5.4"," 8"," 12.9"," 8"," 17.5","999.9","  23.5","*","  17.4"," "," 0.00","F","  0.4","001000"
"23226099999","2019-10-20","67.4833333","64.0166666","172.0","VORKUTA, RS","  25.0"," 8","  23.3"," 8","1010.1"," 8","988.2"," 8","  2.8"," 8"," 11.2"," 8"," 15.5","999.9","  26.6"," ","  18.9","*"," 0.47","F","  1.2","001000"
"23226099999","2019-10-21","67.4833333","64.0166666","172.0","VORKUTA, RS","  12.6"," 8","   9.3"," 8","1017.3"," 8","994.8"," 8","  6.2"," 8","  5.5"," 6"," 13.6","999.9","  21.7","*","   8.4"," "," 0.01","E","  3.5","000000"
"23226099999","2019-10-22","67.4833333","64.0166666","172.0","VORKUTA, RS","  24.5"," 8","  22.1"," 8"," 999.3"," 8","977.8"," 8","  3.9"," 8","  9.2"," 8"," 19.4","999.9","  28.4"," ","   8.1"," "," 0.20","F","  2.8","001000"
"23226099999","2019-10-23","67.4833333","64.0166666","172.0","VORKUTA, RS","  23.5"," 8","  20.8"," 8"," 991.9"," 8","971.1"," 8","  3.9"," 8"," 10.0"," 8"," 11.7","999.9","  25.0"," ","  19.4"," "," 0.04","E","999.9","001000"
"23226099999","2019-10-24","67.4833333","64.0166666","172.0","VORKUTA, RS","  24.6"," 8","  22.1"," 8"," 994.6"," 8","973.2"," 8","  6.2"," 8"," 14.3"," 8"," 19.4"," 25.3","  27.0"," ","  22.1"," "," 0.16","F","  5.9","001000"
"23226099999","2019-10-25","67.4833333","64.0166666","172.0","VORKUTA, RS","  22.6"," 7","  20.5"," 7"," 999.8"," 7","978.2"," 7","  4.4"," 7"," 14.4"," 7"," 17.5"," 21.4","  24.3","*","  20.1","*"," 0.04","F","  5.1","001000"
"23226099999","2019-10-26","67.4833333","64.0166666","172.0","VORKUTA, RS","  18.6"," 8","  17.5"," 8"," 994.1"," 8","972.3"," 8","  3.4"," 8","  6.8"," 8","  9.7","999.9","  22.1","*","  12.7","*"," 0.00","F","  5.9","101000"
"23226099999","2019-10-27","67.4833333","64.0166666","172.0","VORKUTA, RS","   5.0"," 8","   2.1"," 8"," 987.3"," 8","965.4"," 8","  5.7"," 8","  4.4"," 8","  7.8","999.9","   9.9","*","  -0.9","*"," 0.01","F","  5.5","001000"
"23226099999","2019-10-28","67.4833333","64.0166666","172.0","VORKUTA, RS","  13.1"," 8","  11.2"," 8"," 987.6"," 8","965.9"," 8","  5.0"," 8","  6.8"," 8"," 11.7","999.9","  20.1"," ","  -1.5"," "," 0.07","F","  5.9","001000"
"23226099999","2019-10-29","67.4833333","64.0166666","172.0","VORKUTA, RS","  11.5"," 8","  10.1"," 7"," 991.4"," 8","969.4"," 8","  4.1"," 8"," 13.8"," 8"," 21.4","999.9","  20.3","*","  -0.2"," "," 0.03","F","  5.9","001000"
"23226099999","2019-10-30","67.4833333","64.0166666","172.0","VORKUTA, RS","  17.1"," 8","  15.2"," 8"," 997.8"," 8","975.9"," 8","  4.9"," 8","  8.5"," 8"," 21.4"," 31.1","  21.6","*","  12.4","*"," 0.01","E","999.9","001000"
"23226099999","2019-10-31","67.4833333","64.0166666","172.0","VORKUTA, RS","  20.2"," 8","  18.7"," 8","1007.3"," 8","985.3"," 8","  6.1"," 8","  5.6"," 8","  9.7","999.9","  23.0"," ","  12.4"," "," 0.03","F","  5.9","001000"
"23226099999","2019-11-01","67.4833333","64.0166666","172.0","VORKUTA, RS","  19.4"," 8","  18.5"," 8","1007.8"," 8","985.8"," 8","  3.0"," 8","  3.1"," 7","  3.9","999.9","  21.7"," ","  16.9"," "," 0.16","F","  6.7","001000"
"23226099999","2019-11-02","67.4833333","64.0166666","172.0","VORKUTA, RS","  15.4"," 8","  13.5"," 8","1011.1"," 8","988.9"," 8","  4.5"," 8","  5.2"," 6","  5.8","999.9","  17.8"," ","  12.7","*"," 0.04","F","  7.5","001000"
"23226099999","2019-11-03","67.4833333","64.0166666","172.0","VORKUTA, RS","   2.1"," 8","  -0.0"," 8","1021.6"," 8","998.5"," 8","  4.1"," 8","  5.4"," 5","  7.8","999.9","  12.0","*","  -7.2","*"," 0.04","F","  7.9","101000"
"23226099999","2019-11-04","67.4833333","64.0166666","172.0","VORKUTA, RS","  15.9"," 8","  13.6"," 8","1007.3"," 8","985.2"," 8","  3.4"," 8"," 20.9"," 8"," 31.1","999.9","  22.8","*","  -9.4"," "," 0.08","F","  7.9","001000"
"23226099999","2019-11-05","67.4833333","64.0166666","172.0","VORKUTA, RS","  24.5"," 8","  22.5"," 8"," 994.0"," 8","972.5"," 8","  3.3"," 8"," 16.3"," 8"," 19.4","999.9","  26.6"," ","  17.1"," "," 0.31","F","  2.8","001000"
"23226099999","2019-11-06","67.4833333","64.0166666","172.0","VORKUTA, RS","  18.9"," 8","  17.0"," 8"," 999.2"," 8","977.4"," 8","  3.1"," 8","  9.5"," 8"," 17.5","999.9","  26.6"," ","  10.4","*"," 0.13","F","  3.1","101000"
"23226099999","2019-11-07","67.4833333","64.0166666","172.0","VORKUTA, RS","   3.8"," 6","   1.3"," 6","1008.2"," 6","985.4"," 6","  3.9"," 6","999.9"," 0","999.9","999.9","   8.2","*"," -11.0","*"," 0.01","E","  3.5","001000"
"23226099999","2019-11-08","67.4833333","64.0166666","172.0","VORKUTA, RS","  -1.6"," 8","  -5.4"," 8","1022.2"," 8","998.9"," 8","  4.4"," 8","  4.4"," 8","  7.8","999.9","   4.6"," "," -12.1"," "," 0.03","F","  4.3","001000"
"23226099999","2019-11-09","67.4833333","64.0166666","172.0","VORKUTA, RS","   1.2"," 8","  -2.2"," 8","1029.7"," 8","006.3"," 8","  3.0"," 8","  6.5"," 6","  9.7","999.9","   8.6"," ","  -9.9","*"," 0.12","F","  5.9","101000"
"23226099999","2019-11-10","67.4833333","64.0166666","172.0","VORKUTA, RS","  -6.4"," 8"," -10.6"," 8","1035.3"," 8","011.4"," 8","  4.7"," 8","999.9"," 0","999.9","999.9","   8.8","*"," -13.7","*"," 0.01","F","  6.3","001000"
"23226099999","2019-11-11","67.4833333","64.0166666","172.0","VORKUTA, RS","   7.0"," 8","   3.6"," 8","1021.5"," 8","998.7"," 8","  3.9"," 8","  9.5"," 8"," 15.5","999.9","  12.2"," "," -14.6"," "," 0.10","F","  5.1","001000"
"23226099999","2019-11-12","67.4833333","64.0166666","172.0","VORKUTA, RS"," -12.9"," 8"," -17.2"," 8","1028.3"," 8","003.9"," 8","  5.3"," 8","  3.1"," 5","  5.8","999.9","   1.8","*"," -23.1","*"," 0.01","F","  4.3","001000"
"23226099999","2019-11-13","67.4833333","64.0166666","172.0","VORKUTA, RS"," -19.6"," 8"," -24.6"," 8","1037.9"," 8","013.3"," 8","  5.2"," 8","  3.3"," 7","  5.8","999.9"," -15.2"," "," -23.4"," "," 0.00","F","  4.3","000000"
"23226099999","2019-11-14","67.4833333","64.0166666","172.0","VORKUTA, RS","  -8.8"," 8"," -13.7"," 8","1037.7"," 8","013.6"," 8","  5.0"," 8","999.9"," 0","999.9","999.9","  12.6","*"," -22.7"," "," 0.00","F","  4.3","000000"
"23226099999","2019-11-15","67.4833333","64.0166666","172.0","VORKUTA, RS","  13.0"," 8","   7.1"," 8","1018.0"," 8","995.5"," 8","  3.9"," 8"," 20.9"," 8"," 31.1","999.9","  16.0"," ","  -7.6"," "," 0.02","F","  3.9","001000"
"23226099999","2019-11-16","67.4833333","64.0166666","172.0","VORKUTA, RS","  25.9"," 8","  24.0"," 8","1005.0"," 8","983.3"," 8","  2.3"," 8"," 13.6"," 8"," 17.5","999.9","  31.6"," ","   9.9"," "," 0.79","F","  2.8","001000"
"23226099999","2019-11-17","67.4833333","64.0166666","172.0","VORKUTA, RS","   8.9"," 8","   2.2"," 8","1023.0"," 8","000.2"," 8","  5.6"," 8","  9.5"," 8"," 15.5","999.9","  21.4","*","   1.9","*"," 0.02","E","999.9","001000"
"23226099999","2019-11-18","67.4833333","64.0166666","172.0","VORKUTA, RS","  -7.9"," 8"," -16.3"," 8","1042.1"," 8","018.0"," 8","  6.2"," 8","  3.6"," 8","  5.8","999.9","  -1.7"," "," -15.5","*"," 0.00","F","  5.9","000000"
"23226099999","2019-11-19","67.4833333","64.0166666","172.0","VORKUTA, RS"," -16.7"," 8"," -21.3"," 8","1049.5"," 8","024.7"," 8","  5.6"," 8","  3.2"," 8","  5.8","999.9"," -10.7"," "," -22.2","*"," 0.01","F","  5.9","001000"
"23226099999","2019-11-20","67.4833333","64.0166666","172.0","VORKUTA, RS","  -6.0"," 8"," -10.1"," 8","1035.9"," 8","012.0"," 8","  3.9"," 8"," 12.9"," 8"," 17.5","999.9","   7.2","*"," -25.2"," "," 0.08","F","  5.9","001000"
"23226099999","2019-11-21","67.4833333","64.0166666","172.0","VORKUTA, RS","   8.7"," 8","   5.9"," 8","1025.7"," 8","002.8"," 8","  3.2"," 8"," 12.6"," 8"," 27.2","999.9","  12.6","*","   2.5"," "," 0.15","F","  5.1","011000"
"23226099999","2019-11-22","67.4833333","64.0166666","172.0","VORKUTA, RS","  24.3"," 8","  23.0"," 8","1017.8"," 8","995.9"," 8","  2.9"," 8","  9.0"," 8"," 13.6","999.9","  32.2"," ","   8.8"," "," 0.09","F","  5.5","101000"
"23226099999","2019-11-23","67.4833333","64.0166666","172.0","VORKUTA, RS","  13.3"," 8","  11.2"," 8","1022.7"," 8","000.1"," 8","  4.5"," 8","  4.3"," 5","  5.8","999.9","  27.9","*","   2.3","*"," 0.02","E","  5.5","111000"
"23226099999","2019-11-24","67.4833333","64.0166666","172.0","VORKUTA, RS","  16.6"," 8","  14.8"," 8","1025.2"," 8","002.7"," 8","  2.1"," 8","  5.8"," 5"," 11.7","999.9","  26.8","*","  -0.4"," "," 0.01","F","  5.5","101000"
"23226099999","2019-11-25","67.4833333","64.0166666","172.0","VORKUTA, RS","  19.7"," 8","  17.8"," 8","1014.5"," 8","992.4"," 8","  4.2"," 8"," 13.1"," 8"," 17.5","999.9","  24.3","*","  15.3","*"," 0.11","F","  5.5","001000"
"23226099999","2019-11-26","67.4833333","64.0166666","172.0","VORKUTA, RS","  15.0"," 8","  12.0"," 8","1007.5"," 8","985.3"," 8","  3.1"," 8"," 14.3"," 8"," 17.5"," 19.4","  16.5","*","  13.6"," "," 0.12","F","  5.9","001000"
"23226099999","2019-11-27","67.4833333","64.0166666","172.0","VORKUTA, RS","  17.6"," 8","  15.2"," 8","1000.1"," 8","978.3"," 8","  2.7"," 8"," 10.2"," 8"," 11.7","999.9","  19.6","*","  15.1"," "," 0.21","F","  5.9","001000"
"23226099999","2019-11-28","67.4833333","64.0166666","172.0","VORKUTA, RS","   5.1"," 8","   1.8"," 8","1005.9"," 8","983.3"," 8","  5.1"," 8","  7.4"," 6"," 11.7","999.9","  18.7"," ","  -4.2","*"," 0.17","F","  8.7","001000"
"23226099999","2019-11-29","67.4833333","64.0166666","172.0","VORKUTA, RS","   5.6"," 7","   1.6"," 7","1016.3"," 7","993.5"," 7","  4.2"," 7"," 13.9"," 7"," 23.3","999.9","  16.9","*"," -14.6"," "," 0.00","F","  8.3","001000"
"23226099999","2019-11-30","67.4833333","64.0166666","172.0","VORKUTA, RS","  25.3"," 8","  23.6"," 8","1006.1"," 8","984.4"," 8","  3.7"," 8"," 12.4"," 8"," 15.5","999.9","  32.0","*","  12.7"," "," 0.16","F","  5.5","001000"
"23226099999","2019-12-01","67.4833333","64.0166666","172.0","VORKUTA, RS","  28.3"," 8","  24.9"," 8","1004.4"," 8","982.8"," 8","  6.2"," 8","  9.0"," 8"," 13.6","999.9","  32.0"," ","  24.1","*"," 0.02","F","  5.9","001000"
"23226099999","2019-12-02","67.4833333","64.0166666","172.0","VORKUTA, RS","  21.8"," 8","  19.4"," 8","1001.8"," 8","980.1"," 8","  4.5"," 8","  9.5"," 8"," 15.5","999.9","  26.6"," ","  16.7"," "," 0.03","F","  5.9","001000"
"23226099999","2019-12-03","67.4833333","64.0166666","172.0","VORKUTA, RS","   9.5"," 8","   6.8"," 8","1007.3"," 8","984.9"," 8","  5.4"," 8","  6.3"," 8","  9.7","999.9","  14.5","*","   4.1","*"," 0.05","F","  5.9","101000"
"23226099999","2019-12-04","67.4833333","64.0166666","172.0","VORKUTA, RS","   2.3"," 8","  -0.6"," 8","1007.8"," 8","984.9"," 8","  6.2"," 8","999.9"," 0","999.9","999.9","   6.3"," ","  -2.4","*"," 0.00","F","  5.9","000000"
"23226099999","2019-12-05","67.4833333","64.0166666","172.0","VORKUTA, RS","   1.5"," 8","  -1.7"," 8","1001.5"," 8","978.8"," 8","  4.3"," 8","  2.3"," 6","  3.9","999.9","   9.0"," ","  -4.5","*"," 0.12","F","  5.9","001000"
"23226099999","2019-12-06","67.4833333","64.0166666","172.0","VORKUTA, RS"," -16.0"," 8"," -20.7"," 8"," 987.1"," 8","963.8"," 8","  2.6"," 8","  3.2"," 6","  3.9","999.9"," -10.1","*"," -20.2","*"," 0.02","F","  6.3","100000"
"23226099999","2019-12-07","67.4833333","64.0166666","172.0","VORKUTA, RS"," -17.5"," 8"," -22.2"," 8"," 997.0"," 8","973.4"," 8","  3.4"," 8","  2.3"," 6","  3.9","999.9"," -12.8","*"," -21.6","*"," 0.02","F","  6.3","101000"
"23226099999","2019-12-08","67.4833333","64.0166666","172.0","VORKUTA, RS","   3.4"," 8","  -0.0"," 8"," 999.8"," 8","977.1"," 8","  4.2"," 8"," 15.3"," 7"," 27.2","999.9","  21.0","*"," -23.4"," "," 0.00","F","  6.7","000000"
"23226099999","2019-12-09","67.4833333","64.0166666","172.0","VORKUTA, RS","  26.4"," 8","  24.7"," 8"," 988.0"," 8","966.7"," 8","  3.9"," 8"," 16.8"," 8"," 23.3","999.9","  30.7"," ","  15.8"," "," 0.16","F","  5.1","001000"
"23226099999","2019-12-10","67.4833333","64.0166666","172.0","VORKUTA, RS","  30.2"," 8","  29.3"," 8"," 987.0"," 8","966.0"," 8","  2.4"," 8"," 14.6"," 8"," 17.5"," 23.3","  32.4"," ","  26.8"," "," 0.24","F","  5.5","001000"
"23226099999","2019-12-11","67.4833333","64.0166666","172.0","VORKUTA, RS","  25.6"," 8","  24.3"," 8"," 995.5"," 8","974.1"," 8","  5.0"," 8","  6.7"," 7"," 13.6","999.9","  30.0","*","  24.3","*"," 0.06","F","  7.1","001000"
"23226099999","2019-12-12","67.4833333","64.0166666","172.0","VORKUTA, RS","  21.0"," 8","  19.5"," 8","1004.7"," 8","982.9"," 8","  4.2"," 8","  6.1"," 8","  7.8","999.9","  23.9"," ","  17.2","*"," 0.03","F","  7.5","001000"
"23226099999","2019-12-13","67.4833333","64.0166666","172.0","VORKUTA, RS","  14.2"," 8","  11.7"," 8","1010.5"," 8","988.2"," 8","  3.7"," 8","  2.9"," 8","  3.9","999.9","  16.5"," ","  12.6","*"," 0.02","E","999.9","101000"
"23226099999","2019-12-14","67.4833333","64.0166666","172.0","VORKUTA, RS","  21.7"," 8","  20.4"," 8","1015.1"," 8","993.0"," 8","  2.4"," 8","  4.9"," 8","  7.8","999.9","  25.2","*","  12.9"," "," 0.08","F","  7.9","011000"
"23226099999","2019-12-15","67.4833333","64.0166666","172.0","VORKUTA, RS","  25.4"," 8","  24.6"," 8","1017.5"," 7","995.8"," 8","  4.0"," 8","  6.8"," 8","  9.7","999.9","  27.5","*","  22.6"," "," 0.10","F","  8.3","001000"
"23226099999","2019-12-16","67.4833333","64.0166666","172.0","VORKUTA, RS","  23.7"," 8","  22.4"," 8","1019.2"," 8","997.2"," 8","  4.4"," 8","  6.6"," 8","  7.8","999.9","  25.7","*","  22.1","*"," 0.06","F","  9.1","001000"
"23226099999","2019-12-17","67.4833333","64.0166666","172.0","VORKUTA, RS","  24.4"," 8","  22.6"," 8","1013.8"," 8","991.9"," 8","  5.2"," 8","  5.8"," 8","  7.8","999.9","  25.7","*","  21.6"," "," 0.05","F","  9.1","001000"
"23226099999","2019-12-18","67.4833333","64.0166666","172.0","VORKUTA, RS","  21.1"," 8","  16.8"," 8","1010.7"," 8","988.7"," 8","  6.2"," 8","  4.7"," 7"," 11.7","999.9","  26.2"," ","  16.2","*"," 0.00","F","  9.1","000000"
"23226099999","2019-12-19","67.4833333","64.0166666","172.0","VORKUTA, RS","  15.5"," 8","  11.9"," 8","1007.2"," 8","985.1"," 8","  6.2"," 8","  8.0"," 8"," 13.6","999.9","  18.7"," ","  11.8","*"," 0.00","F","  9.1","000000"
"23226099999","2019-12-20","67.4833333","64.0166666","172.0","VORKUTA, RS","   7.7"," 8","   4.0"," 8","1008.2"," 8","985.6"," 8","  6.2"," 8","  3.1"," 5","  5.8","999.9","  13.6","*","  -0.0","*"," 0.00","F","  9.1","000000"
"23226099999","2019-12-21","67.4833333","64.0166666","172.0","VORKUTA, RS","   2.7"," 8","  -0.2"," 8","1014.1"," 8","991.2"," 8","  4.2"," 8","  5.3"," 8","  7.8","999.9","   6.8","*","  -3.8"," "," 0.01","F","  9.1","001000"
"23226099999","2019-12-22","67.4833333","64.0166666","172.0","VORKUTA, RS","  11.5"," 8","   9.0"," 8","1010.6"," 8","988.2"," 8","  4.0"," 8","  8.0"," 8"," 11.7","999.9","  15.1","*","   5.4"," "," 0.04","F","  9.4","001000"
"23226099999","2019-12-23","67.4833333","64.0166666","172.0","VORKUTA, RS","  -0.1"," 8","  -3.8"," 8","1008.4"," 8","985.5"," 8","  6.2"," 8","  7.8"," 8"," 15.5","999.9","   9.5"," "," -11.0","*"," 0.12","F"," 11.8","001000"
"23226099999","2019-12-24","67.4833333","64.0166666","172.0","VORKUTA, RS"," -21.9"," 8"," -26.5"," 8","1017.7"," 7","993.4"," 7","  5.3"," 8","  2.3"," 6","  3.9","999.9"," -15.9","*"," -28.3","*"," 0.03","F"," 11.8","001000"
"23226099999","2019-12-25","67.4833333","64.0166666","172.0","VORKUTA, RS"," -31.1"," 8"," -36.7"," 8","1024.8"," 8","999.8"," 8","  3.8"," 8","999.9"," 0","999.9","999.9"," -29.2","*"," -32.3"," "," 0.00","F"," 11.8","000000"
"23226099999","2019-12-26","67.4833333","64.0166666","172.0","VORKUTA, RS"," -19.5"," 8"," -24.8"," 8","1025.8"," 8","001.5"," 8","  6.1"," 8","  2.3"," 6","  3.9","999.9","  -9.2","*"," -33.0"," "," 0.00","F"," 11.8","000000"
"23226099999","2019-12-27","67.4833333","64.0166666","172.0","VORKUTA, RS","  -2.8"," 8","  -6.5"," 8","1016.6"," 8","993.3"," 8","  5.6"," 8","  3.9"," 6","  7.8","999.9","   3.2"," "," -12.5"," "," 0.00","F"," 11.8","001000"
"23226099999","2019-12-28","67.4833333","64.0166666","172.0","VORKUTA, RS","   1.4"," 8","  -1.9"," 8","1022.7"," 8","999.5"," 8","  4.1"," 8","  6.8"," 8"," 15.5","999.9","  18.1","*","  -4.5","*"," 0.02","E","999.9","001000"
"23226099999","2019-12-29","67.4833333","64.0166666","172.0","VORKUTA, RS","  13.5"," 8","  11.3"," 8","1013.5"," 8","991.1"," 8","  0.9"," 8"," 20.9"," 8"," 25.3","999.9","  17.1"," ","  -1.5"," "," 0.28","F","  9.8","001000"
"23226099999","2019-12-30","67.4833333","64.0166666","172.0","VORKUTA, RS","  12.3"," 8","   9.4"," 8"," 993.1"," 8","971.1"," 8","  1.5"," 8"," 23.1"," 8"," 29.1","999.9","  16.7","*","   9.5","*"," 0.63","F","  9.1","001000"
"23226099999","2019-12-31","67.4833333","64.0166666","172.0","VORKUTA, RS","  13.0"," 8","  10.4"," 8"," 976.9"," 8","955.3"," 8","  2.7"," 8"," 15.3"," 8"," 15.5"," 25.3","  14.7"," ","  10.0","*"," 0.12","F","  8.7","001000"
