"STATION","DATE","LATITUDE","LONGITUDE","ELEVATION","NAME","TEMP","TEMP_ATTRIBUTES","DEWP","DEWP_ATTRIBUTES","SLP","SLP_ATTRIBUTES","STP","STP_ATTRIBUTES","VISIB","VISIB_ATTRIBUTES","WDSP","WDSP_ATTRIBUTES","MXSPD","GUST","MAX","MAX_ATTRIBUTES","MIN","MIN_ATTRIBUTES","PRCP","PRCP_ATTRIBUTES","SNDP","FRSHTT"
"30935099999","2019-01-01","50.3666666","108.75","771.0","KRASNYJ CHIKOJ, RS"," -29.9"," 8"," -36.8"," 8","1055.8"," 8","946.6"," 8"," 28.0"," 8","  1.9"," 4","  1.9","999.9"," -15.3"," "," -40.5"," "," 0.00","F","  2.8","100000"
"30935099999","2019-01-02","50.3666666","108.75","771.0","KRASNYJ CHIKOJ, RS"," -26.7"," 8"," -34.0"," 8","1048.7"," 8","941.0"," 8"," 24.9"," 8","999.9"," 0","999.9","999.9"," -13.0"," "," -39.1"," "," 0.00","F","  2.8","100000"
"30935099999","2019-01-03","50.3666666","108.75","771.0","KRASNYJ CHIKOJ, RS"," -15.8"," 8"," -22.1"," 8","1046.3"," 8","941.4"," 8"," 18.6"," 8","  4.3"," 5","  5.8","999.9","  -3.6"," "," -30.6"," "," 0.03","F","  2.8","001000"
"30935099999","2019-01-04","50.3666666","108.75","771.0","KRASNYJ CHIKOJ, RS"," -16.6"," 8"," -23.5"," 8","1047.8"," 8","942.5"," 8"," 31.1"," 8","  3.1"," 5","  3.9","999.9","   2.8"," "," -30.3","*"," 0.00","E","  3.1","000000"
"30935099999","2019-01-05","50.3666666","108.75","771.0","KRASNYJ CHIKOJ, RS"," -26.1"," 8"," -32.8"," 8","1046.2"," 8","938.9"," 8"," 31.1"," 8","999.9"," 0","999.9","999.9","  -9.4"," "," -36.6","*"," 0.00","F","  3.1","000000"
"30935099999","2019-01-06","50.3666666","108.75","771.0","KRASNYJ CHIKOJ, RS"," -17.7"," 8"," -24.3"," 8","1047.1"," 8","941.6"," 8"," 21.7"," 8","  3.2"," 6","  5.8","999.9","  -9.9","*"," -38.2"," "," 0.00","F","  3.1","101000"
"30935099999","2019-01-07","50.3666666","108.75","771.0","KRASNYJ CHIKOJ, RS"," -12.3"," 8"," -18.4"," 8","1045.8"," 8","941.7"," 8"," 31.1"," 8","  3.1"," 5","  3.9","999.9","   6.8"," "," -28.8","*"," 0.00","F","  3.1","000000"
"30935099999","2019-01-08","50.3666666","108.75","771.0","KRASNYJ CHIKOJ, RS"," -19.0"," 8"," -24.3"," 8","1034.2"," 8","929.8"," 8"," 31.1"," 8","  1.6"," 6","  1.9","999.9","  -8.9"," "," -31.5"," "," 0.00","E","  3.1","000000"
"30935099999","2019-01-09","50.3666666","108.75","771.0","KRASNYJ CHIKOJ, RS"," -15.2"," 8"," -21.8"," 8","1031.9"," 8","928.5"," 8"," 31.1"," 8","  1.9"," 5","  1.9","999.9","   2.3"," "," -25.1"," "," 0.00","F","  3.1","000000"
"30935099999","2019-01-10","50.3666666","108.75","771.0","KRASNYJ CHIKOJ, RS"," -15.5"," 8"," -21.2"," 8","1030.8"," 8","927.4"," 8"," 28.0"," 8","999.9"," 0","999.9","999.9","   3.2"," "," -26.9"," "," 0.00","F","  3.1","100000"
"30935099999","2019-01-11","50.3666666","108.75","771.0","KRASNYJ CHIKOJ, RS"," -13.2"," 8"," -18.5"," 8","1029.6"," 8","926.9"," 8"," 31.1"," 8","999.9"," 0","999.9","999.9","   0.3"," "," -27.2"," "," 0.00","F","  3.1","000000"
"30935099999","2019-01-12","50.3666666","108.75","771.0","KRASNYJ CHIKOJ, RS","  -7.5"," 8"," -13.2"," 8","1036.1"," 8","934.0"," 8"," 24.9"," 8","999.9"," 0","999.9","999.9","  11.8"," "," -20.7","*"," 0.00","F","  3.1","100000"
"30935099999","2019-01-13","50.3666666","108.75","771.0","KRASNYJ CHIKOJ, RS","  -4.0"," 8"," -13.3"," 8","1039.5"," 8","937.8"," 8"," 28.0"," 8","  4.5"," 6","  5.8","999.9","   6.3"," "," -26.3"," "," 0.00","F","  3.1","000000"
"30935099999","2019-01-14","50.3666666","108.75","771.0","KRASNYJ CHIKOJ, RS"," -13.6"," 8"," -22.8"," 8","1051.8"," 8","946.8"," 8"," 31.1"," 8","  4.2"," 6","  7.8","999.9","  -0.4"," "," -30.3","*"," 0.00","F","  3.1","000000"
"30935099999","2019-01-15","50.3666666","108.75","771.0","KRASNYJ CHIKOJ, RS"," -14.8"," 8"," -21.5"," 8","1039.2"," 8","935.2"," 8"," 28.0"," 8","  1.9"," 7","  1.9","999.9","  -4.7"," "," -32.3"," "," 0.00","F","  3.1","100000"
"30935099999","2019-01-16","50.3666666","108.75","771.0","KRASNYJ CHIKOJ, RS"," -11.6"," 8"," -19.2"," 8","1030.8"," 8","928.3"," 8"," 31.1"," 8","  2.3"," 6","  3.9","999.9","  10.4"," "," -25.1","*"," 0.00","F","  3.1","000000"
"30935099999","2019-01-17","50.3666666","108.75","771.0","KRASNYJ CHIKOJ, RS","  -6.7"," 8"," -12.7"," 8","1034.2"," 8","932.5"," 8"," 31.1"," 8","  2.5"," 7","  3.9","999.9","   6.6"," "," -26.1"," "," 0.00","F","  3.1","000000"
"30935099999","2019-01-18","50.3666666","108.75","771.0","KRASNYJ CHIKOJ, RS","   0.7"," 8","  -5.0"," 8","1038.3"," 8","937.7"," 8"," 31.1"," 8","  3.1"," 7","  5.8","999.9","  18.1"," "," -16.2"," "," 0.00","F","  3.1","000000"
"30935099999","2019-01-19","50.3666666","108.75","771.0","KRASNYJ CHIKOJ, RS","   0.9"," 8","  -4.7"," 8","1040.4"," 8","939.6"," 8"," 28.0"," 8","  3.5"," 5","  3.9","999.9","  15.1"," "," -12.6","*"," 0.00","F","  3.1","000000"
"30935099999","2019-01-20","50.3666666","108.75","771.0","KRASNYJ CHIKOJ, RS","   2.0"," 8","  -7.9"," 8","1032.1"," 8","932.3"," 8"," 31.1"," 8","  3.3"," 7","  7.8","999.9","  19.6"," "," -17.0"," "," 0.00","F","  3.1","000000"
"30935099999","2019-01-21","50.3666666","108.75","771.0","KRASNYJ CHIKOJ, RS","   5.6"," 8","  -6.1"," 8","1027.0"," 8","928.5"," 8"," 28.0"," 8","  3.3"," 7","  5.8","999.9","  20.1"," "," -15.3"," "," 0.00","F","  3.1","100000"
"30935099999","2019-01-22","50.3666666","108.75","771.0","KRASNYJ CHIKOJ, RS","   3.8"," 8","  -5.1"," 8","1029.2"," 8","930.1"," 8"," 31.1"," 8","999.9"," 0","999.9","999.9","  23.2"," ","  -8.7","*"," 0.00","F","  3.1","000000"
"30935099999","2019-01-23","50.3666666","108.75","771.0","KRASNYJ CHIKOJ, RS","   8.8"," 8","   3.3"," 8","1036.8"," 8","938.0"," 8"," 21.7"," 8","  2.3"," 6","  3.9","999.9","  19.6"," ","  -9.6"," "," 0.00","F","  3.1","000000"
"30935099999","2019-01-24","50.3666666","108.75","771.0","KRASNYJ CHIKOJ, RS","   2.0"," 8","  -4.1"," 8","1047.7"," 8","946.4"," 8"," 31.1"," 8","  2.9"," 4","  5.8","999.9","  21.0"," "," -15.0","*"," 0.00","F","  2.8","000000"
"30935099999","2019-01-25","50.3666666","108.75","771.0","KRASNYJ CHIKOJ, RS","  -7.1"," 8"," -12.2"," 8","1043.9"," 8","941.1"," 8"," 31.1"," 8","999.9"," 0","999.9","999.9","   9.1"," "," -19.7"," "," 0.00","F","  2.8","000000"
"30935099999","2019-01-26","50.3666666","108.75","771.0","KRASNYJ CHIKOJ, RS","   5.3"," 8","  -0.8"," 8","1027.4"," 8","928.8"," 8"," 15.1"," 8","  4.9"," 6","  7.8","999.9","  12.4"," "," -14.1"," "," 0.00","F","  2.8","001000"
"30935099999","2019-01-27","50.3666666","108.75","771.0","KRASNYJ CHIKOJ, RS","   1.8"," 8","  -8.7"," 8","1028.9"," 8","929.4"," 8"," 31.1"," 8","  5.4"," 5","  7.8","999.9","  18.3"," "," -15.2","*"," 0.00","F","  2.8","000000"
"30935099999","2019-01-28","50.3666666","108.75","771.0","KRASNYJ CHIKOJ, RS","   1.5"," 8","  -7.5"," 8","1022.0"," 8","923.1"," 8"," 28.0"," 8","  2.2"," 7","  3.9","999.9","  14.7"," "," -17.9"," "," 0.00","F","  2.8","001000"
"30935099999","2019-01-29","50.3666666","108.75","771.0","KRASNYJ CHIKOJ, RS","  -3.9"," 8"," -18.5"," 8","1038.9"," 8","937.2"," 8"," 31.1"," 8","  5.6"," 8","  9.7","999.9","   0.9"," ","  -8.3","*"," 0.00","F","  2.8","000000"
"30935099999","2019-01-30","50.3666666","108.75","771.0","KRASNYJ CHIKOJ, RS","  -1.9"," 8"," -16.8"," 8","1033.3"," 8","932.6"," 8"," 31.1"," 8","  6.1"," 7","  9.7","999.9","   7.5"," "," -14.8","*"," 0.00","F","  2.8","000000"
"30935099999","2019-01-31","50.3666666","108.75","771.0","KRASNYJ CHIKOJ, RS","  -3.4"," 8"," -11.3"," 8","1018.2"," 8","918.7"," 8"," 31.1"," 8","  1.9"," 4","  1.9","999.9","   6.3"," "," -19.7"," "," 0.00","F","  2.8","000000"
"30935099999","2019-02-01","50.3666666","108.75","771.0","KRASNYJ CHIKOJ, RS","   3.5"," 8","  -8.5"," 8","1015.9"," 8","918.0"," 8"," 24.9"," 8","  3.4"," 8","  5.8","999.9","  19.0"," ","  -6.9"," "," 0.00","F","  2.8","100000"
"30935099999","2019-02-02","50.3666666","108.75","771.0","KRASNYJ CHIKOJ, RS"," -16.0"," 8"," -29.4"," 8","1039.0"," 8","934.7"," 8"," 31.1"," 8","  4.9"," 8","  9.7","999.9","  -6.0"," "," -31.5","*"," 0.00","F","  2.8","000000"
"30935099999","2019-02-03","50.3666666","108.75","771.0","KRASNYJ CHIKOJ, RS"," -21.4"," 8"," -31.0"," 8","1032.9"," 8","928.1"," 8"," 31.1"," 8","  1.9"," 4","  1.9","999.9","  -5.4"," "," -36.4"," "," 0.00","F","  2.8","000000"
"30935099999","2019-02-04","50.3666666","108.75","771.0","KRASNYJ CHIKOJ, RS"," -16.9"," 8"," -25.6"," 8","1032.4"," 8","928.5"," 8"," 28.0"," 8","  3.1"," 7","  5.8","999.9","  -4.7"," "," -31.5"," "," 0.00","F","  2.8","100000"
"30935099999","2019-02-05","50.3666666","108.75","771.0","KRASNYJ CHIKOJ, RS"," -24.5"," 8"," -35.5"," 8","1041.6"," 8","935.2"," 8"," 31.1"," 8","  4.7"," 7","  7.8","999.9"," -13.4"," "," -33.0","*"," 0.00","F","  2.8","000000"
"30935099999","2019-02-06","50.3666666","108.75","771.0","KRASNYJ CHIKOJ, RS"," -24.9"," 8"," -34.7"," 8","1047.4"," 8","940.3"," 8"," 21.7"," 8","  4.9"," 6","  9.7","999.9"," -12.5"," "," -38.0","*"," 0.00","F","  2.8","000000"
"30935099999","2019-02-07","50.3666666","108.75","771.0","KRASNYJ CHIKOJ, RS"," -23.5"," 7"," -33.0"," 7","1048.5"," 7","941.5"," 7"," 27.5"," 7","  2.3"," 5","  3.9","999.9","  -4.7"," "," -36.9","*"," 0.00","E","999.9","100000"
"30935099999","2019-02-08","50.3666666","108.75","771.0","KRASNYJ CHIKOJ, RS"," -19.7"," 8"," -29.7"," 8","1050.2"," 8","944.0"," 8"," 24.9"," 8","  2.9"," 6","  5.8","999.9","   0.3"," "," -39.3"," "," 0.00","F","  2.8","100000"
"30935099999","2019-02-09","50.3666666","108.75","771.0","KRASNYJ CHIKOJ, RS"," -17.4"," 8"," -25.8"," 8","1049.4"," 8","943.7"," 8"," 31.1"," 8","  4.2"," 6","  7.8","999.9","   0.5"," "," -36.2"," "," 0.00","F","  2.8","000000"
"30935099999","2019-02-10","50.3666666","108.75","771.0","KRASNYJ CHIKOJ, RS"," -17.9"," 8"," -26.7"," 8","1046.6"," 8","941.1"," 8"," 28.0"," 8","  3.9"," 5","  5.8","999.9","  -1.7"," "," -31.9","*"," 0.00","F","  2.8","100000"
"30935099999","2019-02-11","50.3666666","108.75","771.0","KRASNYJ CHIKOJ, RS"," -21.5"," 8"," -30.3"," 8","1051.1"," 8","944.3"," 8"," 31.1"," 8","  1.9"," 5","  1.9","999.9","  -0.6"," "," -35.3","*"," 0.00","F","  2.4","000000"
"30935099999","2019-02-12","50.3666666","108.75","771.0","KRASNYJ CHIKOJ, RS"," -22.1"," 8"," -30.9"," 8","1052.0"," 8","945.0"," 8"," 28.0"," 8","  2.3"," 5","  3.9","999.9","   0.7"," "," -38.7"," "," 0.00","F","  2.4","100000"
"30935099999","2019-02-13","50.3666666","108.75","771.0","KRASNYJ CHIKOJ, RS"," -20.1"," 8"," -28.9"," 8","1048.3"," 8","942.2"," 8"," 31.1"," 8","999.9"," 0","999.9","999.9","  -0.0","*"," -37.7"," "," 0.00","F","  2.4","000000"
"30935099999","2019-02-14","50.3666666","108.75","771.0","KRASNYJ CHIKOJ, RS"," -11.1"," 8"," -20.0"," 8","1043.6"," 8","939.8"," 8"," 28.0"," 8","  3.9"," 5","  7.8","999.9","  12.4"," "," -37.8"," "," 0.00","F","  2.4","100000"
"30935099999","2019-02-15","50.3666666","108.75","771.0","KRASNYJ CHIKOJ, RS","  -3.7"," 8"," -12.9"," 8","1044.0"," 8","941.8"," 8"," 31.1"," 8","  3.9"," 6","  5.8","999.9","  16.7"," "," -22.5"," "," 0.00","F","  2.4","000000"
"30935099999","2019-02-16","50.3666666","108.75","771.0","KRASNYJ CHIKOJ, RS","  -2.1"," 8"," -12.8"," 8","1039.5"," 8","938.1"," 8"," 31.1"," 8","  3.1"," 5","  5.8","999.9","  21.9","*"," -24.5"," "," 0.00","F","  2.4","000000"
"30935099999","2019-02-17","50.3666666","108.75","771.0","KRASNYJ CHIKOJ, RS","  -1.5"," 8"," -11.6"," 8","1029.9"," 8","929.5"," 8"," 31.1"," 8","  1.9"," 4","  1.9","999.9","  27.3"," "," -21.6"," "," 0.00","F","  2.0","000000"
"30935099999","2019-02-18","50.3666666","108.75","771.0","KRASNYJ CHIKOJ, RS","  -4.4"," 8"," -13.0"," 8","1025.7"," 8","925.2"," 8"," 31.1"," 8","  1.9"," 4","  1.9","999.9","  19.4"," "," -22.4"," "," 0.00","F","  2.0","000000"
"30935099999","2019-02-19","50.3666666","108.75","771.0","KRASNYJ CHIKOJ, RS","  -1.5"," 8"," -10.8"," 8","1029.6"," 8","929.3"," 8"," 31.1"," 8","  1.9"," 4","  1.9","999.9","  25.2"," "," -22.2"," "," 0.00","F","  2.0","000000"
"30935099999","2019-02-20","50.3666666","108.75","771.0","KRASNYJ CHIKOJ, RS","   0.3"," 8","  -8.5"," 8","1035.3"," 8","934.9"," 8"," 31.1"," 8","  1.9"," 5","  1.9","999.9","  23.2"," "," -19.1"," "," 0.00","F","  1.6","000000"
"30935099999","2019-02-21","50.3666666","108.75","771.0","KRASNYJ CHIKOJ, RS","   5.1"," 8","  -4.1"," 8","1036.4"," 8","936.8"," 8"," 31.1"," 8","  1.9"," 4","  1.9","999.9","  30.6"," "," -16.4"," "," 0.00","F","  1.6","000000"
"30935099999","2019-02-22","50.3666666","108.75","771.0","KRASNYJ CHIKOJ, RS","  11.0"," 8","   2.7"," 8","1033.2"," 8","935.2"," 8"," 31.1"," 8","  2.2"," 7","  3.9","999.9","  32.4"," "," -13.2"," "," 0.00","F","  1.2","000000"
"30935099999","2019-02-23","50.3666666","108.75","771.0","KRASNYJ CHIKOJ, RS","  16.0"," 8","   6.5"," 8","1033.9"," 8","936.8"," 8"," 31.1"," 8","  4.7"," 7"," 11.7","999.9","  29.1"," ","  -0.9","*"," 0.00","F","  0.8","000000"
"30935099999","2019-02-24","50.3666666","108.75","771.0","KRASNYJ CHIKOJ, RS","  13.0"," 8","   3.4"," 8","1033.1"," 8","935.4"," 8"," 31.1"," 8","  3.9"," 7","  5.8","999.9","  30.6","*","  -5.6"," "," 0.00","F","999.9","000000"
"30935099999","2019-02-25","50.3666666","108.75","771.0","KRASNYJ CHIKOJ, RS","  13.4"," 8","   2.1"," 8","1028.8"," 8","931.6"," 8"," 31.1"," 8","  2.2"," 7","  3.9","999.9","  38.7"," ","  -7.2"," "," 0.00","F","999.9","000000"
"30935099999","2019-02-26","50.3666666","108.75","771.0","KRASNYJ CHIKOJ, RS","  14.0"," 8","   2.8"," 8","1025.8"," 8","928.9"," 8"," 31.1"," 8","  2.7"," 5","  3.9","999.9","  38.3"," ","  -7.1"," "," 0.00","F","999.9","000000"
"30935099999","2019-02-27","50.3666666","108.75","771.0","KRASNYJ CHIKOJ, RS","  14.1"," 8","   3.3"," 8","1024.2"," 8","927.5"," 8"," 31.1"," 8","  1.9"," 6","  1.9","999.9","  38.5"," ","  -4.5"," "," 0.00","F","999.9","000000"
"30935099999","2019-02-28","50.3666666","108.75","771.0","KRASNYJ CHIKOJ, RS","  15.2"," 8","   3.0"," 8","1021.7"," 8","925.5"," 8"," 31.1"," 8","  2.6"," 6","  5.8","999.9","  42.1"," ","  -4.9"," "," 0.00","F","999.9","000000"
"30935099999","2019-03-01","50.3666666","108.75","771.0","KRASNYJ CHIKOJ, RS","  16.9"," 8","   3.9"," 8","1018.1"," 8","922.6"," 8"," 31.1"," 8","  1.9"," 5","  1.9","999.9","  43.9"," ","  -4.2"," "," 0.00","F","999.9","000000"
"30935099999","2019-03-02","50.3666666","108.75","771.0","KRASNYJ CHIKOJ, RS","  18.3"," 8","   7.1"," 8","1019.2"," 8","923.9"," 8"," 31.1"," 8","  3.2"," 6","  7.8","999.9","  38.3"," ","  -0.8"," "," 0.00","F","999.9","000000"
"30935099999","2019-03-03","50.3666666","108.75","771.0","KRASNYJ CHIKOJ, RS","  20.7"," 8","  11.5"," 8","1020.3"," 8","925.4"," 8"," 31.1"," 8","  1.9"," 4","  1.9","999.9","  38.3"," ","   0.1"," "," 0.00","F","999.9","000000"
"30935099999","2019-03-04","50.3666666","108.75","771.0","KRASNYJ CHIKOJ, RS","  21.4"," 8","  12.1"," 8","1026.5"," 8","931.1"," 8"," 31.1"," 8","  5.2"," 6"," 11.7","999.9","  39.9"," ","   5.4","*"," 0.00","F","999.9","000000"
"30935099999","2019-03-05","50.3666666","108.75","771.0","KRASNYJ CHIKOJ, RS","  17.1"," 8","   4.4"," 8","1032.3"," 8","935.5"," 8"," 31.1"," 8","  2.3"," 6","  3.9","999.9","  37.2"," ","  -0.9"," "," 0.00","F","999.9","000000"
"30935099999","2019-03-06","50.3666666","108.75","771.0","KRASNYJ CHIKOJ, RS","  20.5"," 8","   6.9"," 8","1027.1"," 8","931.4"," 8"," 31.1"," 8","  1.9"," 5","  1.9","999.9","  45.3"," ","   0.9"," "," 0.00","F","999.9","000000"
"30935099999","2019-03-07","50.3666666","108.75","771.0","KRASNYJ CHIKOJ, RS","  28.5"," 8","  12.5"," 8","1018.5"," 8","925.2"," 8"," 31.1"," 8","  2.9"," 6","  5.8","999.9","  43.0"," ","   5.9"," "," 0.00","F","999.9","000000"
"30935099999","2019-03-08","50.3666666","108.75","771.0","KRASNYJ CHIKOJ, RS","  22.8"," 8","   5.4"," 8","1027.3"," 8","932.0"," 8"," 31.1"," 8","  4.2"," 7","  7.8","999.9","  36.7"," ","   2.8","*"," 0.00","F","999.9","000000"
"30935099999","2019-03-09","50.3666666","108.75","771.0","KRASNYJ CHIKOJ, RS","  19.5"," 8","   5.2"," 8","1025.3"," 8","929.6"," 8"," 31.1"," 8","  3.6"," 7","  7.8","999.9","  40.3"," ","  -2.2"," "," 0.00","F","999.9","000000"
"30935099999","2019-03-10","50.3666666","108.75","771.0","KRASNYJ CHIKOJ, RS","  19.4"," 8","   8.6"," 8","1024.9"," 8","929.2"," 8"," 24.9"," 8","  5.8"," 8"," 11.7","999.9","  31.6"," ","   2.7"," "," 0.00","F","999.9","000000"
"30935099999","2019-03-11","50.3666666","108.75","771.0","KRASNYJ CHIKOJ, RS","  15.8"," 8","   0.4"," 8","1027.8"," 8","931.2"," 8"," 31.1"," 8","  5.8"," 7","  9.7","999.9","  29.1"," ","   3.4","*"," 0.00","F","999.9","000000"
"30935099999","2019-03-12","50.3666666","108.75","771.0","KRASNYJ CHIKOJ, RS","  25.1"," 8","   8.1"," 8","1023.4"," 8","929.0"," 8"," 31.1"," 8","  3.6"," 7","  7.8","999.9","  37.8"," ","  -0.0"," "," 0.00","F","999.9","000000"
"30935099999","2019-03-13","50.3666666","108.75","771.0","KRASNYJ CHIKOJ, RS","  28.8"," 7","  16.5"," 7","1026.0"," 7","932.1"," 7"," 24.0"," 7","  5.3"," 7","  9.7","999.9","  34.2","*","  21.0"," "," 0.00","H","999.9","001000"
"30935099999","2019-03-14","50.3666666","108.75","771.0","KRASNYJ CHIKOJ, RS","  29.7"," 8","  18.5"," 8","1025.7"," 8","931.9"," 8"," 24.9"," 8","  4.2"," 7","  7.8","999.9","  39.4"," ","  13.6"," "," 0.01","F","  0.4","000000"
"30935099999","2019-03-15","50.3666666","108.75","771.0","KRASNYJ CHIKOJ, RS","  33.4"," 8","  26.4"," 8","1022.2"," 8","929.5"," 8"," 18.6"," 8","  5.6"," 8","  9.7","999.9","  38.3"," ","  23.9"," "," 0.01","F","999.9","001000"
"30935099999","2019-03-16","50.3666666","108.75","771.0","KRASNYJ CHIKOJ, RS","  34.9"," 8","  22.0"," 8","1016.3"," 8","924.4"," 8"," 31.1"," 8","  3.9"," 6","  5.8","999.9","  55.2"," ","  16.3","*"," 0.01","F","  0.4","000000"
"30935099999","2019-03-17","50.3666666","108.75","771.0","KRASNYJ CHIKOJ, RS","  33.8"," 8","  12.8"," 8","1009.3"," 8","917.7"," 8"," 31.1"," 8","  3.9"," 7","  7.8","999.9","  57.6"," ","  14.4"," "," 0.00","F","999.9","000000"
"30935099999","2019-03-18","50.3666666","108.75","771.0","KRASNYJ CHIKOJ, RS","  31.3"," 8","  16.7"," 8","1008.6"," 8","916.7"," 8"," 28.0"," 8","  6.9"," 7"," 13.6","999.9","  49.6"," ","  15.6"," "," 0.00","F","999.9","000000"
"30935099999","2019-03-19","50.3666666","108.75","771.0","KRASNYJ CHIKOJ, RS","  20.7"," 8","   8.0"," 8","1024.1"," 8","928.8"," 8"," 28.0"," 8","  5.8"," 7","  7.8","999.9","  28.2"," ","   7.0","*"," 0.00","F","999.9","000000"
"30935099999","2019-03-20","50.3666666","108.75","771.0","KRASNYJ CHIKOJ, RS","  16.9"," 8","   8.3"," 8","1030.5"," 8","933.8"," 8"," 24.9"," 8","  5.2"," 6","  7.8","999.9","  28.9"," ","   3.4"," "," 0.00","F","999.9","000000"
"30935099999","2019-03-21","50.3666666","108.75","771.0","KRASNYJ CHIKOJ, RS","  20.3"," 8","  11.6"," 8","1029.1"," 8","933.3"," 8"," 24.9"," 8","  6.2"," 6","  9.7","999.9","  28.8"," ","   6.3"," "," 0.00","F","999.9","001000"
"30935099999","2019-03-22","50.3666666","108.75","771.0","KRASNYJ CHIKOJ, RS","  18.3"," 8","   5.5"," 8","1031.4"," 8","934.9"," 8"," 28.0"," 8","  3.6"," 8","  5.8","999.9","  32.2"," ","   3.4","*"," 0.02","F","  0.4","000000"
"30935099999","2019-03-23","50.3666666","108.75","771.0","KRASNYJ CHIKOJ, RS","  29.0"," 8","   7.3"," 8","1016.9"," 8","923.8"," 8"," 31.1"," 8","  4.2"," 7","  7.8","999.9","  46.8"," ","   0.3"," "," 0.00","F","999.9","000000"
"30935099999","2019-03-24","50.3666666","108.75","771.0","KRASNYJ CHIKOJ, RS","  31.2"," 7","  16.6"," 7","1015.1"," 7","922.6"," 7"," 27.5"," 7","  6.1"," 7","  9.7","999.9","  40.6"," ","  19.8","*"," 0.00","F","999.9","000000"
"30935099999","2019-03-25","50.3666666","108.75","771.0","KRASNYJ CHIKOJ, RS","  32.6"," 8","  19.2"," 8","1015.0"," 8","922.7"," 8"," 28.0"," 8","  3.2"," 8","  3.9","999.9","  43.3"," ","  13.6"," "," 0.00","F","999.9","001000"
"30935099999","2019-03-26","50.3666666","108.75","771.0","KRASNYJ CHIKOJ, RS","  24.1"," 8","   4.9"," 8","1026.9"," 8","932.0"," 8"," 31.1"," 8","  6.3"," 8","  9.7","999.9","  35.4"," ","   8.4","*"," 0.04","F","  0.4","000000"
"30935099999","2019-03-27","50.3666666","108.75","771.0","KRASNYJ CHIKOJ, RS","  21.8"," 8","  -0.4"," 8","1027.4"," 8","932.0"," 8"," 31.1"," 8","  5.6"," 7"," 11.7","999.9","  35.1"," ","   6.1"," "," 0.00","F","999.9","000000"
"30935099999","2019-03-28","50.3666666","108.75","771.0","KRASNYJ CHIKOJ, RS","  22.0"," 8","   7.5"," 8","1022.1"," 8","927.2"," 8"," 28.0"," 8","  5.0"," 7"," 11.7","999.9","  32.5"," ","   8.8"," "," 0.00","F","999.9","000000"
"30935099999","2019-03-29","50.3666666","108.75","771.0","KRASNYJ CHIKOJ, RS","  19.8"," 8","  14.2"," 8","1028.8"," 8","932.9"," 8"," 21.7"," 8","  4.1"," 8","  9.7","999.9","  30.4"," ","  10.6"," "," 0.03","F","999.9","001000"
"30935099999","2019-03-30","50.3666666","108.75","771.0","KRASNYJ CHIKOJ, RS","  23.9"," 8","  19.6"," 8","1027.3"," 8","932.4"," 8"," 21.7"," 8","  4.2"," 6","  5.8","999.9","  34.7"," ","  10.6"," "," 0.04","F","  0.4","001000"
"30935099999","2019-03-31","50.3666666","108.75","771.0","KRASNYJ CHIKOJ, RS","  26.1"," 8","  13.3"," 8","1026.4"," 8","931.9"," 8"," 31.1"," 8","  1.9"," 7","  1.9","999.9","  43.2"," ","   7.2"," "," 0.00","F","999.9","000000"
"30935099999","2019-04-01","50.3666666","108.75","771.0","KRASNYJ CHIKOJ, RS","  30.4"," 8","  11.7"," 8","1025.6"," 8","931.9"," 8"," 31.1"," 8","  2.3"," 5","  3.9","999.9","  51.1"," ","  11.5"," "," 0.00","F","999.9","000000"
"30935099999","2019-04-02","50.3666666","108.75","771.0","KRASNYJ CHIKOJ, RS","  36.2"," 8","  18.9"," 8","1023.3"," 8","930.9"," 8"," 31.1"," 8","  3.6"," 6","  7.8","999.9","  57.0"," ","  16.2"," "," 0.00","F","999.9","000000"
"30935099999","2019-04-03","50.3666666","108.75","771.0","KRASNYJ CHIKOJ, RS","  37.6"," 8","  22.4"," 8","1016.5"," 8","925.0"," 8"," 24.9"," 8","  5.5"," 7"," 15.5","999.9","  61.2"," ","  19.9"," "," 0.00","F","999.9","000000"
"30935099999","2019-04-04","50.3666666","108.75","771.0","KRASNYJ CHIKOJ, RS","  28.3"," 8","   8.1"," 8","1021.6"," 8","927.9"," 8"," 31.1"," 8","  7.1"," 6"," 11.7","999.9","  39.7"," ","  14.9","*"," 0.00","F","999.9","000000"
"30935099999","2019-04-05","50.3666666","108.75","771.0","KRASNYJ CHIKOJ, RS","  25.8"," 8","   5.5"," 8","1023.7"," 8","929.4"," 8"," 31.1"," 8","  6.7"," 7"," 15.5","999.9","  39.4"," ","  12.2","*"," 0.00","F","999.9","000000"
"30935099999","2019-04-06","50.3666666","108.75","771.0","KRASNYJ CHIKOJ, RS","  27.0"," 8","   2.7"," 8","1021.8"," 8","927.8"," 8"," 31.1"," 8","  3.4"," 8","  5.8","999.9","  41.9"," ","  10.0"," "," 0.00","F","999.9","000000"
"30935099999","2019-04-07","50.3666666","108.75","771.0","KRASNYJ CHIKOJ, RS","  25.5"," 8","   0.7"," 8","1021.6"," 8","927.4"," 8"," 31.1"," 8","  2.9"," 6","  3.9","999.9","  41.5"," ","   9.3","*"," 0.00","F","999.9","000000"
"30935099999","2019-04-08","50.3666666","108.75","771.0","KRASNYJ CHIKOJ, RS","  30.5"," 8","   4.3"," 8","1026.3"," 8","932.6"," 8"," 31.1"," 8","  3.2"," 6","  5.8","999.9","  47.8"," ","   7.2"," "," 0.00","F","999.9","000000"
"30935099999","2019-04-09","50.3666666","108.75","771.0","KRASNYJ CHIKOJ, RS","  30.2"," 8","   8.5"," 8","1028.7"," 8","934.8"," 8"," 31.1"," 8","  7.4"," 5"," 11.7","999.9","  45.9"," ","  13.6","*"," 0.00","F","999.9","000000"
"30935099999","2019-04-10","50.3666666","108.75","771.0","KRASNYJ CHIKOJ, RS","  33.5"," 8","  10.8"," 8","1017.9"," 8","925.4"," 8"," 31.1"," 8","  3.6"," 6","  5.8","999.9","  54.3"," ","  11.7"," "," 0.00","F","999.9","000000"
"30935099999","2019-04-11","50.3666666","108.75","771.0","KRASNYJ CHIKOJ, RS","  39.0"," 8","  13.1"," 8","1012.8"," 8","921.8"," 8"," 31.1"," 8","  5.6"," 8"," 15.5","999.9","  53.4"," ","  14.5"," "," 0.00","F","999.9","000000"
"30935099999","2019-04-12","50.3666666","108.75","771.0","KRASNYJ CHIKOJ, RS","  33.6"," 8","   6.3"," 8","1018.8"," 8","926.3"," 8"," 31.1"," 8","  6.6"," 8"," 11.7","999.9","  42.4"," ","  22.5","*"," 0.00","F","999.9","000000"
"30935099999","2019-04-13","50.3666666","108.75","771.0","KRASNYJ CHIKOJ, RS","  32.5"," 8","  11.9"," 8","1018.5"," 8","925.9"," 8"," 31.1"," 8","  5.2"," 6","  9.7","999.9","  47.5"," ","  20.8","*"," 0.00","F","999.9","000000"
"30935099999","2019-04-14","50.3666666","108.75","771.0","KRASNYJ CHIKOJ, RS","  43.0"," 8","  10.9"," 8","1006.5"," 8","916.7"," 8"," 31.1"," 8","  6.8"," 6"," 13.6","999.9","  65.3"," ","  18.9"," "," 0.00","F","999.9","000000"
"30935099999","2019-04-15","50.3666666","108.75","771.0","KRASNYJ CHIKOJ, RS","  45.7"," 8","  18.8"," 8","1002.4"," 8","913.4"," 8"," 31.1"," 8","  8.0"," 7"," 21.4","999.9","  66.4"," ","  20.1"," "," 0.00","F","999.9","000000"
"30935099999","2019-04-16","50.3666666","108.75","771.0","KRASNYJ CHIKOJ, RS","  40.2"," 8","  21.8"," 8"," 999.4"," 8","909.9"," 8"," 31.1"," 8","  4.6"," 8","  9.7","999.9","  51.4"," ","  22.8"," "," 0.00","F","999.9","000000"
"30935099999","2019-04-17","50.3666666","108.75","771.0","KRASNYJ CHIKOJ, RS","  29.2"," 8","   6.3"," 8","1018.3"," 8","925.1"," 8"," 31.1"," 8","  5.6"," 8","  9.7"," 21.4","  42.8"," ","  11.7","*"," 0.00","E","999.9","000000"
"30935099999","2019-04-18","50.3666666","108.75","771.0","KRASNYJ CHIKOJ, RS","  39.3"," 8","  13.1"," 8","1010.4"," 8","919.7"," 8"," 31.1"," 8","  3.2"," 6","  7.8","999.9","  59.9"," ","  10.9"," "," 0.00","F","999.9","000000"
"30935099999","2019-04-19","50.3666666","108.75","771.0","KRASNYJ CHIKOJ, RS","  33.5"," 8","  12.4"," 8","1014.2"," 8","922.1"," 8"," 31.1"," 8","  7.5"," 8"," 17.5","999.9","  56.5"," ","  15.4","*"," 0.00","F","999.9","000000"
"30935099999","2019-04-20","50.3666666","108.75","771.0","KRASNYJ CHIKOJ, RS","  31.9"," 8","   3.9"," 8","1017.2"," 8","924.5"," 8"," 31.1"," 8","  4.4"," 7","  7.8","999.9","  47.3","*","  14.5","*"," 0.00","E","999.9","000000"
"30935099999","2019-04-21","50.3666666","108.75","771.0","KRASNYJ CHIKOJ, RS","  46.5"," 8","  21.9"," 8","1003.2"," 8","914.4"," 8"," 28.0"," 8","  2.8"," 7","  5.8","999.9","  63.1"," ","  24.3","*"," 0.00","F","999.9","010000"
"30935099999","2019-04-22","50.3666666","108.75","771.0","KRASNYJ CHIKOJ, RS","  36.5"," 8","  22.0"," 8","1015.6"," 8","924.0"," 8"," 28.0"," 8","  4.2"," 7","  5.8","999.9","  45.3"," ","  27.7","*"," 0.02","F","999.9","000000"
"30935099999","2019-04-23","50.3666666","108.75","771.0","KRASNYJ CHIKOJ, RS","  30.2"," 8","   0.4"," 8","1027.8"," 8","933.9"," 8"," 31.1"," 8","  6.4"," 7"," 11.7","999.9","  43.3"," ","  12.9","*"," 0.00","F","999.9","000000"
"30935099999","2019-04-24","50.3666666","108.75","771.0","KRASNYJ CHIKOJ, RS","  33.6"," 6","   6.2"," 6","1021.6"," 6","928.8"," 6"," 31.1"," 6","999.9"," 0","999.9","999.9","  49.8"," ","  10.0"," "," 0.00","F","999.9","000000"
"30935099999","2019-04-25","50.3666666","108.75","771.0","KRASNYJ CHIKOJ, RS","  42.7"," 7","  10.5"," 7","1017.0"," 7","926.3"," 7"," 31.1"," 7","  2.9"," 6","  5.8","999.9","  58.6"," ","  25.3","*"," 0.00","F","999.9","000000"
"30935099999","2019-04-26","50.3666666","108.75","771.0","KRASNYJ CHIKOJ, RS","  40.9"," 8","  22.9"," 8","1013.4"," 8","922.8"," 8"," 31.1"," 8","  2.3"," 6","  3.9","999.9","  56.7"," ","  22.8"," "," 0.00","F","999.9","000000"
"30935099999","2019-04-27","50.3666666","108.75","771.0","KRASNYJ CHIKOJ, RS","  42.1"," 8","  29.8"," 8","1014.9"," 8","924.3"," 8"," 28.0"," 8","  3.6"," 6","  5.8","999.9","  62.2"," ","  23.4","*"," 0.00","F","999.9","010010"
"30935099999","2019-04-28","50.3666666","108.75","771.0","KRASNYJ CHIKOJ, RS","  53.6"," 8","  25.8"," 8","1007.9"," 8","919.8"," 8"," 28.0"," 8","  3.9"," 8","  7.8","999.9","  69.8"," ","  34.3","*"," 0.00","F","999.9","010000"
"30935099999","2019-04-29","50.3666666","108.75","771.0","KRASNYJ CHIKOJ, RS","  36.8"," 5","  16.6"," 5","1019.5"," 5","927.5"," 5"," 31.1"," 5","  4.9"," 4","  9.7"," 21.4","  53.6"," ","  22.3","*"," 0.00","E","999.9","000000"
"30935099999","2019-04-30","50.3666666","108.75","771.0","KRASNYJ CHIKOJ, RS","  47.3"," 8","  15.4"," 8","1014.4"," 8","924.6"," 8"," 31.1"," 8","  4.3"," 5","  7.8","999.9","  67.8"," ","  21.7"," "," 0.00","F","999.9","000000"
"30935099999","2019-05-01","50.3666666","108.75","771.0","KRASNYJ CHIKOJ, RS","  51.3"," 8","  15.1"," 8","1008.0"," 8","919.5"," 8"," 31.1"," 8","  3.9"," 7","  9.7","999.9","  76.1"," ","  23.4"," "," 0.00","F","999.9","000000"
"30935099999","2019-05-02","50.3666666","108.75","771.0","KRASNYJ CHIKOJ, RS","  49.2"," 8","  23.7"," 8","1013.8"," 8","924.5"," 8"," 31.1"," 8","  5.1"," 8"," 11.7","999.9","  66.9"," ","  29.5"," "," 0.00","F","999.9","000000"
"30935099999","2019-05-03","50.3666666","108.75","771.0","KRASNYJ CHIKOJ, RS","  39.0"," 8","  21.0"," 8","1024.2"," 8","932.3"," 8"," 24.9"," 8","  6.3"," 8"," 15.5","999.9","  57.0"," ","  28.8","*"," 0.00","F","999.9","001000"
"30935099999","2019-05-04","50.3666666","108.75","771.0","KRASNYJ CHIKOJ, RS","  35.4"," 8","  14.7"," 8","1034.9"," 8","941.3"," 8"," 31.1"," 8","  4.1"," 8","  9.7","999.9","  49.6"," ","  18.5","*"," 0.08","F","  0.4","000000"
"30935099999","2019-05-05","50.3666666","108.75","771.0","KRASNYJ CHIKOJ, RS","  42.6"," 8","  11.0"," 8","1030.8"," 8","938.8"," 8"," 31.1"," 8","  5.3"," 7","  9.7","999.9","  61.5"," ","  17.4"," "," 0.00","F","999.9","000000"
"30935099999","2019-05-06","50.3666666","108.75","771.0","KRASNYJ CHIKOJ, RS","  49.4"," 8","  13.1"," 8","1021.0"," 8","931.0"," 8"," 31.1"," 8","  4.9"," 8"," 11.7","999.9","  68.2"," ","  21.2"," "," 0.00","F","999.9","000000"
"30935099999","2019-05-07","50.3666666","108.75","771.0","KRASNYJ CHIKOJ, RS","  54.0"," 8","  18.2"," 8","1014.4"," 8","925.8"," 8"," 21.7"," 8","  7.5"," 8"," 13.6","999.9","  67.3"," ","  26.4"," "," 0.00","F","999.9","000000"
"30935099999","2019-05-08","50.3666666","108.75","771.0","KRASNYJ CHIKOJ, RS","  53.5"," 8","  21.6"," 8","1007.0"," 8","919.0"," 8"," 24.9"," 8","  7.8"," 7"," 13.6","999.9","  68.5"," ","  32.5","*"," 0.00","F","999.9","000000"
"30935099999","2019-05-09","50.3666666","108.75","771.0","KRASNYJ CHIKOJ, RS","  41.8"," 8","  29.8"," 8","1006.8"," 8","917.0"," 8"," 28.0"," 8","  5.3"," 7","  9.7","999.9","  54.5"," ","  32.5"," "," 0.02","F","999.9","010000"
"30935099999","2019-05-10","50.3666666","108.75","771.0","KRASNYJ CHIKOJ, RS","  32.4"," 8","  16.4"," 8","1019.8"," 8","927.4"," 8"," 31.1"," 8","  4.4"," 8","  7.8","999.9","  41.2"," ","  21.9","*"," 0.02","F","999.9","000000"
"30935099999","2019-05-11","50.3666666","108.75","771.0","KRASNYJ CHIKOJ, RS","  33.0"," 8","  18.5"," 8","1024.0"," 8","931.0"," 8"," 31.1"," 8","  3.1"," 7","  5.8","999.9","  46.2"," ","  16.2","*"," 0.00","F","999.9","000000"
"30935099999","2019-05-12","50.3666666","108.75","771.0","KRASNYJ CHIKOJ, RS","  40.2"," 8","  13.6"," 8","1011.6"," 8","920.9"," 8"," 31.1"," 8","  3.2"," 8","  5.8","999.9","  57.7"," ","  15.6"," "," 0.00","F","999.9","000000"
"30935099999","2019-05-13","50.3666666","108.75","771.0","KRASNYJ CHIKOJ, RS","  50.6"," 8","  23.9"," 8","1001.3"," 8","912.9"," 8"," 31.1"," 8","  5.6"," 8"," 15.5","999.9","  71.6"," ","  21.4"," "," 0.00","F","999.9","000000"
"30935099999","2019-05-14","50.3666666","108.75","771.0","KRASNYJ CHIKOJ, RS","  46.9"," 8","  28.5"," 8"," 999.3"," 8","911.0"," 8"," 31.1"," 8","  5.8"," 8"," 15.5","999.9","  63.5"," ","  31.3"," "," 0.00","F","999.9","000000"
"30935099999","2019-05-15","50.3666666","108.75","771.0","KRASNYJ CHIKOJ, RS","  40.3"," 8","  18.4"," 8","1001.2"," 8","911.5"," 8"," 31.1"," 8","  7.5"," 7"," 15.5"," 23.3","  53.4"," ","  21.9","*"," 0.00","F","999.9","000000"
"30935099999","2019-05-16","50.3666666","108.75","771.0","KRASNYJ CHIKOJ, RS","  44.5"," 8","  11.4"," 8","1006.4"," 8","916.9"," 8"," 31.1"," 8","  4.9"," 8","  7.8","999.9","  55.4"," ","  21.2"," "," 0.00","F","999.9","000000"
"30935099999","2019-05-17","50.3666666","108.75","771.0","KRASNYJ CHIKOJ, RS","  40.8"," 8","  13.8"," 8","1014.7"," 8","923.8"," 8"," 31.1"," 8","  8.3"," 8"," 13.6","999.9","  51.4"," ","  23.7","*"," 0.00","F","999.9","000000"
"30935099999","2019-05-18","50.3666666","108.75","771.0","KRASNYJ CHIKOJ, RS","  42.9"," 8","  18.9"," 8","1018.2"," 8","927.5"," 8"," 28.0"," 8","  9.7"," 8"," 13.6","999.9","  51.1"," ","  21.2"," "," 0.00","F","999.9","000000"
"30935099999","2019-05-19","50.3666666","108.75","771.0","KRASNYJ CHIKOJ, RS","  43.2"," 8","  18.1"," 8","1017.9"," 8","927.1"," 8"," 31.1"," 8","  7.2"," 7"," 11.7","999.9","  58.3"," ","  22.3","*"," 0.00","F","999.9","000000"
"30935099999","2019-05-20","50.3666666","108.75","771.0","KRASNYJ CHIKOJ, RS","  49.8"," 8","  16.3"," 8","1012.5"," 8","923.4"," 8"," 31.1"," 8","  3.9"," 8","  7.8","999.9","  68.4"," ","  21.2"," "," 0.00","F","999.9","000000"
"30935099999","2019-05-21","50.3666666","108.75","771.0","KRASNYJ CHIKOJ, RS","  55.8"," 8","  24.8"," 8","1005.1"," 8","917.6"," 8"," 31.1"," 8","  2.3"," 6","  3.9","999.9","  78.3"," ","  27.5"," "," 0.00","F","999.9","000000"
"30935099999","2019-05-22","50.3666666","108.75","771.0","KRASNYJ CHIKOJ, RS","  68.6"," 8","  31.6"," 8"," 996.2"," 8","911.6"," 8"," 24.9"," 8","  3.6"," 8"," 11.7","999.9","  88.2"," ","  48.4","*"," 0.00","F","999.9","000000"
"30935099999","2019-05-23","50.3666666","108.75","771.0","KRASNYJ CHIKOJ, RS","  66.0"," 8","  36.0"," 8"," 998.1"," 8","912.9"," 8"," 31.1"," 8","  7.2"," 7"," 21.4","999.9","  88.0"," ","  46.6"," "," 0.00","F","999.9","000000"
"30935099999","2019-05-24","50.3666666","108.75","771.0","KRASNYJ CHIKOJ, RS","  52.1"," 8","  24.8"," 8","1011.0"," 8","922.5"," 8"," 21.7"," 8","  4.6"," 8","  7.8","999.9","  60.6"," ","  43.3","*"," 0.00","F","999.9","000000"
"30935099999","2019-05-25","50.3666666","108.75","771.0","KRASNYJ CHIKOJ, RS","  50.1"," 8","  19.5"," 8","1018.6"," 8","929.0"," 8"," 31.1"," 8","  5.6"," 8","  9.7","999.9","  63.0"," ","  28.4","*"," 0.00","F","999.9","000000"
"30935099999","2019-05-26","50.3666666","108.75","771.0","KRASNYJ CHIKOJ, RS","  49.5"," 8","  18.1"," 8","1022.4"," 8","932.3"," 8"," 31.1"," 8","  3.9"," 6","  5.8","999.9","  66.4"," ","  27.7","*"," 0.00","F","999.9","000000"
"30935099999","2019-05-27","50.3666666","108.75","771.0","KRASNYJ CHIKOJ, RS","  55.1"," 8","  23.1"," 8","1016.8"," 8","928.2"," 8"," 31.1"," 8","  4.9"," 8"," 11.7","999.9","  75.9"," ","  27.7"," "," 0.00","F","999.9","000000"
"30935099999","2019-05-28","50.3666666","108.75","771.0","KRASNYJ CHIKOJ, RS","  48.0"," 8","  32.9"," 8","1022.3"," 8","932.1"," 8"," 21.7"," 8","  5.1"," 8"," 11.7","999.9","  63.7"," ","  30.0","*"," 0.00","F","999.9","010000"
"30935099999","2019-05-29","50.3666666","108.75","771.0","KRASNYJ CHIKOJ, RS","  43.9"," 8","  24.3"," 8","1021.5"," 8","930.6"," 8"," 31.1"," 8","  6.6"," 8"," 11.7","999.9","  54.9"," ","  28.4","*"," 0.04","F","999.9","000000"
"30935099999","2019-05-30","50.3666666","108.75","771.0","KRASNYJ CHIKOJ, RS","  52.4"," 8","  24.1"," 8","1014.1"," 8","925.3"," 8"," 31.1"," 8","  4.2"," 7","  7.8","999.9","  69.3"," ","  26.1"," "," 0.00","F","999.9","000000"
"30935099999","2019-05-31","50.3666666","108.75","771.0","KRASNYJ CHIKOJ, RS","  60.8"," 8","  30.0"," 8","1000.9"," 8","914.6"," 8"," 31.1"," 8","  4.2"," 7","  9.7","999.9","  79.5","*","  42.4","*"," 0.00","F","999.9","000000"
"30935099999","2019-06-01","50.3666666","108.75","771.0","KRASNYJ CHIKOJ, RS","  58.1"," 8","  40.6"," 8"," 999.5"," 8","912.5"," 7"," 21.1"," 8","  4.6"," 8"," 11.7","999.9","  81.0"," ","  40.8"," "," 0.01","F","999.9","110010"
"30935099999","2019-06-02","50.3666666","108.75","771.0","KRASNYJ CHIKOJ, RS","  54.6"," 8","  38.5"," 8","1003.7"," 8","916.3"," 8"," 31.1"," 8","  3.1"," 7","  5.8","999.9","  69.1"," ","  41.0","*"," 0.31","F","999.9","000000"
"30935099999","2019-06-03","50.3666666","108.75","771.0","KRASNYJ CHIKOJ, RS","  51.7"," 8","  41.9"," 8","1003.9"," 8","916.1"," 8"," 21.7"," 8","  5.3"," 8","  9.7","999.9","  69.8"," ","  40.6"," "," 0.08","F","999.9","010000"
"30935099999","2019-06-04","50.3666666","108.75","771.0","KRASNYJ CHIKOJ, RS","  45.9"," 8","  37.3"," 8","1009.7"," 8","920.3"," 8"," 24.9"," 8","  5.8"," 8"," 11.7","999.9","  57.6"," ","  34.0","*"," 0.17","F","999.9","010000"
"30935099999","2019-06-05","50.3666666","108.75","771.0","KRASNYJ CHIKOJ, RS","  55.4"," 8","  34.5"," 8","1007.1"," 8","919.5"," 8"," 31.1"," 8","  4.9"," 8","  7.8","999.9","  71.1"," ","  33.1"," "," 0.00","F","999.9","000000"
"30935099999","2019-06-06","50.3666666","108.75","771.0","KRASNYJ CHIKOJ, RS","  49.6"," 8","  44.5"," 8","1011.4"," 8","922.7"," 8"," 15.5"," 8","  3.2"," 8","  3.9","999.9","  55.0"," ","  39.4"," "," 0.08","F","999.9","010000"
"30935099999","2019-06-07","50.3666666","108.75","771.0","KRASNYJ CHIKOJ, RS","  55.0"," 8","  42.2"," 8","1010.6"," 8","922.7"," 8"," 31.1"," 8","  4.1"," 8","  9.7","999.9","  68.5"," ","  37.0","*"," 0.08","F","999.9","000000"
"30935099999","2019-06-08","50.3666666","108.75","771.0","KRASNYJ CHIKOJ, RS","  60.7"," 7","  42.4"," 7","1009.5"," 7","922.6"," 7"," 31.1"," 7","  3.1"," 5","  3.9","999.9","  77.2","*","  35.8"," "," 0.00","E","999.9","000000"
"30935099999","2019-06-09","50.3666666","108.75","771.0","KRASNYJ CHIKOJ, RS","  66.7"," 8","  44.4"," 8","1005.9"," 8","920.3"," 8"," 31.1"," 8","  2.5"," 7","  5.8","999.9","  86.4"," ","  44.1"," "," 0.00","F","999.9","000000"
"30935099999","2019-06-10","50.3666666","108.75","771.0","KRASNYJ CHIKOJ, RS","  70.0"," 8","  51.2"," 8","1001.1"," 8","916.5"," 8"," 28.0"," 8","  3.4"," 8","  5.8","999.9","  85.3"," ","  46.0"," "," 0.00","F","999.9","010000"
"30935099999","2019-06-11","50.3666666","108.75","771.0","KRASNYJ CHIKOJ, RS","  63.3"," 8","  47.1"," 8","1006.0"," 8","919.9"," 8"," 31.1"," 8","  7.3"," 8"," 19.4","999.9","  84.7"," ","  44.4","*"," 0.02","F","999.9","000000"
"30935099999","2019-06-12","50.3666666","108.75","771.0","KRASNYJ CHIKOJ, RS","  57.7"," 8","  38.7"," 8","1014.1"," 8","926.3"," 8"," 31.1"," 8","  5.6"," 8","  9.7","999.9","  71.2"," ","  37.9","*"," 0.00","F","999.9","000000"
"30935099999","2019-06-13","50.3666666","108.75","771.0","KRASNYJ CHIKOJ, RS","  60.7"," 7","  40.4"," 7","1010.3"," 7","923.3"," 7"," 31.1"," 7","  2.9"," 4","  3.9","999.9","  83.1"," ","  37.8"," "," 0.00","F","999.9","000000"
"30935099999","2019-06-14","50.3666666","108.75","771.0","KRASNYJ CHIKOJ, RS","  72.2"," 8","  46.6"," 8","1002.0"," 8","917.6"," 8"," 31.1"," 8","  3.1"," 7","  5.8","999.9","  88.9"," ","  55.9","*"," 0.00","F","999.9","000000"
"30935099999","2019-06-15","50.3666666","108.75","771.0","KRASNYJ CHIKOJ, RS","  70.4"," 8","  44.7"," 8","1001.0"," 8","916.4"," 8"," 31.1"," 8","  4.6"," 8","  7.8","999.9","  81.0"," ","  59.4","*"," 0.00","F","999.9","000000"
"30935099999","2019-06-16","50.3666666","108.75","771.0","KRASNYJ CHIKOJ, RS","  65.2"," 8","  44.1"," 8","1003.5"," 8","917.8"," 8"," 31.1"," 8","  4.2"," 7","  5.8","999.9","  79.7"," ","  45.3","*"," 0.00","F","999.9","000000"
"30935099999","2019-06-17","50.3666666","108.75","771.0","KRASNYJ CHIKOJ, RS","  67.3"," 8","  41.0"," 8","1005.6"," 8","920.0"," 8"," 31.1"," 8","  2.8"," 7","  3.9","999.9","  84.2"," ","  45.0"," "," 0.00","F","999.9","000000"
"30935099999","2019-06-18","50.3666666","108.75","771.0","KRASNYJ CHIKOJ, RS","  68.4"," 8","  50.9"," 8","1009.0"," 8","923.5"," 8"," 31.1"," 8","  5.3"," 7"," 17.5","999.9","  85.3"," ","  47.1"," "," 0.00","F","999.9","000000"
"30935099999","2019-06-19","50.3666666","108.75","771.0","KRASNYJ CHIKOJ, RS","  67.8"," 8","  42.3"," 8","1008.7"," 8","922.9"," 8"," 31.1"," 8","  4.2"," 7","  9.7","999.9","  85.6","*","  44.8","*"," 0.00","F","999.9","000000"
"30935099999","2019-06-20","50.3666666","108.75","771.0","KRASNYJ CHIKOJ, RS","  70.6"," 7","  46.0"," 7","1009.5"," 7","924.3"," 7"," 31.1"," 7","  4.9"," 6"," 11.7","999.9","  87.8"," ","  44.6"," "," 0.00","F","999.9","000000"
"30935099999","2019-06-21","50.3666666","108.75","771.0","KRASNYJ CHIKOJ, RS","  72.5"," 8","  49.0"," 8","1008.4"," 8","923.5"," 8"," 31.1"," 8","  2.5"," 7","  3.9","999.9","  93.6"," ","  49.1"," "," 0.00","F","999.9","000000"
"30935099999","2019-06-22","50.3666666","108.75","771.0","KRASNYJ CHIKOJ, RS","  71.8"," 8","  52.6"," 8","1006.3"," 8","921.5"," 8"," 31.1"," 8","  3.9"," 7","  7.8","999.9","  86.4"," ","  52.7"," "," 0.00","F","999.9","000000"
"30935099999","2019-06-23","50.3666666","108.75","771.0","KRASNYJ CHIKOJ, RS","  71.4"," 7","  54.1"," 7","1003.8"," 7","919.2"," 7"," 31.1"," 7","  4.2"," 7"," 11.7","999.9","  87.1"," ","  54.1","*"," 0.00","F","999.9","000000"
"30935099999","2019-06-24","50.3666666","108.75","771.0","KRASNYJ CHIKOJ, RS","  73.3"," 8","  52.7"," 8","1001.5"," 8","917.4"," 8"," 28.0"," 8","  4.4"," 8","  5.8","999.9","  85.6"," ","  53.2"," "," 0.00","F","999.9","010010"
"30935099999","2019-06-25","50.3666666","108.75","771.0","KRASNYJ CHIKOJ, RS","  61.1"," 8","  59.1"," 8"," 999.6"," 8","913.9"," 8"," 18.6"," 8","  3.9"," 8","  7.8","999.9","  65.3"," ","  58.1","*"," 0.71","F","999.9","010010"
"30935099999","2019-06-26","50.3666666","108.75","771.0","KRASNYJ CHIKOJ, RS","  60.8"," 8","  47.5"," 8","1001.6"," 8","915.4"," 8"," 31.1"," 8","  3.6"," 8","  7.8","999.9","  74.3"," ","  48.7","*"," 0.00","F","999.9","000000"
"30935099999","2019-06-27","50.3666666","108.75","771.0","KRASNYJ CHIKOJ, RS","  52.5"," 8","  51.8"," 8","1001.7"," 8","914.4"," 8","  9.3"," 8","  3.1"," 7","  3.9","999.9","  54.3"," ","  48.6"," "," 1.47","F","999.9","010010"
"30935099999","2019-06-28","50.3666666","108.75","771.0","KRASNYJ CHIKOJ, RS","  58.2"," 8","  53.6"," 8","1005.1"," 8","918.4"," 8"," 21.7"," 8","  3.3"," 7","  5.8","999.9","  66.7","*","  51.4"," "," 0.69","F","999.9","010000"
"30935099999","2019-06-29","50.3666666","108.75","771.0","KRASNYJ CHIKOJ, RS","  54.8"," 7","  52.7"," 7","1010.0"," 7","923.7"," 7"," 22.6"," 7","  2.9"," 6","  7.8"," 21.4","  69.3"," ","  50.9","*"," 0.42","F","999.9","110010"
"30935099999","2019-06-30","50.3666666","108.75","771.0","KRASNYJ CHIKOJ, RS","  57.8"," 8","  52.3"," 8","1010.6"," 8","923.3"," 8"," 24.1"," 8","  3.6"," 8","  5.8","999.9","  72.0"," ","  50.0","*"," 0.03","F","999.9","110000"
"30935099999","2019-07-01","50.3666666","108.75","771.0","KRASNYJ CHIKOJ, RS","  61.8"," 8","  51.5"," 8","1010.6"," 8","924.0"," 8"," 23.4"," 8","  2.9"," 6","  3.9","999.9","  79.5"," ","  49.1"," "," 0.00","F","999.9","100010"
"30935099999","2019-07-02","50.3666666","108.75","771.0","KRASNYJ CHIKOJ, RS","  65.9"," 8","  51.9"," 8","1008.4"," 8","922.5"," 8"," 27.2"," 8","  1.9"," 6","  3.9","999.9","  85.5"," ","  48.2"," "," 0.00","F","999.9","100000"
"30935099999","2019-07-03","50.3666666","108.75","771.0","KRASNYJ CHIKOJ, RS","  69.6"," 8","  56.9"," 8","1001.1"," 8","916.6"," 8"," 31.1"," 8","  1.9"," 8","  1.9","999.9","  87.3"," ","  50.2"," "," 0.00","F","999.9","000000"
"30935099999","2019-07-04","50.3666666","108.75","771.0","KRASNYJ CHIKOJ, RS","  62.5"," 8","  57.4"," 8","1005.5"," 8","919.5"," 8"," 24.1"," 8","  3.3"," 7","  5.8","999.9","  76.8"," ","  52.9","*"," 0.20","F","999.9","110010"
"30935099999","2019-07-05","50.3666666","108.75","771.0","KRASNYJ CHIKOJ, RS","  62.7"," 8","  52.7"," 8","1009.2"," 8","922.9"," 8"," 27.2"," 8","  2.3"," 6","  3.9","999.9","  78.3"," ","  47.7","*"," 0.00","E","999.9","100000"
"30935099999","2019-07-06","50.3666666","108.75","771.0","KRASNYJ CHIKOJ, RS","  64.6"," 8","  51.2"," 8","1005.4"," 8","919.6"," 8"," 27.2"," 8","  2.3"," 5","  3.9","999.9","  82.8"," ","  45.9"," "," 0.00","F","999.9","100000"
"30935099999","2019-07-07","50.3666666","108.75","771.0","KRASNYJ CHIKOJ, RS","  67.7"," 8","  52.1"," 8","1004.4"," 8","919.2"," 8"," 31.1"," 8","  4.1"," 8","  7.8","999.9","  85.1"," ","  46.8"," "," 0.00","F","999.9","000000"
"30935099999","2019-07-08","50.3666666","108.75","771.0","KRASNYJ CHIKOJ, RS","  66.0"," 8","  50.6"," 8","1007.2"," 8","921.5"," 8"," 31.1"," 8","  3.6"," 7","  5.8","999.9","  81.1"," ","  46.0","*"," 0.00","F","999.9","000000"
"30935099999","2019-07-09","50.3666666","108.75","771.0","KRASNYJ CHIKOJ, RS","  67.1"," 8","  51.9"," 8","1007.0"," 8","921.5"," 8"," 31.1"," 8","  2.7"," 5","  3.9","999.9","  85.1"," ","  45.5"," "," 0.00","F","999.9","000000"
"30935099999","2019-07-10","50.3666666","108.75","771.0","KRASNYJ CHIKOJ, RS","  70.7"," 8","  53.3"," 8","1005.7"," 8","920.8"," 8"," 31.1"," 8","  3.1"," 7","  5.8","999.9","  91.0"," ","  48.6"," "," 0.00","F","999.9","000000"
"30935099999","2019-07-11","50.3666666","108.75","771.0","KRASNYJ CHIKOJ, RS","  69.1"," 8","  57.4"," 8","1006.9"," 8","921.8"," 8"," 24.1"," 8","  2.6"," 6","  5.8","999.9","  88.9"," ","  53.2"," "," 0.00","F","999.9","110010"
"30935099999","2019-07-12","50.3666666","108.75","771.0","KRASNYJ CHIKOJ, RS","  66.8"," 8","  56.6"," 8","1007.9"," 8","922.4"," 8"," 23.4"," 8","  2.9"," 8","  5.8","999.9","  85.3"," ","  52.2"," "," 0.01","F","999.9","100010"
"30935099999","2019-07-13","50.3666666","108.75","771.0","KRASNYJ CHIKOJ, RS","  69.9"," 8","  59.1"," 8","1006.6"," 8","921.6"," 8"," 27.2"," 8","  3.6"," 6","  9.7","999.9","  86.7"," ","  54.1","*"," 0.00","F","999.9","100000"
"30935099999","2019-07-14","50.3666666","108.75","771.0","KRASNYJ CHIKOJ, RS","  69.1"," 8","  55.2"," 8","1002.3"," 8","917.5"," 8"," 31.1"," 8","  3.1"," 7","  3.9","999.9","  85.3"," ","  53.8"," "," 0.00","F","999.9","000000"
"30935099999","2019-07-15","50.3666666","108.75","771.0","KRASNYJ CHIKOJ, RS","  71.6"," 8","  60.0"," 8"," 999.0"," 8","915.0"," 8"," 24.9"," 8","  3.2"," 8","  3.9","999.9","  86.2","*","  54.3"," "," 0.02","F","999.9","110010"
"30935099999","2019-07-16","50.3666666","108.75","771.0","KRASNYJ CHIKOJ, RS","  71.3"," 8","  60.6"," 8","1002.7"," 8","918.3"," 8"," 28.0"," 8","  3.2"," 6","  3.9","999.9","  85.5","*","  58.5","*"," 0.06","F","999.9","100010"
"30935099999","2019-07-17","50.3666666","108.75","771.0","KRASNYJ CHIKOJ, RS","  68.2"," 8","  60.5"," 8","1005.0"," 8","920.0"," 8"," 23.7"," 8","  3.6"," 8","  9.7","999.9","  85.8"," ","  57.6"," "," 0.00","F","999.9","100010"
"30935099999","2019-07-18","50.3666666","108.75","771.0","KRASNYJ CHIKOJ, RS","  68.2"," 8","  62.7"," 8","1003.5"," 8","918.7"," 8"," 23.5"," 8","  2.9"," 8","  5.8","999.9","  78.6"," ","  57.9"," "," 0.28","F","999.9","100010"
"30935099999","2019-07-19","50.3666666","108.75","771.0","KRASNYJ CHIKOJ, RS","  70.7"," 7","  61.1"," 7"," 998.2"," 7","914.2"," 7"," 31.1"," 7","  3.6"," 7","  5.8","999.9","  82.8"," ","  59.2","*"," 0.00","E","999.9","000000"
"30935099999","2019-07-20","50.3666666","108.75","771.0","KRASNYJ CHIKOJ, RS","  65.0"," 8","  60.1"," 8","1001.6"," 8","916.4"," 8"," 14.8"," 8","  4.2"," 6","  5.8","999.9","  77.4","*","  57.0","*"," 0.55","F","999.9","110010"
"30935099999","2019-07-21","50.3666666","108.75","771.0","KRASNYJ CHIKOJ, RS","  66.9"," 8","  57.9"," 8","1003.5"," 8","918.3"," 8"," 27.2"," 8","  2.5"," 7","  3.9","999.9","  80.6","*","  56.8"," "," 0.00","F","999.9","100000"
"30935099999","2019-07-22","50.3666666","108.75","771.0","KRASNYJ CHIKOJ, RS","  66.0"," 8","  61.5"," 8"," 999.1"," 8","914.3"," 8"," 24.9"," 8","  3.9"," 7","  7.8","999.9","  75.0","*","  54.3"," "," 0.20","F","999.9","010010"
"30935099999","2019-07-23","50.3666666","108.75","771.0","KRASNYJ CHIKOJ, RS","  65.0"," 8","  59.0"," 8"," 999.3"," 8","914.2"," 8"," 24.9"," 8","  6.1"," 8","  9.7","999.9","  69.6"," ","  61.2"," "," 0.20","F","999.9","010000"
"30935099999","2019-07-24","50.3666666","108.75","771.0","KRASNYJ CHIKOJ, RS","  65.2"," 8","  57.7"," 8","1000.7"," 8","915.5"," 8"," 31.1"," 8","  5.6"," 8","  7.8","999.9","  71.1"," ","  60.6"," "," 0.00","F","999.9","000000"
"30935099999","2019-07-25","50.3666666","108.75","771.0","KRASNYJ CHIKOJ, RS","  65.0"," 8","  58.4"," 8"," 996.7"," 8","911.8"," 8"," 31.1"," 8","  3.9"," 8","  5.8","999.9","  76.1"," ","  56.7","*"," 0.01","F","999.9","010000"
"30935099999","2019-07-26","50.3666666","108.75","771.0","KRASNYJ CHIKOJ, RS","  66.0"," 8","  59.0"," 8"," 994.8"," 8","910.3"," 8"," 31.1"," 8","  4.2"," 7","  7.8","999.9","  77.7"," ","  56.7"," "," 0.00","F","999.9","000000"
"30935099999","2019-07-27","50.3666666","108.75","771.0","KRASNYJ CHIKOJ, RS","  61.1"," 8","  57.9"," 8"," 989.9"," 8","905.1"," 8"," 12.4"," 8","  3.9"," 7","  7.8","999.9","  75.7"," ","  56.5","*"," 0.05","F","999.9","010000"
"30935099999","2019-07-28","50.3666666","108.75","771.0","KRASNYJ CHIKOJ, RS","  59.5"," 8","  57.2"," 8"," 995.3"," 8","909.7"," 8"," 12.4"," 8","  4.1"," 8","  7.8","999.9","  64.8"," ","  56.1"," "," 0.63","F","999.9","010000"
"30935099999","2019-07-29","50.3666666","108.75","771.0","KRASNYJ CHIKOJ, RS","  60.0"," 8","  57.2"," 8","1002.2"," 8","916.2"," 8","  9.3"," 8","  3.9"," 8","  5.8","999.9","  63.7"," ","  57.0"," "," 0.75","F","999.9","110000"
"30935099999","2019-07-30","50.3666666","108.75","771.0","KRASNYJ CHIKOJ, RS","  63.6"," 8","  58.0"," 8","1006.4"," 8","920.5"," 8","  6.2"," 8","  3.9"," 7","  5.8","999.9","  72.7"," ","  54.0","*"," 0.00","F","999.9","100000"
"30935099999","2019-07-31","50.3666666","108.75","771.0","KRASNYJ CHIKOJ, RS","  65.5"," 8","  60.0"," 8","1008.0"," 8","922.3"," 8","  4.0"," 8","  3.5"," 5","  5.8","999.9","  76.6"," ","  53.8"," "," 0.00","F","999.9","110000"
"30935099999","2019-08-01","50.3666666","108.75","771.0","KRASNYJ CHIKOJ, RS","  66.0"," 8","  62.3"," 8","1009.1"," 8","923.5"," 8","  1.2"," 8","  2.7"," 5","  3.9","999.9","  76.5"," ","  57.6"," "," 0.02","F","999.9","110010"
"30935099999","2019-08-02","50.3666666","108.75","771.0","KRASNYJ CHIKOJ, RS","  65.7"," 8","  62.1"," 8","1008.3"," 8","922.7"," 8","  1.4"," 8","  1.9"," 6","  1.9","999.9","  78.4"," ","  58.6","*"," 0.01","F","999.9","110000"
"30935099999","2019-08-03","50.3666666","108.75","771.0","KRASNYJ CHIKOJ, RS","  66.2"," 8","  62.3"," 8","1005.4"," 8","920.0"," 8","  4.7"," 8","  2.6"," 6","  5.8","999.9","  80.2"," ","  57.7"," "," 0.02","F","999.9","100010"
"30935099999","2019-08-04","50.3666666","108.75","771.0","KRASNYJ CHIKOJ, RS","  67.1"," 8","  59.8"," 8","1006.5"," 8","921.2"," 8"," 14.8"," 8","  2.2"," 7","  3.9","999.9","  78.8"," ","  57.7"," "," 0.00","F","999.9","100000"
"30935099999","2019-08-05","50.3666666","108.75","771.0","KRASNYJ CHIKOJ, RS","  63.2"," 8","  59.1"," 8","1010.5"," 8","924.2"," 8"," 28.0"," 8","  4.9"," 8","  7.8"," 21.4","  71.8"," ","  56.7","*"," 0.02","F","999.9","010000"
"30935099999","2019-08-06","50.3666666","108.75","771.0","KRASNYJ CHIKOJ, RS","  57.5"," 8","  44.6"," 8","1014.2"," 8","926.4"," 8"," 28.0"," 8","  6.8"," 6","  9.7","999.9","  71.8"," ","  39.7","*"," 0.00","F","999.9","100000"
"30935099999","2019-08-07","50.3666666","108.75","771.0","KRASNYJ CHIKOJ, RS","  57.2"," 8","  48.1"," 8","1012.7"," 8","925.1"," 8"," 27.2"," 8","  3.9"," 8","  7.8","999.9","  70.5"," ","  39.0"," "," 0.00","F","999.9","100000"
"30935099999","2019-08-08","50.3666666","108.75","771.0","KRASNYJ CHIKOJ, RS","  58.5"," 8","  49.3"," 8","1009.4"," 8","922.3"," 8"," 27.2"," 8","  2.9"," 6","  3.9","999.9","  75.6"," ","  46.9"," "," 0.00","F","999.9","100000"
"30935099999","2019-08-09","50.3666666","108.75","771.0","KRASNYJ CHIKOJ, RS","  63.6"," 8","  57.0"," 8","1005.8"," 8","920.0"," 8"," 28.0"," 8","  2.7"," 8","  3.9","999.9","  74.5"," ","  47.5"," "," 0.00","F","999.9","000000"
"30935099999","2019-08-10","50.3666666","108.75","771.0","KRASNYJ CHIKOJ, RS","  64.3"," 8","  57.2"," 8","1006.9"," 8","921.1"," 8"," 23.4"," 8","  2.4"," 8","  5.8","999.9","  77.9"," ","  55.0","*"," 0.00","F","999.9","100000"
"30935099999","2019-08-11","50.3666666","108.75","771.0","KRASNYJ CHIKOJ, RS","  66.9"," 8","  59.4"," 8","1005.1"," 8","919.9"," 8"," 21.0"," 8","  4.6"," 8"," 11.7","999.9","  82.2"," ","  53.8"," "," 0.00","F","999.9","110010"
"30935099999","2019-08-12","50.3666666","108.75","771.0","KRASNYJ CHIKOJ, RS","  54.0"," 8","  47.8"," 8","1012.5"," 8","924.4"," 8"," 20.3"," 8","  2.6"," 6","  3.9","999.9","  64.4"," ","  44.8","*"," 0.39","F","999.9","110000"
"30935099999","2019-08-13","50.3666666","108.75","771.0","KRASNYJ CHIKOJ, RS","  52.9"," 8","  50.2"," 8","1010.1"," 8","922.0"," 8"," 20.4"," 8","  2.2"," 7","  3.9","999.9","  61.2"," ","  44.4"," "," 0.16","F","999.9","110010"
"30935099999","2019-08-14","50.3666666","108.75","771.0","KRASNYJ CHIKOJ, RS","  56.8"," 8","  48.0"," 8","1008.5"," 8","921.2"," 8"," 31.1"," 8","  3.3"," 7","  9.7","999.9","  70.9"," ","  45.3"," "," 0.01","F","999.9","000000"
"30935099999","2019-08-15","50.3666666","108.75","771.0","KRASNYJ CHIKOJ, RS","  56.1"," 8","  46.3"," 8","1012.8"," 8","925.0"," 8"," 31.1"," 8","  3.9"," 6","  5.8","999.9","  69.1"," ","  44.1","*"," 0.00","F","999.9","000000"
"30935099999","2019-08-16","50.3666666","108.75","771.0","KRASNYJ CHIKOJ, RS","  54.2"," 8","  46.6"," 8","1011.9"," 8","923.8"," 8"," 23.4"," 8","  2.2"," 8","  3.9","999.9","  70.9"," ","  43.0","*"," 0.00","F","999.9","100000"
"30935099999","2019-08-17","50.3666666","108.75","771.0","KRASNYJ CHIKOJ, RS","  55.1"," 8","  50.8"," 8","1008.1"," 8","920.5"," 8"," 23.5"," 8","  1.9"," 4","  1.9","999.9","  63.7"," ","  41.2"," "," 0.00","F","999.9","100000"
"30935099999","2019-08-18","50.3666666","108.75","771.0","KRASNYJ CHIKOJ, RS","  55.4"," 8","  50.6"," 8","1011.2"," 8","923.4"," 8"," 17.2"," 8","  3.6"," 7","  5.8","999.9","  63.5","*","  47.5","*"," 0.09","F","999.9","110000"
"30935099999","2019-08-19","50.3666666","108.75","771.0","KRASNYJ CHIKOJ, RS","  53.6"," 8","  51.5"," 8","1009.1"," 8","921.3"," 8","  5.0"," 8","  3.2"," 6","  5.8","999.9","  57.2","*","  46.6"," "," 0.24","F","999.9","110000"
"30935099999","2019-08-20","50.3666666","108.75","771.0","KRASNYJ CHIKOJ, RS","  56.5"," 8","  48.3"," 8","1013.2"," 8","925.4"," 8"," 31.1"," 8","  6.1"," 8"," 11.7","999.9","  65.7"," ","  48.2"," "," 0.04","F","999.9","000000"
"30935099999","2019-08-21","50.3666666","108.75","771.0","KRASNYJ CHIKOJ, RS","  55.6"," 8","  45.0"," 8","1015.5"," 8","927.3"," 8"," 28.0"," 8","  4.7"," 7","  7.8","999.9","  70.2"," ","  42.1","*"," 0.00","F","999.9","100000"
"30935099999","2019-08-22","50.3666666","108.75","771.0","KRASNYJ CHIKOJ, RS","  55.6"," 8","  47.8"," 8","1015.9"," 8","927.8"," 8"," 19.5"," 8","  1.9"," 5","  1.9","999.9","  74.8"," ","  41.2"," "," 0.00","F","999.9","100000"
"30935099999","2019-08-23","50.3666666","108.75","771.0","KRASNYJ CHIKOJ, RS","  60.6"," 8","  50.2"," 8","1010.7"," 8","923.8"," 8"," 28.0"," 8","  2.8"," 7","  5.8","999.9","  81.7"," ","  43.2"," "," 0.00","F","999.9","100000"
"30935099999","2019-08-24","50.3666666","108.75","771.0","KRASNYJ CHIKOJ, RS","  60.1"," 8","  56.1"," 8","1007.9"," 8","921.3"," 8"," 21.0"," 8","  3.2"," 8","  5.8","999.9","  72.1"," ","  44.8"," "," 0.12","F","999.9","110010"
"30935099999","2019-08-25","50.3666666","108.75","771.0","KRASNYJ CHIKOJ, RS","  58.5"," 8","  50.2"," 8","1011.9"," 8","924.5"," 8"," 31.1"," 8","  4.1"," 8","  5.8","999.9","  70.3"," ","  50.9","*"," 0.14","F","999.9","000010"
"30935099999","2019-08-26","50.3666666","108.75","771.0","KRASNYJ CHIKOJ, RS","  54.5"," 8","  49.7"," 8","1014.3"," 8","926.1"," 8"," 12.4"," 8","  5.1"," 8","  5.8","999.9","  59.4"," ","  49.6"," "," 0.16","F","999.9","010000"
"30935099999","2019-08-27","50.3666666","108.75","771.0","KRASNYJ CHIKOJ, RS","  55.8"," 8","  51.1"," 8","1015.8"," 8","927.8"," 8"," 28.0"," 8","  3.9"," 7","  9.7","999.9","  62.4"," ","  48.9","*"," 0.09","F","999.9","010000"
"30935099999","2019-08-28","50.3666666","108.75","771.0","KRASNYJ CHIKOJ, RS","  58.7"," 8","  51.1"," 8","1018.6"," 8","930.7"," 8"," 24.1"," 8","  3.9"," 5","  5.8","999.9","  73.0"," ","  46.8"," "," 0.00","F","999.9","100000"
"30935099999","2019-08-29","50.3666666","108.75","771.0","KRASNYJ CHIKOJ, RS","  58.6"," 8","  52.4"," 8","1016.1"," 8","928.5"," 8"," 19.5"," 8","  1.9"," 7","  3.9","999.9","  77.2"," ","  47.7","*"," 0.01","F","999.9","110000"
"30935099999","2019-08-30","50.3666666","108.75","771.0","KRASNYJ CHIKOJ, RS","  58.6"," 8","  49.9"," 8","1014.1"," 8","926.6"," 8"," 19.5"," 8","  3.2"," 6","  5.8","999.9","  78.3"," ","  46.9","*"," 0.01","F","999.9","100000"
"30935099999","2019-08-31","50.3666666","108.75","771.0","KRASNYJ CHIKOJ, RS","  60.6"," 8","  51.6"," 8","1011.2"," 8","924.3"," 8"," 24.1"," 8","  2.7"," 5","  3.9","999.9","  81.0"," ","  46.4"," "," 0.00","F","999.9","100000"
"30935099999","2019-09-01","50.3666666","108.75","771.0","KRASNYJ CHIKOJ, RS","  61.7"," 8","  53.4"," 8","1010.4"," 8","923.7"," 8"," 24.1"," 8","  2.4"," 4","  3.9","999.9","  83.1"," ","  48.0"," "," 0.00","F","999.9","100000"
"30935099999","2019-09-02","50.3666666","108.75","771.0","KRASNYJ CHIKOJ, RS","  65.4"," 8","  57.3"," 8","1010.5"," 8","924.5"," 8"," 28.0"," 8","  1.9"," 6","  1.9","999.9","  80.4"," ","  47.7"," "," 0.00","F","999.9","100000"
"30935099999","2019-09-03","50.3666666","108.75","771.0","KRASNYJ CHIKOJ, RS","  69.1"," 8","  56.7"," 8","1006.0"," 8","921.0"," 8"," 28.0"," 8","  3.6"," 8"," 11.7","999.9","  88.2"," ","  54.5"," "," 0.00","F","999.9","110010"
"30935099999","2019-09-04","50.3666666","108.75","771.0","KRASNYJ CHIKOJ, RS","  60.0"," 8","  55.0"," 8","1010.1"," 8","923.3"," 8"," 24.1"," 8","  2.6"," 6","  5.8","999.9","  68.5"," ","  50.9","*"," 0.35","F","999.9","110000"
"30935099999","2019-09-05","50.3666666","108.75","771.0","KRASNYJ CHIKOJ, RS","  58.7"," 8","  52.7"," 8","1008.9"," 8","921.9"," 8"," 23.5"," 8","  1.9"," 6","  1.9","999.9","  72.7"," ","  50.4"," "," 0.02","F","999.9","010000"
"30935099999","2019-09-06","50.3666666","108.75","771.0","KRASNYJ CHIKOJ, RS","  53.5"," 8","  48.8"," 8","1011.7"," 8","923.6"," 8"," 15.5"," 8","  3.3"," 7","  3.9","999.9","  63.3"," ","  47.1","*"," 0.20","F","999.9","010000"
"30935099999","2019-09-07","50.3666666","108.75","771.0","KRASNYJ CHIKOJ, RS","  48.6"," 8","  39.2"," 8","1015.8"," 8","926.4"," 8"," 28.0"," 8","  5.1"," 8","  7.8","999.9","  61.7"," ","  38.7","*"," 0.24","F","999.9","010000"
"30935099999","2019-09-08","50.3666666","108.75","771.0","KRASNYJ CHIKOJ, RS","  40.3"," 7","  34.3"," 7","1020.9"," 7","929.6"," 7"," 27.5"," 7","  5.2"," 6","  9.7","999.9","  51.4"," ","  30.9","*"," 0.00","F","999.9","100000"
"30935099999","2019-09-09","50.3666666","108.75","771.0","KRASNYJ CHIKOJ, RS","  45.0"," 8","  36.3"," 8","1020.7"," 8","930.2"," 8"," 19.5"," 8","  2.9"," 6","  3.9","999.9","  63.1"," ","  29.8"," "," 0.00","F","999.9","100000"
"30935099999","2019-09-10","50.3666666","108.75","771.0","KRASNYJ CHIKOJ, RS","  49.6"," 8","  41.9"," 8","1016.2"," 8","927.0"," 8"," 24.1"," 8","  2.9"," 6","  5.8","999.9","  67.1"," ","  31.3"," "," 0.00","F","999.9","100000"
"30935099999","2019-09-11","50.3666666","108.75","771.0","KRASNYJ CHIKOJ, RS","  58.4"," 6","  46.3"," 6","1006.2"," 6","919.3"," 6"," 25.9"," 6","  2.7"," 5","  3.9","999.9","  75.9","*","  37.8"," "," 0.00","F","999.9","100000"
"30935099999","2019-09-12","50.3666666","108.75","771.0","KRASNYJ CHIKOJ, RS","  45.3"," 8","  40.4"," 8","1013.4"," 8","923.6"," 8"," 20.3"," 8","  3.6"," 7","  7.8","999.9","  54.5","*","  36.0","*"," 0.06","F","999.9","110000"
"30935099999","2019-09-13","50.3666666","108.75","771.0","KRASNYJ CHIKOJ, RS","  43.6"," 8","  39.8"," 8","1015.3"," 8","925.2"," 8"," 28.0"," 8","  2.9"," 4","  3.9","999.9","  52.9"," ","  34.7"," "," 0.15","F","999.9","010000"
"30935099999","2019-09-14","50.3666666","108.75","771.0","KRASNYJ CHIKOJ, RS","  44.1"," 8","  33.8"," 8","1014.3"," 8","924.2"," 8"," 24.9"," 8","  5.6"," 8"," 15.5","999.9","  61.7"," ","  29.7","*"," 0.00","F","999.9","110000"
"30935099999","2019-09-15","50.3666666","108.75","771.0","KRASNYJ CHIKOJ, RS","  42.2"," 8","  32.9"," 8","1018.3"," 8","927.5"," 8"," 27.2"," 8","  3.9"," 7","  9.7","999.9","  54.5"," ","  27.5"," "," 0.03","F","999.9","110000"
"30935099999","2019-09-16","50.3666666","108.75","771.0","KRASNYJ CHIKOJ, RS","  46.7"," 8","  34.9"," 8","1018.5"," 8","928.0"," 8"," 27.5"," 7","  5.1"," 8"," 13.6"," 19.4","  61.7"," ","  32.9"," "," 0.02","F","999.9","010000"
"30935099999","2019-09-17","50.3666666","108.75","771.0","KRASNYJ CHIKOJ, RS","  43.0"," 8","  29.7"," 8","1027.4"," 8","935.8"," 8"," 31.1"," 7","  4.2"," 6","  7.8","999.9","  58.1"," ","  28.2","*"," 0.00","F","999.9","000000"
"30935099999","2019-09-18","50.3666666","108.75","771.0","KRASNYJ CHIKOJ, RS","  42.2"," 7","  35.7"," 7","1022.6"," 7","931.4"," 7"," 23.4"," 7","  2.9"," 6","  7.8","999.9","  66.0"," ","  26.6"," "," 0.00","F","999.9","100000"
"30935099999","2019-09-19","50.3666666","108.75","771.0","KRASNYJ CHIKOJ, RS","  46.8"," 8","  39.7"," 8","1023.0"," 8","932.6"," 8"," 24.1"," 8","  3.9"," 7","  7.8","999.9","  64.6"," ","  30.0"," "," 0.01","F","999.9","100000"
"30935099999","2019-09-20","50.3666666","108.75","771.0","KRASNYJ CHIKOJ, RS","  46.4"," 8","  38.9"," 8","1025.0"," 8","934.3"," 8"," 23.4"," 8","  3.4"," 4","  5.8","999.9","  67.8"," ","  31.1","*"," 0.00","F","999.9","100000"
"30935099999","2019-09-21","50.3666666","108.75","771.0","KRASNYJ CHIKOJ, RS","  44.7"," 7","  38.8"," 7","1023.4"," 7","932.6"," 7"," 22.3"," 7","  1.9"," 4","  1.9","999.9","  74.7"," ","  30.7"," "," 0.00","F","999.9","100000"
"30935099999","2019-09-22","50.3666666","108.75","771.0","KRASNYJ CHIKOJ, RS","  52.9"," 8","  41.5"," 8","1024.0"," 8","934.5"," 8"," 24.1"," 8","  3.5"," 5","  7.8","999.9","  75.2"," ","  32.9"," "," 0.00","F","999.9","100000"
"30935099999","2019-09-23","50.3666666","108.75","771.0","KRASNYJ CHIKOJ, RS","  51.3"," 8","  41.5"," 8","1023.2"," 8","933.6"," 8"," 24.1"," 8","  1.9"," 5","  1.9","999.9","  77.5"," ","  33.8","*"," 0.00","F","999.9","100000"
"30935099999","2019-09-24","50.3666666","108.75","771.0","KRASNYJ CHIKOJ, RS","  53.4"," 8","  37.4"," 8","1018.0"," 8","929.1"," 8"," 24.1"," 8","  3.5"," 5","  7.8","999.9","  83.1"," ","  32.0"," "," 0.00","F","999.9","100000"
"30935099999","2019-09-25","50.3666666","108.75","771.0","KRASNYJ CHIKOJ, RS","  52.8"," 8","  37.7"," 8","1016.0"," 8","927.2"," 8"," 31.1"," 8","  1.9"," 4","  1.9","999.9","  79.0"," ","  32.4"," "," 0.00","F","999.9","000000"
"30935099999","2019-09-26","50.3666666","108.75","771.0","KRASNYJ CHIKOJ, RS","  54.8"," 8","  39.5"," 8","1011.7"," 8","923.6"," 8"," 31.1"," 8","  2.8"," 7","  7.8","999.9","  78.8"," ","  31.3"," "," 0.00","F","999.9","000000"
"30935099999","2019-09-27","50.3666666","108.75","771.0","KRASNYJ CHIKOJ, RS","  46.6"," 7","  38.6"," 7","1016.8"," 7","926.9"," 7"," 24.0"," 7","  4.7"," 7","  9.7","999.9","  65.7"," ","  36.7","*"," 0.03","F","999.9","010000"
"30935099999","2019-09-28","50.3666666","108.75","771.0","KRASNYJ CHIKOJ, RS","  42.7"," 8","  30.7"," 8","1016.3"," 8","925.8"," 8"," 27.2"," 8","  1.9"," 5","  1.9","999.9","  60.1"," ","  26.1"," "," 0.00","F","999.9","100000"
"30935099999","2019-09-29","50.3666666","108.75","771.0","KRASNYJ CHIKOJ, RS","  45.8"," 8","  34.5"," 8","1006.1"," 8","917.0"," 8"," 31.1"," 8","  2.3"," 6","  3.9","999.9","  63.1"," ","  27.1"," "," 0.00","F","999.9","000000"
"30935099999","2019-09-30","50.3666666","108.75","771.0","KRASNYJ CHIKOJ, RS","  51.1"," 7","  39.0"," 7","1005.7"," 7","917.5"," 7"," 27.5"," 7","  5.5"," 6","  9.7","999.9","  69.4"," ","  31.5"," "," 0.00","F","999.9","000000"
"30935099999","2019-10-01","50.3666666","108.75","771.0","KRASNYJ CHIKOJ, RS","  38.1"," 8","  35.3"," 8","1024.6"," 8","932.5"," 8"," 21.7"," 8","  3.1"," 5","  5.8","999.9","  43.0"," ","  33.8","*"," 0.14","F","999.9","010000"
"30935099999","2019-10-02","50.3666666","108.75","771.0","KRASNYJ CHIKOJ, RS","  36.8"," 5","  24.4"," 5","1031.7"," 5","938.8"," 5"," 31.1"," 5","999.9"," 0","999.9","999.9","  42.3"," ","  27.9","*"," 0.00","E","999.9","000000"
"30935099999","2019-10-03","50.3666666","108.75","771.0","KRASNYJ CHIKOJ, RS","  33.5"," 8","  21.3"," 8","1036.4"," 8","942.4"," 8"," 31.1"," 8","  3.3"," 7","  5.8","999.9","  48.6"," ","  21.4","*"," 0.00","F","999.9","000000"
"30935099999","2019-10-04","50.3666666","108.75","771.0","KRASNYJ CHIKOJ, RS","  35.6"," 8","  22.4"," 8","1031.6"," 8","938.3"," 8"," 31.1"," 8","  5.2"," 6","  7.8","999.9","  53.8"," ","  18.7","*"," 0.00","F","999.9","000000"
"30935099999","2019-10-05","50.3666666","108.75","771.0","KRASNYJ CHIKOJ, RS","  38.3"," 8","  22.5"," 8","1022.7"," 8","930.8"," 8"," 31.1"," 8","  5.3"," 4","  9.7"," 23.3","  59.0"," ","  16.9"," "," 0.00","F","999.9","000000"
"30935099999","2019-10-06","50.3666666","108.75","771.0","KRASNYJ CHIKOJ, RS","  41.9"," 8","  26.9"," 8","1020.4"," 8","929.4"," 8"," 28.0"," 8","  6.4"," 7"," 13.6","999.9","  57.6"," ","  24.4"," "," 0.00","F","999.9","010000"
"30935099999","2019-10-07","50.3666666","108.75","771.0","KRASNYJ CHIKOJ, RS","  35.5"," 8","  23.4"," 8","1028.2"," 8","935.3"," 8"," 31.1"," 8","  5.1"," 8","  7.8","999.9","  44.6"," ","  26.2","*"," 0.04","F","999.9","000000"
"30935099999","2019-10-08","50.3666666","108.75","771.0","KRASNYJ CHIKOJ, RS","  46.2"," 8","  30.7"," 8","1012.3"," 8","922.7"," 8"," 31.1"," 8","  4.2"," 7","  7.8","999.9","  63.7"," ","  23.2"," "," 0.00","F","999.9","000000"
"30935099999","2019-10-09","50.3666666","108.75","771.0","KRASNYJ CHIKOJ, RS","  32.5"," 8","  21.2"," 8","1020.8"," 8","928.1"," 8"," 31.1"," 8","  5.8"," 8"," 11.7","999.9","  42.6","*","  21.6","*"," 0.00","F","999.9","000000"
"30935099999","2019-10-10","50.3666666","108.75","771.0","KRASNYJ CHIKOJ, RS","  25.1"," 7","  13.2"," 7","1029.9"," 7","934.9"," 7"," 27.5"," 7","  4.4"," 7","  9.7","999.9","  34.2"," ","  19.4"," "," 0.00","E","999.9","000000"
"30935099999","2019-10-11","50.3666666","108.75","771.0","KRASNYJ CHIKOJ, RS","  23.1"," 8","   8.8"," 8","1035.1"," 8","939.2"," 8"," 31.1"," 8","  3.9"," 6","  5.8","999.9","  29.5"," ","  16.3","*"," 0.00","F","999.9","000000"
"30935099999","2019-10-12","50.3666666","108.75","771.0","KRASNYJ CHIKOJ, RS","  19.9"," 8","   8.1"," 8","1040.0"," 8","943.0"," 8"," 31.1"," 8","  4.5"," 6","  7.8","999.9","  30.2"," ","   5.9","*"," 0.00","F","999.9","000000"
"30935099999","2019-10-13","50.3666666","108.75","771.0","KRASNYJ CHIKOJ, RS","  20.1"," 8","   8.0"," 8","1042.5"," 8","945.3"," 8"," 31.1"," 8","  3.5"," 5","  5.8","999.9","  39.4"," ","   3.7"," "," 0.00","F","999.9","000000"
"30935099999","2019-10-14","50.3666666","108.75","771.0","KRASNYJ CHIKOJ, RS","  25.8"," 8","  10.9"," 8","1037.0"," 8","941.3"," 8"," 31.1"," 8","  2.7"," 5","  5.8","999.9","  51.1"," ","   5.4"," "," 0.00","F","999.9","000000"
"30935099999","2019-10-15","50.3666666","108.75","771.0","KRASNYJ CHIKOJ, RS","  29.5"," 8","  12.6"," 8","1030.6"," 8","936.2"," 8"," 31.1"," 8","  1.9"," 5","  1.9","999.9","  55.8","*","   9.9"," "," 0.00","F","999.9","000000"
"30935099999","2019-10-16","50.3666666","108.75","771.0","KRASNYJ CHIKOJ, RS","  28.5"," 8","  13.6"," 8","1025.1"," 8","931.1"," 8"," 31.1"," 8","999.9"," 0","999.9","999.9","  55.9"," ","   9.9"," "," 0.00","F","999.9","000000"
"30935099999","2019-10-17","50.3666666","108.75","771.0","KRASNYJ CHIKOJ, RS","  28.1"," 8","  11.9"," 8","1019.5"," 8","926.0"," 8"," 31.1"," 8","999.9"," 0","999.9","999.9","  54.1"," ","  12.0","*"," 0.00","F","999.9","000000"
"30935099999","2019-10-18","50.3666666","108.75","771.0","KRASNYJ CHIKOJ, RS","  33.6"," 8","  14.9"," 8","1014.2"," 8","922.2"," 8"," 31.1"," 8","  2.4"," 4","  3.9","999.9","  57.6"," ","   9.9"," "," 0.00","F","999.9","000000"
"30935099999","2019-10-19","50.3666666","108.75","771.0","KRASNYJ CHIKOJ, RS","  32.3"," 8","  25.9"," 8","1014.5"," 8","922.3"," 8"," 18.6"," 8","  4.4"," 7","  7.8","999.9","  42.4"," ","  23.4","*"," 0.00","F","999.9","100000"
"30935099999","2019-10-20","50.3666666","108.75","771.0","KRASNYJ CHIKOJ, RS","  27.4"," 8","  18.5"," 8","1020.5"," 8","926.8"," 8"," 31.1"," 8","  3.6"," 7","  5.8","999.9","  43.9"," ","  12.9","*"," 0.00","F","999.9","000000"
"30935099999","2019-10-21","50.3666666","108.75","771.0","KRASNYJ CHIKOJ, RS","  25.9"," 8","  16.7"," 8","1022.4"," 8","928.2"," 8"," 31.1"," 8","  2.7"," 5","  3.9","999.9","  42.6"," ","  11.8"," "," 0.00","F","999.9","000000"
"30935099999","2019-10-22","50.3666666","108.75","771.0","KRASNYJ CHIKOJ, RS","  26.3"," 8","  16.6"," 8","1028.5"," 8","933.9"," 8"," 18.2"," 8","  3.6"," 8","  5.8","999.9","  33.3"," ","  16.5"," "," 0.00","F","999.9","001000"
"30935099999","2019-10-23","50.3666666","108.75","771.0","KRASNYJ CHIKOJ, RS","  18.6"," 8","  11.2"," 8","1035.0"," 8","938.3"," 8"," 31.1"," 8","  3.6"," 6","  5.8","999.9","  30.7"," ","   3.6","*"," 0.02","F","999.9","000000"
"30935099999","2019-10-24","50.3666666","108.75","771.0","KRASNYJ CHIKOJ, RS","  16.5"," 8","   8.1"," 8","1031.8"," 8","935.0"," 8"," 31.1"," 8","  1.9"," 4","  1.9","999.9","  37.0"," ","   1.4"," "," 0.00","F","999.9","000000"
"30935099999","2019-10-25","50.3666666","108.75","771.0","KRASNYJ CHIKOJ, RS","  20.6"," 8","  10.5"," 8","1020.1"," 8","925.1"," 8"," 31.1"," 8","  1.9"," 5","  1.9","999.9","  42.3"," ","   3.0"," "," 0.00","F","999.9","000000"
"30935099999","2019-10-26","50.3666666","108.75","771.0","KRASNYJ CHIKOJ, RS","  25.4"," 8","  15.8"," 8","1012.4"," 8","919.1"," 8"," 31.1"," 8","  3.9"," 6"," 11.7","999.9","  44.1"," ","  10.9"," "," 0.00","F","999.9","000000"
"30935099999","2019-10-27","50.3666666","108.75","771.0","KRASNYJ CHIKOJ, RS","  21.1"," 8","  16.5"," 8","1014.1"," 8","919.8"," 8"," 15.5"," 8","  3.9"," 7","  7.8","999.9","  31.3"," ","   4.3","*"," 0.17","F","999.9","001000"
"30935099999","2019-10-28","50.3666666","108.75","771.0","KRASNYJ CHIKOJ, RS","  15.5"," 8","  10.9"," 8","1016.0"," 8","920.5"," 8"," 31.1"," 8","  1.9"," 4","  1.9","999.9","  29.1"," ","  -0.8"," "," 0.00","F","  3.5","000000"
"30935099999","2019-10-29","50.3666666","108.75","771.0","KRASNYJ CHIKOJ, RS","  23.6"," 8","  19.4"," 8","1011.3"," 8","917.7"," 8"," 28.0"," 8","  2.3"," 6","  3.9","999.9","  45.7"," ","   6.6"," "," 0.00","F","  2.8","100000"
"30935099999","2019-10-30","50.3666666","108.75","771.0","KRASNYJ CHIKOJ, RS","  31.5"," 8","  25.0"," 8","1019.3"," 8","926.5"," 8"," 31.1"," 8","  4.1"," 8","  7.8","999.9","  44.1"," ","  17.2"," "," 0.00","F","999.9","000000"
"30935099999","2019-10-31","50.3666666","108.75","771.0","KRASNYJ CHIKOJ, RS","  28.3"," 8","  18.8"," 8","1027.4"," 8","933.2"," 8"," 31.1"," 8","999.9"," 0","999.9","999.9","  47.3"," ","  15.4","*"," 0.00","E","999.9","000000"
"30935099999","2019-11-01","50.3666666","108.75","771.0","KRASNYJ CHIKOJ, RS","  26.1"," 8","  19.9"," 8","1026.2"," 8","931.7"," 8"," 31.1"," 8","  1.9"," 4","  1.9","999.9","  46.8"," ","  14.0"," "," 0.00","F","999.9","000000"
"30935099999","2019-11-02","50.3666666","108.75","771.0","KRASNYJ CHIKOJ, RS","  24.8"," 7","  20.2"," 7","1028.7"," 7","933.8"," 7"," 31.1"," 7","999.9"," 0","999.9","999.9","  45.5"," ","  15.1","*"," 0.00","F","999.9","000000"
"30935099999","2019-11-03","50.3666666","108.75","771.0","KRASNYJ CHIKOJ, RS","  32.7"," 8","  24.7"," 8","1026.4"," 8","933.2"," 8"," 21.0"," 8","  4.2"," 6","  5.8","999.9","  42.8","*","  14.4"," "," 0.00","F","999.9","100000"
"30935099999","2019-11-04","50.3666666","108.75","771.0","KRASNYJ CHIKOJ, RS","  20.8"," 8","   9.2"," 8","1036.8"," 8","940.3"," 8"," 31.1"," 8","  5.3"," 7","  9.7","999.9","  32.2"," ","   7.5","*"," 0.00","F","999.9","000000"
"30935099999","2019-11-05","50.3666666","108.75","771.0","KRASNYJ CHIKOJ, RS","  24.0"," 8","  13.1"," 8","1026.7"," 8","931.8"," 8"," 31.1"," 8","  3.5"," 5","  5.8","999.9","  31.1"," ","   5.2"," "," 0.00","F","999.9","000000"
"30935099999","2019-11-06","50.3666666","108.75","771.0","KRASNYJ CHIKOJ, RS","  20.8"," 8","  11.3"," 8","1031.3"," 8","935.3"," 8"," 31.1"," 8","  2.9"," 8","  5.8","999.9","  34.3","*","  10.0","*"," 0.00","F","999.9","000000"
"30935099999","2019-11-07","50.3666666","108.75","771.0","KRASNYJ CHIKOJ, RS","  25.2"," 5","  16.1"," 5","1025.7"," 5","931.1"," 5"," 31.1"," 5","  3.4"," 4","  7.8","999.9","  45.1","*","   6.6"," "," 0.00","F","999.9","000000"
"30935099999","2019-11-08","50.3666666","108.75","771.0","KRASNYJ CHIKOJ, RS","  24.1"," 8","  18.8"," 8","1021.3"," 8","926.8"," 8"," 28.0"," 8","  1.9"," 5","  1.9","999.9","  39.6"," ","  13.6"," "," 0.00","F","999.9","100000"
"30935099999","2019-11-09","50.3666666","108.75","771.0","KRASNYJ CHIKOJ, RS","  30.9"," 8","  23.4"," 8","1010.4"," 8","918.3"," 8"," 31.1"," 8","  2.3"," 6","  3.9","999.9","  40.8"," ","  14.5"," "," 0.00","F","999.9","000000"
"30935099999","2019-11-10","50.3666666","108.75","771.0","KRASNYJ CHIKOJ, RS","  21.2"," 8","  12.9"," 8","1019.7"," 8","924.9"," 8"," 31.1"," 8","  5.1"," 8"," 11.7","999.9","  35.1"," ","   4.1","*"," 0.00","F","999.9","000000"
"30935099999","2019-11-11","50.3666666","108.75","771.0","KRASNYJ CHIKOJ, RS","  11.7"," 8","   2.7"," 8","1025.8"," 8","928.6"," 8"," 24.9"," 8","  3.1"," 7","  5.8","999.9","  19.9"," ","   1.9"," "," 0.00","F","999.9","001000"
"30935099999","2019-11-12","50.3666666","108.75","771.0","KRASNYJ CHIKOJ, RS","   1.0"," 8","  -7.8"," 8","1037.3"," 8","936.8"," 8"," 24.9"," 8","  4.4"," 8","  7.8","999.9","  11.7"," "," -11.0","*"," 0.00","E","999.9","000000"
"30935099999","2019-11-13","50.3666666","108.75","771.0","KRASNYJ CHIKOJ, RS","  -0.1"," 8","  -8.7"," 8","1025.4"," 8","925.9"," 8"," 28.0"," 8","  3.1"," 5","  5.8","999.9","  12.6"," "," -10.5","*"," 0.00","E","999.9","000000"
"30935099999","2019-11-14","50.3666666","108.75","771.0","KRASNYJ CHIKOJ, RS","   0.6"," 8","  -6.6"," 8","1023.6"," 8","924.4"," 8"," 31.1"," 8","  3.1"," 7","  5.8","999.9","  18.5"," "," -11.7"," "," 0.00","F","999.9","000000"
"30935099999","2019-11-15","50.3666666","108.75","771.0","KRASNYJ CHIKOJ, RS","   0.2"," 8","  -5.6"," 8","1023.8"," 8","924.5"," 8"," 31.1"," 8","  1.9"," 5","  1.9","999.9","  10.8"," "," -13.7"," "," 0.00","F","999.9","000000"
"30935099999","2019-11-16","50.3666666","108.75","771.0","KRASNYJ CHIKOJ, RS","   8.6"," 8","   1.5"," 8","1026.4"," 8","928.5"," 8"," 14.6"," 8","  8.6"," 7"," 15.5","999.9","  17.4"," ","  -9.6"," "," 0.04","F","999.9","001000"
"30935099999","2019-11-17","50.3666666","108.75","771.0","KRASNYJ CHIKOJ, RS","  -5.5"," 8"," -14.0"," 8","1041.4"," 8","939.1"," 8"," 28.0"," 8","  3.4"," 8","  5.8","999.9","   4.8"," "," -23.1","*"," 0.08","F","  1.2","000000"
"30935099999","2019-11-18","50.3666666","108.75","771.0","KRASNYJ CHIKOJ, RS"," -15.8"," 8"," -23.1"," 8","1039.1"," 8","934.8"," 8"," 31.1"," 8","  1.9"," 6","  1.9","999.9","   3.6"," "," -27.8"," "," 0.00","F","  1.2","000000"
"30935099999","2019-11-19","50.3666666","108.75","771.0","KRASNYJ CHIKOJ, RS"," -13.5"," 8"," -20.2"," 8","1034.1"," 8","930.9"," 8"," 31.1"," 8","  1.9"," 5","  1.9","999.9","   1.9"," "," -27.6"," "," 0.00","F","  1.2","000000"
"30935099999","2019-11-20","50.3666666","108.75","771.0","KRASNYJ CHIKOJ, RS","  -6.7"," 8"," -12.2"," 8","1026.2"," 8","925.2"," 8"," 31.1"," 8","  1.9"," 5","  1.9","999.9","   2.1"," "," -20.9"," "," 0.00","F","  1.2","000000"
"30935099999","2019-11-21","50.3666666","108.75","771.0","KRASNYJ CHIKOJ, RS","   7.1"," 8","   1.2"," 8","1016.6"," 8","919.4"," 8"," 21.7"," 8","  2.2"," 7","  3.9","999.9","  13.5"," "," -10.8"," "," 0.00","F","  1.2","001000"
"30935099999","2019-11-22","50.3666666","108.75","771.0","KRASNYJ CHIKOJ, RS","  -1.7"," 8"," -10.9"," 8","1030.9"," 8","930.5"," 8"," 28.0"," 8","  4.4"," 7","  5.8","999.9","   9.1"," "," -15.5","*"," 0.03","F","  1.6","000000"
"30935099999","2019-11-23","50.3666666","108.75","771.0","KRASNYJ CHIKOJ, RS","  -1.8"," 7","  -9.9"," 7","1041.9"," 7","940.4"," 7"," 27.5"," 7","  4.2"," 7","  5.8","999.9","  10.4"," ","  -8.0","*"," 0.00","E","999.9","100000"
"30935099999","2019-11-24","50.3666666","108.75","771.0","KRASNYJ CHIKOJ, RS","  -6.6"," 8"," -14.4"," 8","1040.6"," 8","938.2"," 8"," 31.1"," 8","  2.7"," 5","  3.9","999.9","  11.5"," "," -18.9"," "," 0.00","F","  2.0","000000"
"30935099999","2019-11-25","50.3666666","108.75","771.0","KRASNYJ CHIKOJ, RS","  -1.3"," 8","  -7.9"," 8","1035.3"," 8","934.5"," 8"," 31.1"," 8","  2.9"," 6","  3.9","999.9","   7.9"," "," -21.6"," "," 0.00","F","  2.0","000000"
"30935099999","2019-11-26","50.3666666","108.75","771.0","KRASNYJ CHIKOJ, RS","  -3.8"," 8"," -12.8"," 8","1049.0"," 8","946.3"," 8"," 31.1"," 8","  3.9"," 6","  7.8","999.9","  12.2"," "," -21.3","*"," 0.00","F","  2.0","000000"
"30935099999","2019-11-27","50.3666666","108.75","771.0","KRASNYJ CHIKOJ, RS"," -12.6"," 8"," -18.6"," 8","1049.6"," 8","945.0"," 8"," 31.1"," 8","  1.9"," 4","  1.9","999.9","   3.9"," "," -23.1"," "," 0.00","F","  2.0","000000"
"30935099999","2019-11-28","50.3666666","108.75","771.0","KRASNYJ CHIKOJ, RS"," -11.0"," 8"," -16.8"," 8","1042.7"," 8","939.1"," 8"," 31.1"," 8","999.9"," 0","999.9","999.9","   3.2"," "," -25.2"," "," 0.00","F","  2.0","000000"
"30935099999","2019-11-29","50.3666666","108.75","771.0","KRASNYJ CHIKOJ, RS","   3.7"," 7","  -1.0"," 7","1034.4"," 7","934.8"," 7"," 13.3"," 7","  5.3"," 4","  7.8","999.9","   7.7"," ","  -2.0","*"," 0.02","E","999.9","001000"
"30935099999","2019-11-30","50.3666666","108.75","771.0","KRASNYJ CHIKOJ, RS","   4.5"," 8","  -2.4"," 8","1035.2"," 8","935.6"," 8"," 31.1"," 8","  3.9"," 8","  5.8","999.9","  12.6"," "," -10.3"," "," 0.00","F","  2.0","000000"
"30935099999","2019-12-01","50.3666666","108.75","771.0","KRASNYJ CHIKOJ, RS","   7.8"," 8","  -0.0"," 8","1031.3"," 8","932.9"," 8"," 21.7"," 8","  4.1"," 8"," 11.7","999.9","  11.8","*","  -6.5"," "," 0.00","F","  2.0","001000"
"30935099999","2019-12-02","50.3666666","108.75","771.0","KRASNYJ CHIKOJ, RS","  12.4"," 8","   9.7"," 8","1026.9"," 8","929.7"," 8","  5.3"," 8","  3.3"," 7","  7.8","999.9","  17.1"," ","   7.3"," "," 0.31","F","  4.3","001000"
"30935099999","2019-12-03","50.3666666","108.75","771.0","KRASNYJ CHIKOJ, RS","   6.2"," 8","   3.2"," 8","1034.1"," 8","935.0"," 8"," 12.4"," 8","  1.9"," 6","  1.9","999.9","  15.3"," "," -11.0","*"," 0.12","F","  4.7","001000"
"30935099999","2019-12-04","50.3666666","108.75","771.0","KRASNYJ CHIKOJ, RS"," -13.8"," 8"," -19.1"," 8","1049.9"," 8","945.0"," 8"," 28.0"," 8","999.9"," 0","999.9","999.9","   9.9"," "," -26.7","*"," 0.03","F","  5.5","100000"
"30935099999","2019-12-05","50.3666666","108.75","771.0","KRASNYJ CHIKOJ, RS","  -9.9"," 8"," -15.3"," 8","1046.5"," 8","942.8"," 8"," 27.5"," 8","999.9"," 0","999.9","999.9","  -1.1"," "," -29.2"," "," 0.00","F","  5.5","100000"
"30935099999","2019-12-06","50.3666666","108.75","771.0","KRASNYJ CHIKOJ, RS","  -7.8"," 8"," -13.2"," 8","1040.3"," 8","937.7"," 8"," 28.0"," 8","999.9"," 0","999.9","999.9","  10.4"," "," -19.1","*"," 0.00","F","  5.5","100000"
"30935099999","2019-12-07","50.3666666","108.75","771.0","KRASNYJ CHIKOJ, RS","  -8.1"," 8"," -12.1"," 8","1029.7"," 8","928.1"," 8"," 27.2"," 8","  1.9"," 4","  1.9","999.9","   0.9"," "," -20.4"," "," 0.00","F","  5.5","100000"
"30935099999","2019-12-08","50.3666666","108.75","771.0","KRASNYJ CHIKOJ, RS","   3.9"," 8","   0.8"," 8","1024.7"," 8","926.0"," 8"," 24.9"," 8","  1.9"," 4","  1.9","999.9","  14.4"," "," -13.9"," "," 0.01","F","  5.5","001000"
"30935099999","2019-12-09","50.3666666","108.75","771.0","KRASNYJ CHIKOJ, RS","  11.0"," 8","   7.2"," 8","1024.5"," 8","927.3"," 8"," 12.4"," 8","  2.9"," 8","  5.8","999.9","  17.2","*","  -4.2"," "," 0.01","F","  5.5","001000"
"30935099999","2019-12-10","50.3666666","108.75","771.0","KRASNYJ CHIKOJ, RS","   1.2"," 8","  -7.6"," 8","1031.4"," 8","931.5"," 8"," 31.1"," 8","  7.8"," 5"," 11.7"," 21.4","  16.0"," "," -15.9","*"," 0.00","E","999.9","000000"
"30935099999","2019-12-11","50.3666666","108.75","771.0","KRASNYJ CHIKOJ, RS","  -4.6"," 8","  -8.9"," 8","1028.3"," 8","927.5"," 8"," 23.9"," 8","999.9"," 0","999.9","999.9","   1.2"," "," -17.0"," "," 0.01","F","  5.1","001000"
"30935099999","2019-12-12","50.3666666","108.75","771.0","KRASNYJ CHIKOJ, RS","  15.3"," 8","   8.8"," 8","1023.7"," 8","927.4"," 8"," 18.2"," 8","  4.2"," 7","  7.8","999.9","  24.6"," ","  -6.9"," "," 0.01","F","  5.1","001000"
"30935099999","2019-12-13","50.3666666","108.75","771.0","KRASNYJ CHIKOJ, RS","   7.2"," 7","   2.5"," 7","1026.7"," 7","928.5"," 7"," 31.1"," 7","  3.4"," 4","  3.9","999.9","  24.6"," ","  -6.2","*"," 0.00","F","  5.1","000000"
"30935099999","2019-12-14","50.3666666","108.75","771.0","KRASNYJ CHIKOJ, RS","  -2.5"," 8","  -5.9"," 8","1025.8"," 8","925.8"," 8"," 21.1"," 8","  1.9"," 7","  1.9","999.9","  11.5"," "," -13.7","*"," 0.00","F","  5.1","100000"
"30935099999","2019-12-15","50.3666666","108.75","771.0","KRASNYJ CHIKOJ, RS","   3.2"," 8","  -1.1"," 8","1029.5"," 8","930.2"," 8"," 21.3"," 8","999.9"," 0","999.9","999.9","  12.7","*"," -16.1"," "," 0.02","F","  4.7","101000"
"30935099999","2019-12-16","50.3666666","108.75","771.0","KRASNYJ CHIKOJ, RS","   1.3"," 8","  -5.9"," 8","1039.0"," 8","938.5"," 8"," 31.1"," 8","  4.2"," 7","  5.8","999.9","  13.5"," ","  -9.4","*"," 0.02","F","  5.1","000000"
"30935099999","2019-12-17","50.3666666","108.75","771.0","KRASNYJ CHIKOJ, RS","  -3.5"," 8","  -8.8"," 8","1038.8"," 8","937.2"," 8"," 31.1"," 8","  2.5"," 7","  3.9","999.9","   8.8"," "," -14.4"," "," 0.00","F","  5.1","000000"
"30935099999","2019-12-18","50.3666666","108.75","771.0","KRASNYJ CHIKOJ, RS","   1.7"," 8","  -4.8"," 8","1035.9"," 8","935.8"," 8"," 12.4"," 8","  4.1"," 8","  5.8","999.9","   6.8"," ","  -9.0"," "," 0.00","F","  5.1","000000"
"30935099999","2019-12-19","50.3666666","108.75","771.0","KRASNYJ CHIKOJ, RS","   2.4"," 8","  -7.1"," 8","1028.1"," 8","928.8"," 8"," 31.1"," 8","  3.4"," 8","  5.8","999.9","  11.1"," ","  -3.8","*"," 0.01","F","  5.1","000000"
"30935099999","2019-12-20","50.3666666","108.75","771.0","KRASNYJ CHIKOJ, RS","   4.1"," 8","  -0.1"," 8","1024.3"," 8","925.8"," 8"," 18.6"," 8","  3.2"," 8","  3.9","999.9","  11.5"," ","  -5.6","*"," 0.02","E","999.9","001000"
"30935099999","2019-12-21","50.3666666","108.75","771.0","KRASNYJ CHIKOJ, RS","  -5.7"," 8"," -10.5"," 8","1027.4"," 8","926.5"," 8"," 31.1"," 8","  1.9"," 5","  1.9","999.9","   8.6"," "," -17.9","*"," 0.00","F","  5.1","000000"
"30935099999","2019-12-22","50.3666666","108.75","771.0","KRASNYJ CHIKOJ, RS","  -9.6"," 8"," -13.9"," 8","1033.2"," 8","930.9"," 8"," 18.6"," 8","999.9"," 0","999.9","999.9","  -0.4","*"," -19.5"," "," 0.02","F","  5.1","001000"
"30935099999","2019-12-23","50.3666666","108.75","771.0","KRASNYJ CHIKOJ, RS"," -14.5"," 8"," -19.6"," 8","1033.2"," 8","929.8"," 8"," 24.9"," 8","999.9"," 0","999.9","999.9","  -3.6"," "," -21.3"," "," 0.00","F","  5.1","100000"
"30935099999","2019-12-24","50.3666666","108.75","771.0","KRASNYJ CHIKOJ, RS"," -15.3"," 8"," -20.3"," 8","1035.8"," 8","932.0"," 8"," 18.6"," 8","999.9"," 0","999.9","999.9","  -1.3"," "," -24.5"," "," 0.02","F","  5.1","001000"
"30935099999","2019-12-25","50.3666666","108.75","771.0","KRASNYJ CHIKOJ, RS"," -17.5"," 8"," -23.2"," 8","1035.9"," 8","931.6"," 8"," 31.1"," 8","999.9"," 0","999.9","999.9","  -4.7"," "," -28.8","*"," 0.01","F","  5.1","000000"
"30935099999","2019-12-26","50.3666666","108.75","771.0","KRASNYJ CHIKOJ, RS"," -22.7"," 8"," -28.4"," 8","1029.3"," 8","924.6"," 8"," 24.9"," 8","999.9"," 0","999.9","999.9"," -11.7"," "," -32.4"," "," 0.00","F","  5.1","100000"
"30935099999","2019-12-27","50.3666666","108.75","771.0","KRASNYJ CHIKOJ, RS"," -14.9"," 8"," -20.9"," 8","1025.7"," 8","923.0"," 8"," 24.9"," 8","999.9"," 0","999.9","999.9","  -4.9"," "," -26.7"," "," 0.00","F","  5.1","001000"
"30935099999","2019-12-28","50.3666666","108.75","771.0","KRASNYJ CHIKOJ, RS","  -6.2"," 8"," -14.6"," 8","1034.3"," 8","932.6"," 8"," 24.9"," 8","  3.6"," 6","  5.8","999.9","   0.5"," "," -18.0"," "," 0.03","F","  5.1","001000"
"30935099999","2019-12-29","50.3666666","108.75","771.0","KRASNYJ CHIKOJ, RS"," -19.9"," 8"," -28.0"," 8","1050.8"," 8","944.4"," 8"," 31.1"," 8","  1.9"," 5","  1.9","999.9","  -5.3"," "," -38.4","*"," 0.00","F","  5.1","000000"
"30935099999","2019-12-30","50.3666666","108.75","771.0","KRASNYJ CHIKOJ, RS"," -32.2"," 8"," -39.3"," 8","1047.5"," 8","938.6"," 8"," 23.4"," 8","  1.0"," 4","  1.9","999.9"," -21.3"," "," -43.2"," "," 0.00","E","  5.1","100000"
"30935099999","2019-12-31","50.3666666","108.75","771.0","KRASNYJ CHIKOJ, RS"," -18.8"," 8"," -26.2"," 8","1038.9"," 8","934.0"," 8"," 23.9"," 8","  1.5"," 4","  1.9","999.9"," -11.6"," "," -36.4"," "," 0.00","F","  5.1","000000"
