"STATION","DATE","LATITUDE","LONGITUDE","ELEVATION","NAME","TEMP","TEMP_ATTRIBUTES","DEWP","DEWP_ATTRIBUTES","SLP","SLP_ATTRIBUTES","STP","STP_ATTRIBUTES","VISIB","VISIB_ATTRIBUTES","WDSP","WDSP_ATTRIBUTES","MXSPD","GUST","MAX","MAX_ATTRIBUTES","MIN","MIN_ATTRIBUTES","PRCP","PRCP_ATTRIBUTES","SNDP","FRSHTT"
"36821599999","2019-01-01","53.32","69.6","263.0","KOKSHETAU AIRPORT, KZ","   1.7","11","  -2.4","11","9999.9"," 0","999.9"," 0","  6.0","11","  8.3","11"," 11.7","999.9","   5.0","*","  -4.0","*","99.99"," ","999.9","001000"
"36821599999","2019-01-02","53.32","69.6","263.0","KOKSHETAU AIRPORT, KZ","   2.5","11","  -0.7","11","9999.9"," 0","999.9"," 0","  6.2","11","  3.7","11","  5.8","999.9","  10.4","*","  -7.6","*","99.99"," ","999.9","001000"
"36821599999","2019-01-03","53.32","69.6","263.0","KOKSHETAU AIRPORT, KZ","  -5.0","13","  -8.3","13","9999.9"," 0","999.9"," 0","  4.3","13","  1.8","13","  3.9","999.9","   1.4","*"," -13.0","*","99.99"," ","999.9","101000"
"36821599999","2019-01-04","53.32","69.6","263.0","KOKSHETAU AIRPORT, KZ","  14.5","11","  12.5","11","9999.9"," 0","999.9"," 0","  5.5","11","  5.5","11","  7.8","999.9","  15.8","*","  12.2","*","99.99"," ","999.9","001000"
"36821599999","2019-01-05","53.32","69.6","263.0","KOKSHETAU AIRPORT, KZ","  10.4","13","   7.6","13","9999.9"," 0","999.9"," 0","  6.2","13","  8.2","13"," 15.5","999.9","  15.8","*","   1.4","*"," 0.00","I","999.9","000000"
"36821599999","2019-01-06","53.32","69.6","263.0","KOKSHETAU AIRPORT, KZ","   5.2","11","   1.1","11","9999.9"," 0","999.9"," 0","  6.2","11"," 10.6","11"," 15.5","999.9","  10.4","*","   1.4","*"," 0.00","I","999.9","000000"
"36821599999","2019-01-07","53.32","69.6","263.0","KOKSHETAU AIRPORT, KZ","  17.8","11","  15.0","11","9999.9"," 0","999.9"," 0","  5.8","11","  8.8","11"," 13.6","999.9","  19.4","*","  15.8","*","99.99"," ","999.9","001000"
"36821599999","2019-01-08","53.32","69.6","263.0","KOKSHETAU AIRPORT, KZ","  15.1","11","  13.8","11","9999.9"," 0","999.9"," 0","  4.2","11","  0.0","11","999.9","999.9","  19.4","*","  12.2","*","99.99"," ","999.9","001000"
"36821599999","2019-01-09","53.32","69.6","263.0","KOKSHETAU AIRPORT, KZ","   4.8","11","   0.4","11","9999.9"," 0","999.9"," 0","  6.2","11"," 12.2","11"," 17.5","999.9","   6.8","*","   3.2","*"," 0.00","I","999.9","000000"
"36821599999","2019-01-10","53.32","69.6","263.0","KOKSHETAU AIRPORT, KZ","  -5.2","15","  -8.8","15","9999.9"," 0","999.9"," 0","  5.3","15","  2.5","15","  7.8","999.9","   3.2","*"," -11.2","*","99.99"," ","999.9","001000"
"36821599999","2019-01-11","53.32","69.6","263.0","KOKSHETAU AIRPORT, KZ","   0.6","11","  -2.9","11","9999.9"," 0","999.9"," 0","  6.2","11","  5.1","11","  7.8","999.9","   8.6","*","  -7.6","*"," 0.00","I","999.9","000000"
"36821599999","2019-01-12","53.32","69.6","263.0","KOKSHETAU AIRPORT, KZ","   0.6","13","  -3.2","13","9999.9"," 0","999.9"," 0","  6.2","13","  7.8","13"," 11.7","999.9","   6.8","*","  -9.4","*","99.99"," ","999.9","001000"
"36821599999","2019-01-13","53.32","69.6","263.0","KOKSHETAU AIRPORT, KZ","  16.5","11","  13.0","11","9999.9"," 0","999.9"," 0","  5.8","11"," 17.5","11"," 23.3","999.9","  23.0","*","  10.4","*"," 0.00","I","999.9","000000"
"36821599999","2019-01-14","53.32","69.6","263.0","KOKSHETAU AIRPORT, KZ","  21.5","11","  17.9","11","9999.9"," 0","999.9"," 0","  5.3","11"," 20.7","11"," 27.2","999.9","  23.0","*","  19.4","*"," 0.00","I","999.9","000000"
"36821599999","2019-01-15","53.32","69.6","263.0","KOKSHETAU AIRPORT, KZ","  17.8","11","  15.3","11","9999.9"," 0","999.9"," 0","  5.2","11","  5.8","11","  9.7","999.9","  19.4","*","  14.0","*","99.99"," ","999.9","001000"
"36821599999","2019-01-16","53.32","69.6","263.0","KOKSHETAU AIRPORT, KZ","   3.2","11","   0.9","11","9999.9"," 0","999.9"," 0","  5.3","11","  4.1","11","  7.8","999.9","   8.6","*","  -0.4","*","99.99"," ","999.9","001000"
"36821599999","2019-01-17","53.32","69.6","263.0","KOKSHETAU AIRPORT, KZ","   6.5","13","   4.3","13","9999.9"," 0","999.9"," 0","  6.2","13"," 10.6","13"," 17.5","999.9","  14.0","*","  -2.2","*"," 0.00","I","999.9","000000"
"36821599999","2019-01-18","53.32","69.6","263.0","KOKSHETAU AIRPORT, KZ","  21.9","11","  19.7","11","9999.9"," 0","999.9"," 0","  6.2","11","  9.7","11"," 13.6","999.9","  26.6","*","  17.6","*"," 0.00","I","999.9","000000"
"36821599999","2019-01-19","53.32","69.6","263.0","KOKSHETAU AIRPORT, KZ","  13.7","13","  10.0","13","9999.9"," 0","999.9"," 0","  6.2","13","  5.8","13","  7.8","999.9","  21.2","*","   6.8","*"," 0.00","I","999.9","000000"
"36821599999","2019-01-20","53.32","69.6","263.0","KOKSHETAU AIRPORT, KZ","  30.7","11","  26.8","11","9999.9"," 0","999.9"," 0","  6.2","11"," 11.8","11"," 17.5","999.9","  32.0","*","  28.4","*","99.99"," ","999.9","010000"
"36821599999","2019-01-21","53.32","69.6","263.0","KOKSHETAU AIRPORT, KZ","  23.0","11","  21.7","11","9999.9"," 0","999.9"," 0","  5.3","11"," 10.6","11"," 17.5","999.9","  28.4","*","  14.0","*","99.99"," ","999.9","001000"
"36821599999","2019-01-22","53.32","69.6","263.0","KOKSHETAU AIRPORT, KZ","   6.0","11","   1.9","11","9999.9"," 0","999.9"," 0","  5.8","11"," 13.1","11"," 21.4","999.9","  10.4","*","   1.4","*"," 0.00","I","999.9","000000"
"36821599999","2019-01-23","53.32","69.6","263.0","KOKSHETAU AIRPORT, KZ","  19.6","11","  15.6","11","9999.9"," 0","999.9"," 0","  6.2","11"," 17.0","11"," 21.4","999.9","  21.2","*","  17.6","*"," 0.00","I","999.9","000000"
"36821599999","2019-01-24","53.32","69.6","263.0","KOKSHETAU AIRPORT, KZ","   9.2","13","   6.0","13","9999.9"," 0","999.9"," 0","  5.7","13"," 12.4","13"," 15.5","999.9","  21.2","*","  -5.8","*","99.99"," ","999.9","001000"
"36821599999","2019-01-25","53.32","69.6","263.0","KOKSHETAU AIRPORT, KZ","  -4.8","11","  -9.9","11","9999.9"," 0","999.9"," 0","  6.2","11","  7.8","11"," 13.6","999.9","   3.2","*"," -14.8","*"," 0.00","I","999.9","000000"
"36821599999","2019-01-26","53.32","69.6","263.0","KOKSHETAU AIRPORT, KZ","   6.9","12","   1.7","12","9999.9"," 0","999.9"," 0","  6.2","12"," 15.2","12"," 19.4"," 25.3","  15.8","*","  -2.2","*"," 0.00","I","999.9","000000"
"36821599999","2019-01-27","53.32","69.6","263.0","KOKSHETAU AIRPORT, KZ","  -8.1","11"," -12.8","11","9999.9"," 0","999.9"," 0","  6.0","11"," 11.5","11"," 15.5","999.9","  -5.8","*"," -11.2","*"," 0.00","I","999.9","000000"
"36821599999","2019-01-28","53.32","69.6","263.0","KOKSHETAU AIRPORT, KZ"," -10.9","11"," -16.1","11","9999.9"," 0","999.9"," 0","  6.2","11","  5.7","11","  7.8","999.9","  -0.4","*"," -27.4","*"," 0.00","I","999.9","000000"
"36821599999","2019-01-29","53.32","69.6","263.0","KOKSHETAU AIRPORT, KZ","  -1.1","10","  -9.9","10","9999.9"," 0","999.9"," 0","  5.8","10"," 12.8","10"," 17.5","999.9","   5.0","*","  -7.6","*"," 0.00","I","999.9","000000"
"36821599999","2019-01-30","53.32","69.6","263.0","KOKSHETAU AIRPORT, KZ","  11.2","11","   0.4","11","9999.9"," 0","999.9"," 0","  6.2","11"," 10.6","11"," 15.5","999.9","  15.8","*","   8.6","*"," 0.00","I","999.9","000000"
"36821599999","2019-01-31","53.32","69.6","263.0","KOKSHETAU AIRPORT, KZ","  -3.0","13","  -7.3","13","9999.9"," 0","999.9"," 0","  4.2","13"," 14.5","13"," 19.4","999.9","   5.0","*"," -11.2","*","99.99"," ","999.9","001000"
"36821599999","2019-02-01","53.32","69.6","263.0","KOKSHETAU AIRPORT, KZ","  -2.0","11"," -11.2","11","9999.9"," 0","999.9"," 0","  5.9","11","  8.3","11"," 11.7","999.9","   5.0","*"," -11.2","*","99.99"," ","999.9","001000"
"36821599999","2019-02-02","53.32","69.6","263.0","KOKSHETAU AIRPORT, KZ","   9.8","13","   3.1","13","9999.9"," 0","999.9"," 0","  6.1","13"," 10.2","13"," 13.6","999.9","  10.4","*","   8.6","*","99.99"," ","999.9","001000"
"36821599999","2019-02-03","53.32","69.6","263.0","KOKSHETAU AIRPORT, KZ","  -1.2","11","  -5.3","11","9999.9"," 0","999.9"," 0","  4.8","11","  7.4","11","  9.7","999.9","  -0.4","*","  -2.2","*","99.99"," ","999.9","001000"
"36821599999","2019-02-04","53.32","69.6","263.0","KOKSHETAU AIRPORT, KZ","  -8.9","11"," -13.7","11","9999.9"," 0","999.9"," 0","  2.9","11"," 13.2","11"," 21.4","999.9","  -7.6","*"," -11.2","*","99.99"," ","999.9","001000"
"36821599999","2019-02-05","53.32","69.6","263.0","KOKSHETAU AIRPORT, KZ"," -19.1","10"," -25.2","10","9999.9"," 0","999.9"," 0","  1.8","10"," 19.6","10"," 23.3","999.9"," -16.6","*"," -20.2","*","99.99"," ","999.9","001000"
"36821599999","2019-02-06","53.32","69.6","263.0","KOKSHETAU AIRPORT, KZ"," -24.9","11"," -31.5","11","9999.9"," 0","999.9"," 0","  6.2","11","  5.5","11","  7.8","999.9"," -16.6","*"," -34.6","*"," 0.00","I","999.9","000000"
"36821599999","2019-02-07","53.32","69.6","263.0","KOKSHETAU AIRPORT, KZ"," -23.2","13"," -30.2","13","9999.9"," 0","999.9"," 0","  5.6","13","  2.7","13","  5.8","999.9"," -14.8","*"," -34.6","*"," 0.00","I","999.9","000000"
"36821599999","2019-02-08","53.32","69.6","263.0","KOKSHETAU AIRPORT, KZ"," -13.0","11"," -20.5","11","9999.9"," 0","999.9"," 0","  6.2","11"," 11.7","11"," 19.4","999.9","  -4.0","*"," -25.6","*"," 0.00","I","999.9","000000"
"36821599999","2019-02-09","53.32","69.6","263.0","KOKSHETAU AIRPORT, KZ","   0.9","23","  -2.4","23","9999.9"," 0","999.9"," 0","  3.0","23","  7.3","23"," 19.4","999.9","   8.6","*"," -13.0","*","99.99"," ","999.9","001000"
"36821599999","2019-02-10","53.32","69.6","263.0","KOKSHETAU AIRPORT, KZ","  -8.6","13"," -12.6","13","9999.9"," 0","999.9"," 0","  6.0","13","  4.0","13","  5.8","999.9","   3.2","*"," -18.4","*","99.99"," ","999.9","001000"
"36821599999","2019-02-11","53.32","69.6","263.0","KOKSHETAU AIRPORT, KZ","   6.8","11","   3.7","11","9999.9"," 0","999.9"," 0","  5.3","11","  5.8","11","  7.8","999.9","  10.4","*","   3.2","*","99.99"," ","999.9","001000"
"36821599999","2019-02-12","53.32","69.6","263.0","KOKSHETAU AIRPORT, KZ","  18.1","11","  15.1","11","9999.9"," 0","999.9"," 0","  5.4","11","  8.3","11"," 11.7","999.9","  21.2","*","  12.2","*"," 0.00","I","999.9","000000"
"36821599999","2019-02-13","53.32","69.6","263.0","KOKSHETAU AIRPORT, KZ","  10.7","11","   8.3","11","9999.9"," 0","999.9"," 0","  5.4","11","  6.5","11"," 11.7","999.9","  17.6","*","  -2.2","*"," 0.00","I","999.9","000000"
"36821599999","2019-02-14","53.32","69.6","263.0","KOKSHETAU AIRPORT, KZ","   8.6","13","   4.6","13","9999.9"," 0","999.9"," 0","  5.4","13","  4.6","13","  9.7","999.9","  21.2","*"," -11.2","*"," 0.00","I","999.9","100000"
"36821599999","2019-02-15","53.32","69.6","263.0","KOKSHETAU AIRPORT, KZ","  13.2","11","   7.0","11","9999.9"," 0","999.9"," 0","  6.2","11","  9.4","11"," 13.6","999.9","  19.4","*","   5.0","*"," 0.00","I","999.9","000000"
"36821599999","2019-02-16","53.32","69.6","263.0","KOKSHETAU AIRPORT, KZ","  14.8","14","  11.3","14","9999.9"," 0","999.9"," 0","  5.9","14"," 12.2","14"," 15.5","999.9","  19.4","*","   8.6","*","99.99"," ","999.9","001000"
"36821599999","2019-02-17","53.32","69.6","263.0","KOKSHETAU AIRPORT, KZ","  16.0","11","  11.5","11","9999.9"," 0","999.9"," 0","  6.0","11","  9.7","11"," 11.7","999.9","  19.4","*","  10.4","*"," 0.00","I","999.9","000000"
"36821599999","2019-02-18","53.32","69.6","263.0","KOKSHETAU AIRPORT, KZ","  16.1","11","  14.0","11","9999.9"," 0","999.9"," 0","  3.2","11","  5.8","11","  9.7","999.9","  19.4","*","  12.2","*","99.99"," ","999.9","001000"
"36821599999","2019-02-19","53.32","69.6","263.0","KOKSHETAU AIRPORT, KZ","  26.8","11","  24.1","11","9999.9"," 0","999.9"," 0","  6.0","11"," 16.6","11"," 23.3","999.9","  32.0","*","  21.2","*","99.99"," ","999.9","001000"
"36821599999","2019-02-20","53.32","69.6","263.0","KOKSHETAU AIRPORT, KZ","  22.8","11","  19.7","11","9999.9"," 0","999.9"," 0","  5.6","11","  9.2","11"," 15.5","999.9","  26.6","*","  17.6","*","99.99"," ","999.9","001000"
"36821599999","2019-02-21","53.32","69.6","263.0","KOKSHETAU AIRPORT, KZ","  12.3","13","   7.8","13","9999.9"," 0","999.9"," 0","  6.1","13"," 12.1","13"," 17.5","999.9","  17.6","*","   8.6","*","99.99"," ","999.9","001000"
"36821599999","2019-02-22","53.32","69.6","263.0","KOKSHETAU AIRPORT, KZ","  19.4","11","  13.7","11","9999.9"," 0","999.9"," 0","  6.2","11"," 15.4","11"," 19.4","999.9","  24.8","*","  15.8","*"," 0.00","I","999.9","000000"
"36821599999","2019-02-23","53.32","69.6","263.0","KOKSHETAU AIRPORT, KZ","  13.8","18","  10.1","18","9999.9"," 0","999.9"," 0","  6.2","18"," 11.5","18"," 19.4","999.9","  21.2","*","   8.6","*"," 0.00","I","999.9","000000"
"36821599999","2019-02-24","53.32","69.6","263.0","KOKSHETAU AIRPORT, KZ","  13.5","11","   7.6","11","9999.9"," 0","999.9"," 0","  6.2","11"," 11.8","11"," 15.5","999.9","  17.6","*","   8.6","*"," 0.00","I","999.9","000000"
"36821599999","2019-02-25","53.32","69.6","263.0","KOKSHETAU AIRPORT, KZ","   9.1","11","   4.2","11","9999.9"," 0","999.9"," 0","  6.2","11"," 13.2","11"," 19.4","999.9","  15.8","*","   1.4","*"," 0.00","I","999.9","000000"
"36821599999","2019-02-26","53.32","69.6","263.0","KOKSHETAU AIRPORT, KZ","  12.5","11","   8.9","11","9999.9"," 0","999.9"," 0","  5.0","11","  4.8","11","  7.8","999.9","  21.2","*","   3.2","*","99.99"," ","999.9","001000"
"36821599999","2019-02-27","53.32","69.6","263.0","KOKSHETAU AIRPORT, KZ","   8.9","11","   5.0","11","9999.9"," 0","999.9"," 0","  6.2","11","  7.1","11","  9.7","999.9","  17.6","*","  -2.2","*","99.99"," ","999.9","001000"
"36821599999","2019-02-28","53.32","69.6","263.0","KOKSHETAU AIRPORT, KZ","   3.5","13","  -0.7","13","9999.9"," 0","999.9"," 0","  6.2","13","  4.6","13","  7.8","999.9","  12.2","*","  -9.4","*"," 0.00","I","999.9","000000"
"36821599999","2019-03-01","53.32","69.6","263.0","KOKSHETAU AIRPORT, KZ","  16.0","11","  11.7","11","9999.9"," 0","999.9"," 0","  6.2","11"," 11.5","11"," 15.5","999.9","  21.2","*","   6.8","*"," 0.00","I","999.9","000000"
"36821599999","2019-03-02","53.32","69.6","263.0","KOKSHETAU AIRPORT, KZ","  15.9","13","  10.3","13","9999.9"," 0","999.9"," 0","  5.6","13","  8.2","13"," 11.7","999.9","  24.8","*","   1.4","*","99.99"," ","999.9","001000"
"36821599999","2019-03-03","53.32","69.6","263.0","KOKSHETAU AIRPORT, KZ","  29.4","11","  25.1","11","9999.9"," 0","999.9"," 0","  6.2","11"," 25.3","11"," 29.1"," 38.9","  33.8","*","  24.8","*"," 0.00","I","999.9","000000"
"36821599999","2019-03-04","53.32","69.6","263.0","KOKSHETAU AIRPORT, KZ","  18.9","11","  12.9","11","9999.9"," 0","999.9"," 0","  6.2","11"," 19.2","11"," 23.3","999.9","  21.2","*","  15.8","*"," 0.00","I","999.9","000000"
"36821599999","2019-03-05","53.32","69.6","263.0","KOKSHETAU AIRPORT, KZ","  19.9","11","  16.1","11","9999.9"," 0","999.9"," 0","  5.8","11"," 15.0","11"," 17.5","999.9","  23.0","*","  14.0","*","99.99"," ","999.9","001000"
"36821599999","2019-03-06","53.32","69.6","263.0","KOKSHETAU AIRPORT, KZ","  30.5","11","  27.7","11","9999.9"," 0","999.9"," 0","  5.5","11"," 10.9","11"," 15.5","999.9","  33.8","*","  26.6","*","99.99"," ","999.9","001000"
"36821599999","2019-03-07","53.32","69.6","263.0","KOKSHETAU AIRPORT, KZ","  30.6","15","  22.9","15","9999.9"," 0","999.9"," 0","  6.2","15"," 19.7","15"," 29.1"," 35.0","  32.0","*","  30.2","*"," 0.00","I","999.9","000000"
"36821599999","2019-03-08","53.32","69.6","263.0","KOKSHETAU AIRPORT, KZ","  19.9","11","  12.2","11","9999.9"," 0","999.9"," 0","  6.2","11","  7.6","11","  9.7","999.9","  24.8","*","  14.0","*"," 0.00","I","999.9","000000"
"36821599999","2019-03-09","53.32","69.6","263.0","KOKSHETAU AIRPORT, KZ","  18.2","13","   6.9","13","9999.9"," 0","999.9"," 0","  6.2","13","  8.2","13"," 11.7","999.9","  28.4","*","  -0.4","*"," 0.00","I","999.9","000000"
"36821599999","2019-03-10","53.32","69.6","263.0","KOKSHETAU AIRPORT, KZ","  16.0","11","  11.2","11","9999.9"," 0","999.9"," 0","  6.2","11"," 13.6","11"," 19.4","999.9","  24.8","*","  -0.4","*"," 0.00","I","999.9","000000"
"36821599999","2019-03-11","53.32","69.6","263.0","KOKSHETAU AIRPORT, KZ","  33.6","11","  28.4","11","9999.9"," 0","999.9"," 0","  6.2","11"," 13.2","11"," 15.5","999.9","  37.4","*","  30.2","*"," 0.00","I","999.9","000000"
"36821599999","2019-03-12","53.32","69.6","263.0","KOKSHETAU AIRPORT, KZ","  30.3","14","  24.7","14","9999.9"," 0","999.9"," 0","  6.2","14"," 12.3","14"," 17.5","999.9","  33.8","*","  23.0","*"," 0.00","I","999.9","000000"
"36821599999","2019-03-13","53.32","69.6","263.0","KOKSHETAU AIRPORT, KZ","  32.3","11","  28.1","11","9999.9"," 0","999.9"," 0","  6.2","11"," 15.4","11"," 23.3","999.9","  37.4","*","  26.6","*"," 0.00","I","999.9","000000"
"36821599999","2019-03-14","53.32","69.6","263.0","KOKSHETAU AIRPORT, KZ","  32.8","13","  29.0","13","9999.9"," 0","999.9"," 0","  6.2","13"," 12.7","13"," 19.4","999.9","  35.6","*","  28.4","*"," 0.00","I","999.9","000000"
"36821599999","2019-03-15","53.32","69.6","263.0","KOKSHETAU AIRPORT, KZ","  30.4","11","  24.6","11","9999.9"," 0","999.9"," 0","  6.2","11"," 20.0","11"," 23.3"," 33.0","  32.0","*","  28.4","*","99.99"," ","999.9","001000"
"36821599999","2019-03-16","53.32","69.6","263.0","KOKSHETAU AIRPORT, KZ","  25.7"," 8","  17.4"," 8","9999.9"," 0","999.9"," 0","  6.2"," 8"," 19.7"," 8"," 25.3","999.9","  28.4","*","  21.2","*"," 0.00","I","999.9","000000"
"36821599999","2019-03-17","53.32","69.6","263.0","KOKSHETAU AIRPORT, KZ","  23.7","11","  14.0","11","9999.9"," 0","999.9"," 0","  6.2","11","  7.6","11","  9.7","999.9","  30.2","*","  10.4","*"," 0.00","I","999.9","000000"
"36821599999","2019-03-18","53.32","69.6","263.0","KOKSHETAU AIRPORT, KZ","  19.9","11","  13.5","11","9999.9"," 0","999.9"," 0","  6.2","11","  5.5","11","  9.7","999.9","  28.4","*","   3.2","*"," 0.00","I","999.9","000000"
"36821599999","2019-03-19","53.32","69.6","263.0","KOKSHETAU AIRPORT, KZ","  22.3","11","  15.3","11","9999.9"," 0","999.9"," 0","  6.2","11","  6.9","11"," 11.7","999.9","  32.0","*","   5.0","*"," 0.00","I","999.9","000000"
"36821599999","2019-03-20","53.32","69.6","263.0","KOKSHETAU AIRPORT, KZ","  27.5","12","  19.3","12","9999.9"," 0","999.9"," 0","  6.2","12"," 10.0","12"," 13.6","999.9","  35.6","*","  14.0","*"," 0.00","I","999.9","000000"
"36821599999","2019-03-21","53.32","69.6","263.0","KOKSHETAU AIRPORT, KZ","  31.3","13","  24.2","13","9999.9"," 0","999.9"," 0","  6.2","13"," 10.6","13"," 13.6","999.9","  37.4","*","  21.2","*"," 0.00","I","999.9","000000"
"36821599999","2019-03-22","53.32","69.6","263.0","KOKSHETAU AIRPORT, KZ","  33.8","11","  28.7","11","9999.9"," 0","999.9"," 0","  6.2","11","  8.7","11","  9.7","999.9","  41.0","*","  24.8","*"," 0.00","I","999.9","000000"
"36821599999","2019-03-23","53.32","69.6","263.0","KOKSHETAU AIRPORT, KZ","  33.2","13","  29.1","13","9999.9"," 0","999.9"," 0","  6.0","13","  3.6","13","  5.8","999.9","  37.4","*","  30.2","*"," 0.00","I","999.9","000000"
"36821599999","2019-03-24","53.32","69.6","263.0","KOKSHETAU AIRPORT, KZ","  33.5","11","  30.7","11","9999.9"," 0","999.9"," 0","  3.6","11","  3.5","11","  5.8","999.9","  41.0","*","  28.4","*"," 0.00","I","999.9","100000"
"36821599999","2019-03-25","53.32","69.6","263.0","KOKSHETAU AIRPORT, KZ","  36.9","11","  27.6","11","9999.9"," 0","999.9"," 0","  6.2","11","  7.8","11"," 11.7","999.9","  42.8","*","  24.8","*"," 0.00","I","999.9","000000"
"36821599999","2019-03-26","53.32","69.6","263.0","KOKSHETAU AIRPORT, KZ","  37.4","11","  34.5","11","9999.9"," 0","999.9"," 0","  5.5","11"," 15.0","11"," 21.4","999.9","  44.6","*","  32.0","*","99.99"," ","999.9","010000"
"36821599999","2019-03-27","53.32","69.6","263.0","KOKSHETAU AIRPORT, KZ","  36.7","11","  26.9","11","9999.9"," 0","999.9"," 0","  6.0","11","  3.9","11","  5.8","999.9","  44.6","*","  23.0","*"," 0.00","I","999.9","000000"
"36821599999","2019-03-28","53.32","69.6","263.0","KOKSHETAU AIRPORT, KZ","  35.7","13","  27.0","13","9999.9"," 0","999.9"," 0","  6.2","13"," 17.2","13"," 23.3"," 31.1","  39.2","*","  28.4","*"," 0.00","I","999.9","000000"
"36821599999","2019-03-29","53.32","69.6","263.0","KOKSHETAU AIRPORT, KZ","  40.2","11","  39.5","11","9999.9"," 0","999.9"," 0","  6.2","11","  9.0","11"," 11.7","999.9","  44.6","*","  35.6","*","99.99"," ","999.9","010000"
"36821599999","2019-03-30","53.32","69.6","263.0","KOKSHETAU AIRPORT, KZ","  40.5","14","  31.0","14","9999.9"," 0","999.9"," 0","  6.1","14"," 12.2","14"," 17.5","999.9","  46.4","*","  33.8","*"," 0.00","I","999.9","000000"
"36821599999","2019-03-31","53.32","69.6","263.0","KOKSHETAU AIRPORT, KZ","  34.6","12","  29.7","12","9999.9"," 0","999.9"," 0","  5.0","12"," 13.6","12"," 21.4"," 29.1","  41.0","*","  30.2","*","99.99"," ","999.9","011000"
"36821599999","2019-04-01","53.32","69.6","263.0","KOKSHETAU AIRPORT, KZ","  41.7","13","  28.7","13","9999.9"," 0","999.9"," 0","  6.2","13"," 10.2","13"," 13.6","999.9","  48.2","*","  28.4","*"," 0.00","I","999.9","000000"
"36821599999","2019-04-02","53.32","69.6","263.0","KOKSHETAU AIRPORT, KZ","  46.3","13","  33.7","13","9999.9"," 0","999.9"," 0","  6.2","13","  5.7","13"," 11.7","999.9","  51.8","*","  35.6","*"," 0.00","I","999.9","000000"
"36821599999","2019-04-03","53.32","69.6","263.0","KOKSHETAU AIRPORT, KZ","  43.1","11","  38.2","11","9999.9"," 0","999.9"," 0","  5.5","11"," 12.2","11"," 15.5","999.9","  50.0","*","  33.8","*"," 0.00","I","999.9","000000"
"36821599999","2019-04-04","53.32","69.6","263.0","KOKSHETAU AIRPORT, KZ","  45.9","11","  43.0","11","9999.9"," 0","999.9"," 0","  5.3","11","  6.5","11"," 11.7","999.9","  48.2","*","  42.8","*","99.99"," ","999.9","010000"
"36821599999","2019-04-05","53.32","69.6","263.0","KOKSHETAU AIRPORT, KZ","  32.7","12","  32.3","12","9999.9"," 0","999.9"," 0","  4.4","12"," 10.8","12"," 13.6","999.9","  33.8","*","  32.0","*","99.99"," ","999.9","010000"
"36821599999","2019-04-06","53.32","69.6","263.0","KOKSHETAU AIRPORT, KZ","  39.2","16","  26.5","16","9999.9"," 0","999.9"," 0","  6.2","16","  6.6","16","  9.7","999.9","  48.2","*","  23.0","*"," 0.00","I","999.9","000000"
"36821599999","2019-04-07","53.32","69.6","263.0","KOKSHETAU AIRPORT, KZ","  42.9","12","  27.8","12","9999.9"," 0","999.9"," 0","  6.2","12","  6.2","12","  9.7","999.9","  51.8","*","  24.8","*"," 0.00","I","999.9","000000"
"36821599999","2019-04-08","53.32","69.6","263.0","KOKSHETAU AIRPORT, KZ","  48.7","11","  29.1","11","9999.9"," 0","999.9"," 0","  6.2","11","  6.2","11","  7.8","999.9","  55.4","*","  33.8","*"," 0.00","I","999.9","000000"
"36821599999","2019-04-09","53.32","69.6","263.0","KOKSHETAU AIRPORT, KZ","  50.2","11","  29.2","11","9999.9"," 0","999.9"," 0","  6.2","11","  5.8","11","  9.7","999.9","  57.2","*","  35.6","*"," 0.00","I","999.9","000000"
"36821599999","2019-04-10","53.32","69.6","263.0","KOKSHETAU AIRPORT, KZ","  48.5","11","  32.5","11","9999.9"," 0","999.9"," 0","  6.1","11","  5.7","11","  9.7","999.9","  55.4","*","  32.0","*"," 0.00","I","999.9","000000"
"36821599999","2019-04-11","53.32","69.6","263.0","KOKSHETAU AIRPORT, KZ","  50.1","17","  30.3","17","9999.9"," 0","999.9"," 0","  6.2","17","  2.7","17","  3.9","999.9","  60.8","*","  33.8","*"," 0.00","I","999.9","000000"
"36821599999","2019-04-12","53.32","69.6","263.0","KOKSHETAU AIRPORT, KZ","  54.6","16","  29.3","16","9999.9"," 0","999.9"," 0","  6.2","16","  3.8","16","  7.8","999.9","  66.2","*","  30.2","*"," 0.00","I","999.9","000000"
"36821599999","2019-04-13","53.32","69.6","263.0","KOKSHETAU AIRPORT, KZ","  60.4","14","  29.2","14","9999.9"," 0","999.9"," 0","  6.2","14","  7.9","14"," 11.7","999.9","  68.0","*","  41.0","*"," 0.00","I","999.9","000000"
"36821599999","2019-04-14","53.32","69.6","263.0","KOKSHETAU AIRPORT, KZ","  41.7","13","  37.3","13","9999.9"," 0","999.9"," 0","  5.2","13"," 13.6","13"," 19.4","999.9","  44.6","*","  39.2","*","99.99"," ","999.9","010000"
"36821599999","2019-04-15","53.32","69.6","263.0","KOKSHETAU AIRPORT, KZ","  29.4","11","  25.9","11","9999.9"," 0","999.9"," 0","  4.4","11"," 17.0","11"," 21.4","999.9","  32.0","*","  26.6","*","99.99"," ","999.9","001000"
"36821599999","2019-04-16","53.32","69.6","263.0","KOKSHETAU AIRPORT, KZ","  36.3","11","  23.3","11","9999.9"," 0","999.9"," 0","  6.2","11"," 16.4","11"," 21.4"," 25.3","  44.6","*","  24.8","*"," 0.00","I","999.9","000000"
"36821599999","2019-04-17","53.32","69.6","263.0","KOKSHETAU AIRPORT, KZ","  28.1","11","  24.3","11","9999.9"," 0","999.9"," 0","  3.0","11"," 16.2","11"," 25.3"," 31.1","  35.6","*","  19.4","*","99.99"," ","999.9","011000"
"36821599999","2019-04-18","53.32","69.6","263.0","KOKSHETAU AIRPORT, KZ","  24.3","17","  11.7","17","9999.9"," 0","999.9"," 0","  6.2","17","  8.1","17"," 13.6","999.9","  32.0","*","  14.0","*"," 0.00","I","999.9","000000"
"36821599999","2019-04-19","53.32","69.6","263.0","KOKSHETAU AIRPORT, KZ","  31.1","12","  16.9","12","9999.9"," 0","999.9"," 0","  6.2","12"," 11.8","12"," 17.5","999.9","  39.2","*","  19.4","*"," 0.00","I","999.9","000000"
"36821599999","2019-04-20","53.32","69.6","263.0","KOKSHETAU AIRPORT, KZ","  40.4","14","  18.2","14","9999.9"," 0","999.9"," 0","  6.2","14","  7.6","14"," 11.7"," 19.4","  46.4","*","  28.4","*"," 0.00","I","999.9","000000"
"36821599999","2019-04-21","53.32","69.6","263.0","KOKSHETAU AIRPORT, KZ","  42.2","12","  26.6","12","9999.9"," 0","999.9"," 0","  6.2","12","  7.1","12","  9.7","999.9","  48.2","*","  33.8","*"," 0.00","I","999.9","000000"
"36821599999","2019-04-22","53.32","69.6","263.0","KOKSHETAU AIRPORT, KZ","  44.8"," 9","  24.6"," 9","9999.9"," 0","999.9"," 0","  6.2"," 9","  4.5"," 9","  7.8","999.9","  48.2","*","  37.4","*"," 0.00","I","999.9","000000"
"36821599999","2019-04-23","53.32","69.6","263.0","KOKSHETAU AIRPORT, KZ","  49.5","11","  28.2","11","9999.9"," 0","999.9"," 0","  6.2","11","  9.5","11"," 17.5"," 23.3","  57.2","*","  37.4","*"," 0.00","I","999.9","000000"
"36821599999","2019-04-24","53.32","69.6","263.0","KOKSHETAU AIRPORT, KZ","  55.7","11","  26.3","11","9999.9"," 0","999.9"," 0","  6.2","11"," 11.1","11"," 13.6"," 21.4","  62.6","*","  46.4","*"," 0.00","I","999.9","000000"
"36821599999","2019-04-25","53.32","69.6","263.0","KOKSHETAU AIRPORT, KZ","  42.4","14","  35.5","14","9999.9"," 0","999.9"," 0","  6.0","14"," 11.1","14"," 17.5","999.9","  46.4","*","  37.4","*","99.99"," ","999.9","010000"
"36821599999","2019-04-26","53.32","69.6","263.0","KOKSHETAU AIRPORT, KZ","  40.7","12","  27.2","12","9999.9"," 0","999.9"," 0","  6.2","12","  6.2","12"," 11.7","999.9","  46.4","*","  28.4","*"," 0.00","I","999.9","000000"
"36821599999","2019-04-27","53.32","69.6","263.0","KOKSHETAU AIRPORT, KZ","  41.8","15","  27.3","15","9999.9"," 0","999.9"," 0","  5.8","15"," 11.4","15"," 17.5"," 23.3","  50.0","*","  32.0","*","99.99"," ","999.9","010000"
"36821599999","2019-04-28","53.32","69.6","263.0","KOKSHETAU AIRPORT, KZ","  51.7","12","  36.2","12","9999.9"," 0","999.9"," 0","  6.2","12"," 18.9","12"," 29.1"," 38.9","  59.0","*","  39.2","*","99.99"," ","999.9","010000"
"36821599999","2019-04-29","53.32","69.6","263.0","KOKSHETAU AIRPORT, KZ","  63.7","11","  38.2","11","9999.9"," 0","999.9"," 0","  6.1","11"," 24.2","11"," 33.0"," 46.6","  69.8","*","  55.4","*","99.99"," ","999.9","010000"
"36821599999","2019-04-30","53.32","69.6","263.0","KOKSHETAU AIRPORT, KZ","  25.8","11","  19.9","11","9999.9"," 0","999.9"," 0","  6.2","11"," 14.5","11"," 17.5","999.9","  28.4","*","  23.0","*","99.99"," ","999.9","001000"
"36821599999","2019-05-01","53.32","69.6","263.0","KOKSHETAU AIRPORT, KZ","  34.0","11","  21.5","11","9999.9"," 0","999.9"," 0","  6.2","11"," 11.8","11"," 15.5","999.9","  41.0","*","  23.0","*"," 0.00","I","999.9","000000"
"36821599999","2019-05-02","53.32","69.6","263.0","KOKSHETAU AIRPORT, KZ","  45.2","17","  19.2","17","9999.9"," 0","999.9"," 0","  6.2","17","  5.9","17","  9.7","999.9","  51.8","*","  32.0","*"," 0.00","I","999.9","000000"
"36821599999","2019-05-03","53.32","69.6","263.0","KOKSHETAU AIRPORT, KZ","  53.1","12","  21.8","12","9999.9"," 0","999.9"," 0","  6.2","12"," 10.2","12"," 13.6","999.9","  60.8","*","  35.6","*"," 0.00","I","999.9","000000"
"36821599999","2019-05-04","53.32","69.6","263.0","KOKSHETAU AIRPORT, KZ","  60.8","15","  21.6","15","9999.9"," 0","999.9"," 0","  6.2","15"," 13.6","15"," 17.5"," 25.3","  68.0","*","  48.2","*"," 0.00","I","999.9","000000"
"36821599999","2019-05-05","53.32","69.6","263.0","KOKSHETAU AIRPORT, KZ","  63.7","12","  30.5","12","9999.9"," 0","999.9"," 0","  6.2","12","  9.2","12"," 13.6","999.9","  77.0","*","  50.0","*"," 0.00","I","999.9","000000"
"36821599999","2019-05-06","53.32","69.6","263.0","KOKSHETAU AIRPORT, KZ","  71.3","11","  28.2","11","9999.9"," 0","999.9"," 0","  6.2","11","  5.1","11","  7.8","999.9","  78.8","*","  53.6","*"," 0.00","I","999.9","000000"
"36821599999","2019-05-07","53.32","69.6","263.0","KOKSHETAU AIRPORT, KZ","  71.2","13","  32.7","13","9999.9"," 0","999.9"," 0","  6.2","13","  4.2","13","  7.8","999.9","  84.2","*","  50.0","*"," 0.00","I","999.9","000000"
"36821599999","2019-05-08","53.32","69.6","263.0","KOKSHETAU AIRPORT, KZ","  73.1","13","  37.1","13","9999.9"," 0","999.9"," 0","  6.2","13","  8.1","13"," 11.7","999.9","  84.2","*","  50.0","*"," 0.00","I","999.9","000000"
"36821599999","2019-05-09","53.32","69.6","263.0","KOKSHETAU AIRPORT, KZ","  77.5","17","  41.0","17","9999.9"," 0","999.9"," 0","  6.2","17","  5.8","17","  7.8"," 13.6","  86.0","*","  64.4","*"," 0.00","I","999.9","000000"
"36821599999","2019-05-10","53.32","69.6","263.0","KOKSHETAU AIRPORT, KZ","  75.1","13","  47.0","13","9999.9"," 0","999.9"," 0","  6.2","13"," 11.4","13"," 15.5","999.9","  82.4","*","  62.6","*"," 0.00","I","999.9","000000"
"36821599999","2019-05-11","53.32","69.6","263.0","KOKSHETAU AIRPORT, KZ","  75.5","14","  44.3","14","9999.9"," 0","999.9"," 0","  6.2","14","  4.9","14","  7.8","999.9","  80.6","*","  60.8","*"," 0.00","I","999.9","000000"
"36821599999","2019-05-12","53.32","69.6","263.0","KOKSHETAU AIRPORT, KZ","  64.2","15","  40.5","15","9999.9"," 0","999.9"," 0","  6.2","15","  8.3","15"," 13.6"," 19.4","  73.4","*","  46.4","*"," 0.00","I","999.9","000000"
"36821599999","2019-05-13","53.32","69.6","263.0","KOKSHETAU AIRPORT, KZ","  56.8","15","  28.9","15","9999.9"," 0","999.9"," 0","  6.2","15","  8.4","15"," 11.7","999.9","  64.4","*","  44.6","*"," 0.00","I","999.9","000000"
"36821599999","2019-05-14","53.32","69.6","263.0","KOKSHETAU AIRPORT, KZ","  52.8","11","  41.5","11","9999.9"," 0","999.9"," 0","  6.1","11"," 11.3","11"," 17.5","999.9","  64.4","*","  44.6","*","99.99"," ","999.9","010000"
"36821599999","2019-05-15","53.32","69.6","263.0","KOKSHETAU AIRPORT, KZ","  41.5","14","  18.2","14","9999.9"," 0","999.9"," 0","  6.2","14","  7.6","14","  9.7"," 17.5","  48.2","*","  28.4","*"," 0.00","I","999.9","000000"
"36821599999","2019-05-16","53.32","69.6","263.0","KOKSHETAU AIRPORT, KZ","  50.2","16","  19.5","16","9999.9"," 0","999.9"," 0","  6.2","16","  5.3","16","  7.8","999.9","  57.2","*","  39.2","*"," 0.00","I","999.9","000000"
"36821599999","2019-05-17","53.32","69.6","263.0","KOKSHETAU AIRPORT, KZ","  61.2","15","  22.2","15","9999.9"," 0","999.9"," 0","  6.2","15"," 15.7","15"," 21.4"," 36.9","  68.0","*","  42.8","*"," 0.00","I","999.9","000000"
"36821599999","2019-05-18","53.32","69.6","263.0","KOKSHETAU AIRPORT, KZ","  49.6","15","  44.4","15","9999.9"," 0","999.9"," 0","  6.1","15","  8.8","15"," 13.6","999.9","  53.6","*","  41.0","*","99.99"," ","999.9","010000"
"36821599999","2019-05-19","53.32","69.6","263.0","KOKSHETAU AIRPORT, KZ","  50.5","12","  39.2","12","9999.9"," 0","999.9"," 0","  6.2","12"," 17.3","12"," 23.3"," 33.0","  57.2","*","  39.2","*","99.99"," ","999.9","010000"
"36821599999","2019-05-20","53.32","69.6","263.0","KOKSHETAU AIRPORT, KZ","  49.7","11","  33.1","11","9999.9"," 0","999.9"," 0","  6.1","11","  8.8","11"," 15.5"," 19.4","  55.4","*","  42.8","*","99.99"," ","999.9","010000"
"36821599999","2019-05-21","53.32","69.6","263.0","KOKSHETAU AIRPORT, KZ","  49.3","10","  32.9","10","9999.9"," 0","999.9"," 0","  6.2","10"," 11.1","10"," 15.5"," 23.3","  55.4","*","  41.0","*"," 0.00","I","999.9","000000"
"36821599999","2019-05-22","53.32","69.6","263.0","KOKSHETAU AIRPORT, KZ","  42.6","11","  38.5","11","9999.9"," 0","999.9"," 0","  6.0","11"," 12.9","11"," 17.5"," 23.3","  48.2","*","  39.2","*","99.99"," ","999.9","010000"
"36821599999","2019-05-23","53.32","69.6","263.0","KOKSHETAU AIRPORT, KZ","  56.6","16","  31.7","16","9999.9"," 0","999.9"," 0","  6.2","16","  7.3","16"," 11.7","999.9","  64.4","*","  42.8","*"," 0.00","I","999.9","000000"
"36821599999","2019-05-24","53.32","69.6","263.0","KOKSHETAU AIRPORT, KZ","  70.7","12","  35.2","12","9999.9"," 0","999.9"," 0","  6.2","12"," 19.6","12"," 25.3"," 38.9","  77.0","*","  55.4","*"," 0.00","I","999.9","000000"
"36821599999","2019-05-25","53.32","69.6","263.0","KOKSHETAU AIRPORT, KZ","  41.8","23","  33.0","23","9999.9"," 0","999.9"," 0","  6.2","23"," 12.3","23"," 19.4","999.9","  60.8","*","  28.4","*","99.99"," ","999.9","010000"
"36821599999","2019-05-26","53.32","69.6","263.0","KOKSHETAU AIRPORT, KZ","  49.7","13","  27.0","13","9999.9"," 0","999.9"," 0","  6.2","13"," 11.5","13"," 15.5"," 23.3","  59.0","*","  33.8","*"," 0.00","I","999.9","000000"
"36821599999","2019-05-27","53.32","69.6","263.0","KOKSHETAU AIRPORT, KZ","  64.1","12","  29.8","12","9999.9"," 0","999.9"," 0","  6.2","12"," 11.2","12"," 15.5","999.9","  71.6","*","  44.6","*"," 0.00","I","999.9","000000"
"36821599999","2019-05-28","53.32","69.6","263.0","KOKSHETAU AIRPORT, KZ","  75.5","11","  40.3","11","9999.9"," 0","999.9"," 0","  6.2","11"," 11.7","11"," 15.5","999.9","  82.4","*","  60.8","*"," 0.00","I","999.9","000000"
"36821599999","2019-05-29","53.32","69.6","263.0","KOKSHETAU AIRPORT, KZ","  68.8","11","  47.9","11","9999.9"," 0","999.9"," 0","  6.2","11","  6.0","11"," 13.6","999.9","  75.2","*","  64.4","*","99.99"," ","999.9","010000"
"36821599999","2019-05-30","53.32","69.6","263.0","KOKSHETAU AIRPORT, KZ","  66.3","13","  43.1","13","9999.9"," 0","999.9"," 0","  6.2","13"," 10.8","13"," 15.5"," 23.3","  69.8","*","  57.2","*"," 0.00","I","999.9","000000"
"36821599999","2019-05-31","53.32","69.6","263.0","KOKSHETAU AIRPORT, KZ","  74.4","13","  45.7","13","9999.9"," 0","999.9"," 0","  6.2","13"," 16.1","13"," 19.4"," 27.2","  80.6","*","  60.8","*"," 0.00","I","999.9","000000"
"36821599999","2019-06-01","53.32","69.6","263.0","KOKSHETAU AIRPORT, KZ","  62.6","21","  53.9","21","9999.9"," 0","999.9"," 0","  5.3","21"," 10.7","21"," 19.4","999.9","  73.4","*","  42.8","*"," 0.00","I","999.9","100000"
"36821599999","2019-06-02","53.32","69.6","263.0","KOKSHETAU AIRPORT, KZ","  66.8","15","  50.8","15","9999.9"," 0","999.9"," 0","  5.8","15","  4.4","15"," 11.7","999.9","  77.0","*","  44.6","*"," 0.00","I","999.9","000000"
"36821599999","2019-06-03","53.32","69.6","263.0","KOKSHETAU AIRPORT, KZ","  65.5","11","  42.6","11","9999.9"," 0","999.9"," 0","  6.2","11","  9.0","11"," 11.7","999.9","  71.6","*","  57.2","*"," 0.00","I","999.9","000000"
"36821599999","2019-06-04","53.32","69.6","263.0","KOKSHETAU AIRPORT, KZ","  68.8","11","  48.4","11","9999.9"," 0","999.9"," 0","  6.2","11"," 10.6","11"," 15.5","999.9","  73.4","*","  60.8","*","99.99"," ","999.9","010000"
"36821599999","2019-06-05","53.32","69.6","263.0","KOKSHETAU AIRPORT, KZ","  51.1","11","  44.4","11","9999.9"," 0","999.9"," 0","  6.2","11"," 13.2","11"," 17.5","999.9","  53.6","*","  50.0","*"," 0.00","I","999.9","000000"
"36821599999","2019-06-06","53.32","69.6","263.0","KOKSHETAU AIRPORT, KZ","  55.0","13","  42.7","13","9999.9"," 0","999.9"," 0","  6.2","13","  4.5","13","  7.8","999.9","  62.6","*","  46.4","*"," 0.00","I","999.9","000000"
"36821599999","2019-06-07","53.32","69.6","263.0","KOKSHETAU AIRPORT, KZ","  57.4","11","  52.9","11","9999.9"," 0","999.9"," 0","  6.2","11"," 15.4","11"," 17.5"," 27.2","  60.8","*","  55.4","*","99.99"," ","999.9","010000"
"36821599999","2019-06-08","53.32","69.6","263.0","KOKSHETAU AIRPORT, KZ","  54.8","20","  51.6","20","9999.9"," 0","999.9"," 0","  5.5","20"," 15.7","20"," 21.4","999.9","  60.8","*","  51.8","*","99.99"," ","999.9","010000"
"36821599999","2019-06-09","53.32","69.6","263.0","KOKSHETAU AIRPORT, KZ","  58.2","13","  47.6","13","9999.9"," 0","999.9"," 0","  6.1","13"," 15.5","13"," 19.4"," 25.3","  68.0","*","  51.8","*","99.99"," ","999.9","010000"
"36821599999","2019-06-10","53.32","69.6","263.0","KOKSHETAU AIRPORT, KZ","  68.2","11","  46.9","11","9999.9"," 0","999.9"," 0","  6.2","11","  9.2","11"," 11.7"," 21.4","  77.0","*","  55.4","*"," 0.00","I","999.9","000000"
"36821599999","2019-06-11","53.32","69.6","263.0","KOKSHETAU AIRPORT, KZ","  77.3","11","  57.5","11","9999.9"," 0","999.9"," 0","  6.2","11","  8.1","11","  9.7","999.9","  82.4","*","  68.0","*"," 0.00","I","999.9","000000"
"36821599999","2019-06-12","53.32","69.6","263.0","KOKSHETAU AIRPORT, KZ","  76.3","13","  58.7","13","9999.9"," 0","999.9"," 0","  6.2","13","  9.3","13"," 13.6","999.9","  82.4","*","  68.0","*"," 0.00","I","999.9","000000"
"36821599999","2019-06-13","53.32","69.6","263.0","KOKSHETAU AIRPORT, KZ","  63.2","16","  47.0","16","9999.9"," 0","999.9"," 0","  6.2","16"," 11.8","16"," 17.5","999.9","  69.8","*","  50.0","*"," 0.00","I","999.9","000000"
"36821599999","2019-06-14","53.32","69.6","263.0","KOKSHETAU AIRPORT, KZ","  53.6","11","  36.1","11","9999.9"," 0","999.9"," 0","  6.2","11","  9.0","11"," 11.7","999.9","  55.4","*","  50.0","*"," 0.00","I","999.9","000000"
"36821599999","2019-06-15","53.32","69.6","263.0","KOKSHETAU AIRPORT, KZ","  51.4","20","  37.0","20","9999.9"," 0","999.9"," 0","  6.2","20","  4.0","20","  7.8","999.9","  60.8","*","  37.4","*"," 0.00","I","999.9","000000"
"36821599999","2019-06-16","53.32","69.6","263.0","KOKSHETAU AIRPORT, KZ","  57.9","16","  40.1","16","9999.9"," 0","999.9"," 0","  6.2","16","  9.0","16"," 17.5"," 27.2","  66.2","*","  39.2","*","99.99"," ","999.9","010000"
"36821599999","2019-06-17","53.32","69.6","263.0","KOKSHETAU AIRPORT, KZ","  60.1","11","  46.4","11","9999.9"," 0","999.9"," 0","  6.1","11","  9.9","11"," 17.5"," 25.3","  66.2","*","  53.6","*","99.99"," ","999.9","010000"
"36821599999","2019-06-18","53.32","69.6","263.0","KOKSHETAU AIRPORT, KZ","  58.2","11","  42.5","11","9999.9"," 0","999.9"," 0","  6.2","11","  9.2","11"," 11.7","999.9","  62.6","*","  51.8","*"," 0.00","I","999.9","000000"
"36821599999","2019-06-19","53.32","69.6","263.0","KOKSHETAU AIRPORT, KZ","  61.0","11","  44.8","11","9999.9"," 0","999.9"," 0","  6.2","11","  8.1","11"," 13.6","999.9","  68.0","*","  55.4","*"," 0.00","I","999.9","000000"
"36821599999","2019-06-20","53.32","69.6","263.0","KOKSHETAU AIRPORT, KZ","  70.2","13","  43.5","13","9999.9"," 0","999.9"," 0","  6.2","13","  6.1","13","  9.7","999.9","  75.2","*","  59.0","*"," 0.00","I","999.9","000000"
"36821599999","2019-06-21","53.32","69.6","263.0","KOKSHETAU AIRPORT, KZ","  75.7","11","  47.7","11","9999.9"," 0","999.9"," 0","  6.2","11"," 10.6","11"," 17.5"," 29.1","  82.4","*","  64.4","*","99.99"," ","999.9","010010"
"36821599999","2019-06-22","53.32","69.6","263.0","KOKSHETAU AIRPORT, KZ","  55.7","20","  39.4","20","9999.9"," 0","999.9"," 0","  6.2","20"," 12.2","20"," 19.4"," 29.1","  64.4","*","  37.4","*"," 0.00","I","999.9","000000"
"36821599999","2019-06-23","53.32","69.6","263.0","KOKSHETAU AIRPORT, KZ","  56.2","13","  45.7","13","9999.9"," 0","999.9"," 0","  6.2","13","  7.6","13"," 13.6","999.9","  64.4","*","  41.0","*","99.99"," ","999.9","010000"
"36821599999","2019-06-24","53.32","69.6","263.0","KOKSHETAU AIRPORT, KZ","  68.7","11","  63.3","11","9999.9"," 0","999.9"," 0","  6.2","11","  9.5","11"," 13.6","999.9","  75.2","*","  62.6","*","99.99"," ","999.9","010000"
"36821599999","2019-06-25","53.32","69.6","263.0","KOKSHETAU AIRPORT, KZ","  75.9","11","  61.6","11","9999.9"," 0","999.9"," 0","  6.2","11","  4.8","11"," 13.6"," 27.2","  82.4","*","  66.2","*","99.99"," ","999.9","010010"
"36821599999","2019-06-26","53.32","69.6","263.0","KOKSHETAU AIRPORT, KZ","  63.7","11","  57.7","11","9999.9"," 0","999.9"," 0","  5.9","11"," 11.7","11"," 15.5","999.9","  66.2","*","  60.8","*"," 0.00","I","999.9","000000"
"36821599999","2019-06-27","53.32","69.6","263.0","KOKSHETAU AIRPORT, KZ","  54.2","13","  44.3","13","9999.9"," 0","999.9"," 0","  6.2","13","  9.4","13"," 13.6","999.9","  57.2","*","  51.8","*"," 0.00","I","999.9","000000"
"36821599999","2019-06-28","53.32","69.6","263.0","KOKSHETAU AIRPORT, KZ","  61.3","11","  45.4","11","9999.9"," 0","999.9"," 0","  6.2","11","  7.6","11","  9.7","999.9","  64.4","*","  55.4","*"," 0.00","I","999.9","000000"
"36821599999","2019-06-29","53.32","69.6","263.0","KOKSHETAU AIRPORT, KZ","  62.9","22","  45.7","22","9999.9"," 0","999.9"," 0","  6.2","22","  6.8","22","  9.7"," 17.5","  73.4","*","  46.4","*"," 0.00","I","999.9","000000"
"36821599999","2019-06-30","53.32","69.6","263.0","KOKSHETAU AIRPORT, KZ","  67.3","13","  45.7","13","9999.9"," 0","999.9"," 0","  6.2","13"," 10.0","13"," 13.6"," 23.3","  75.2","*","  50.0","*"," 0.00","I","999.9","000000"
"36821599999","2019-07-01","53.32","69.6","263.0","KOKSHETAU AIRPORT, KZ","  73.9","11","  43.6","11","9999.9"," 0","999.9"," 0","  6.2","11"," 15.5","11"," 19.4","999.9","  80.6","*","  64.4","*"," 0.00","I","999.9","000000"
"36821599999","2019-07-02","53.32","69.6","263.0","KOKSHETAU AIRPORT, KZ","  68.7","11","  52.1","11","9999.9"," 0","999.9"," 0","  6.2","11"," 14.7","11"," 21.4","999.9","  73.4","*","  62.6","*","99.99"," ","999.9","010000"
"36821599999","2019-07-03","53.32","69.6","263.0","KOKSHETAU AIRPORT, KZ","  67.2","12","  54.8","12","9999.9"," 0","999.9"," 0","  6.2","12"," 13.1","12"," 25.3"," 36.9","  75.2","*","  60.8","*","99.99"," ","999.9","010010"
"36821599999","2019-07-04","53.32","69.6","263.0","KOKSHETAU AIRPORT, KZ","  68.6","14","  55.1","14","9999.9"," 0","999.9"," 0","  6.2","14","  8.7","14"," 13.6","999.9","  75.2","*","  59.0","*"," 0.00","I","999.9","000000"
"36821599999","2019-07-05","53.32","69.6","263.0","KOKSHETAU AIRPORT, KZ","  77.2","11","  53.8","11","9999.9"," 0","999.9"," 0","  6.2","11"," 10.9","11"," 13.6"," 23.3","  82.4","*","  66.2","*"," 0.00","I","999.9","000000"
"36821599999","2019-07-06","53.32","69.6","263.0","KOKSHETAU AIRPORT, KZ","  64.5","20","  55.2","20","9999.9"," 0","999.9"," 0","  6.2","20","  8.2","20"," 25.3"," 35.0","  77.0","*","  48.2","*"," 0.00","I","999.9","000000"
"36821599999","2019-07-07","53.32","69.6","263.0","KOKSHETAU AIRPORT, KZ","  66.6","13","  50.6","13","9999.9"," 0","999.9"," 0","  6.2","13","  9.6","13"," 11.7"," 21.4","  75.2","*","  50.0","*"," 0.00","I","999.9","000000"
"36821599999","2019-07-08","53.32","69.6","263.0","KOKSHETAU AIRPORT, KZ","  78.5","11","  47.9","11","9999.9"," 0","999.9"," 0","  6.2","11"," 12.2","11"," 17.5","999.9","  84.2","*","  68.0","*"," 0.00","I","999.9","000000"
"36821599999","2019-07-09","53.32","69.6","263.0","KOKSHETAU AIRPORT, KZ","  68.2","11","  50.5","11","9999.9"," 0","999.9"," 0","  6.2","11"," 11.1","11"," 15.5","999.9","  73.4","*","  64.4","*","99.99"," ","999.9","010000"
"36821599999","2019-07-10","53.32","69.6","263.0","KOKSHETAU AIRPORT, KZ","  73.4","11","  52.0","11","9999.9"," 0","999.9"," 0","  6.2","11","  4.1","11","  5.8","999.9","  80.6","*","  60.8","*"," 0.00","I","999.9","000000"
"36821599999","2019-07-11","53.32","69.6","263.0","KOKSHETAU AIRPORT, KZ","  81.0","13","  50.7","13","9999.9"," 0","999.9"," 0","  6.2","13"," 11.4","13"," 15.5","999.9","  87.8","*","  68.0","*"," 0.00","I","999.9","000000"
"36821599999","2019-07-12","53.32","69.6","263.0","KOKSHETAU AIRPORT, KZ","  85.0","11","  50.0","11","9999.9"," 0","999.9"," 0","  6.2","11","  9.4","11"," 13.6","999.9","  91.4","*","  73.4","*"," 0.00","I","999.9","000000"
"36821599999","2019-07-13","53.32","69.6","263.0","KOKSHETAU AIRPORT, KZ","  75.1","19","  51.0","19","9999.9"," 0","999.9"," 0","  6.2","19","  8.4","19"," 13.6"," 23.3","  86.0","*","  57.2","*"," 0.00","I","999.9","000000"
"36821599999","2019-07-14","53.32","69.6","263.0","KOKSHETAU AIRPORT, KZ","  78.2","13","  53.7","13","9999.9"," 0","999.9"," 0","  6.2","13"," 10.2","13"," 15.5","999.9","  89.6","*","  57.2","*"," 0.00","I","999.9","000000"
"36821599999","2019-07-15","53.32","69.6","263.0","KOKSHETAU AIRPORT, KZ","  84.9","11","  58.0","11","9999.9"," 0","999.9"," 0","  6.2","11","  9.4","11"," 13.6","999.9","  91.4","*","  73.4","*"," 0.00","I","999.9","000000"
"36821599999","2019-07-16","53.32","69.6","263.0","KOKSHETAU AIRPORT, KZ","  87.8","11","  52.8","11","9999.9"," 0","999.9"," 0","  6.2","11"," 13.2","11"," 17.5","999.9","  95.0","*","  75.2","*"," 0.00","I","999.9","000000"
"36821599999","2019-07-17","53.32","69.6","263.0","KOKSHETAU AIRPORT, KZ","  73.2","11","  55.4","11","9999.9"," 0","999.9"," 0","  6.2","11"," 13.2","11"," 15.5","999.9","  78.8","*","  64.4","*"," 0.00","I","999.9","000000"
"36821599999","2019-07-18","53.32","69.6","263.0","KOKSHETAU AIRPORT, KZ","  71.1","21","  51.2","21","9999.9"," 0","999.9"," 0","  6.2","21","  5.6","21","  9.7","999.9","  80.6","*","  55.4","*"," 0.00","I","999.9","000000"
"36821599999","2019-07-19","53.32","69.6","263.0","KOKSHETAU AIRPORT, KZ","  82.6","11","  53.9","11","9999.9"," 0","999.9"," 0","  6.2","11","  6.7","11","  9.7","999.9","  89.6","*","  68.0","*"," 0.00","I","999.9","000000"
"36821599999","2019-07-20","53.32","69.6","263.0","KOKSHETAU AIRPORT, KZ","  76.6","19","  51.8","19","9999.9"," 0","999.9"," 0","  6.2","19","  4.4","19","  7.8","999.9","  87.8","*","  59.0","*"," 0.00","I","999.9","000000"
"36821599999","2019-07-21","53.32","69.6","263.0","KOKSHETAU AIRPORT, KZ","  79.8","18","  57.2","18","9999.9"," 0","999.9"," 0","  6.0","18","  6.7","18","  9.7"," 19.4","  91.4","*","  66.2","*","99.99"," ","999.9","010000"
"36821599999","2019-07-22","53.32","69.6","263.0","KOKSHETAU AIRPORT, KZ","  70.3","12","  59.5","12","9999.9"," 0","999.9"," 0","  6.2","12"," 12.5","12"," 19.4"," 29.1","  75.2","*","  64.4","*"," 0.00","I","999.9","000000"
"36821599999","2019-07-23","53.32","69.6","263.0","KOKSHETAU AIRPORT, KZ","  73.5","13","  57.6","13","9999.9"," 0","999.9"," 0","  6.2","13","  9.4","13"," 17.5"," 19.4","  80.6","*","  66.2","*"," 0.00","I","999.9","000000"
"36821599999","2019-07-24","53.32","69.6","263.0","KOKSHETAU AIRPORT, KZ","  67.5","11","  59.7","11","9999.9"," 0","999.9"," 0","  3.9","11"," 11.8","11"," 13.6","999.9","  73.4","*","  60.8","*","99.99"," ","999.9","010000"
"36821599999","2019-07-25","53.32","69.6","263.0","KOKSHETAU AIRPORT, KZ","  68.7","13","  55.8","13","9999.9"," 0","999.9"," 0","  5.1","13"," 11.1","13"," 17.5","999.9","  73.4","*","  60.8","*"," 0.00","I","999.9","000000"
"36821599999","2019-07-26","53.32","69.6","263.0","KOKSHETAU AIRPORT, KZ","  64.4","11","  54.6","11","9999.9"," 0","999.9"," 0","  5.7","11","  8.5","11","  9.7","999.9","  68.0","*","  57.2","*"," 0.00","I","999.9","000000"
"36821599999","2019-07-27","53.32","69.6","263.0","KOKSHETAU AIRPORT, KZ","  67.2","20","  54.0","20","9999.9"," 0","999.9"," 0","  4.4","20","  5.4","20","  9.7","999.9","  77.0","*","  55.4","*"," 0.00","I","999.9","000000"
"36821599999","2019-07-28","53.32","69.6","263.0","KOKSHETAU AIRPORT, KZ","  72.7","13","  50.7","13","9999.9"," 0","999.9"," 0","  4.9","13"," 10.0","13"," 19.4"," 25.3","  84.2","*","  55.4","*"," 0.00","I","999.9","000000"
"36821599999","2019-07-29","53.32","69.6","263.0","KOKSHETAU AIRPORT, KZ","  72.7","11","  59.8","11","9999.9"," 0","999.9"," 0","  6.2","11"," 14.1","11"," 17.5","999.9","  80.6","*","  64.4","*","99.99"," ","999.9","010010"
"36821599999","2019-07-30","53.32","69.6","263.0","KOKSHETAU AIRPORT, KZ","  73.7","12","  51.5","12","9999.9"," 0","999.9"," 0","  6.2","12"," 11.8","12"," 19.4"," 31.1","  80.6","*","  62.6","*"," 0.00","I","999.9","000000"
"36821599999","2019-07-31","53.32","69.6","263.0","KOKSHETAU AIRPORT, KZ","  77.2","11","  59.3","11","9999.9"," 0","999.9"," 0","  6.2","11","  6.9","11"," 13.6"," 23.3","  86.0","*","  66.2","*","99.99"," ","999.9","010000"
"36821599999","2019-08-01","53.32","69.6","263.0","KOKSHETAU AIRPORT, KZ","  80.3","16","  56.7","16","9999.9"," 0","999.9"," 0","  6.2","16"," 10.8","16"," 23.3"," 36.9","  87.8","*","  66.2","*"," 0.00","I","999.9","000000"
"36821599999","2019-08-02","53.32","69.6","263.0","KOKSHETAU AIRPORT, KZ","  62.6","11","  45.9","11","9999.9"," 0","999.9"," 0","  6.2","11"," 18.0","11"," 23.3"," 31.1","  66.2","*","  57.2","*"," 0.00","I","999.9","000000"
"36821599999","2019-08-03","53.32","69.6","263.0","KOKSHETAU AIRPORT, KZ","  64.5","19","  48.1","19","9999.9"," 0","999.9"," 0","  6.2","19"," 12.8","19"," 19.4"," 29.1","  73.4","*","  51.8","*"," 0.00","I","999.9","000000"
"36821599999","2019-08-04","53.32","69.6","263.0","KOKSHETAU AIRPORT, KZ","  62.5","13","  52.9","13","9999.9"," 0","999.9"," 0","  6.0","13","  7.0","13"," 13.6"," 21.4","  73.4","*","  55.4","*","99.99"," ","999.9","010010"
"36821599999","2019-08-05","53.32","69.6","263.0","KOKSHETAU AIRPORT, KZ","  68.2","12","  51.1","12","9999.9"," 0","999.9"," 0","  6.2","12","  3.4","12","  5.8","999.9","  77.0","*","  51.8","*"," 0.00","I","999.9","000000"
"36821599999","2019-08-06","53.32","69.6","263.0","KOKSHETAU AIRPORT, KZ","  81.4","11","  51.6","11","9999.9"," 0","999.9"," 0","  6.2","11"," 10.1","11"," 17.5","999.9","  91.4","*","  64.4","*"," 0.00","I","999.9","000000"
"36821599999","2019-08-07","53.32","69.6","263.0","KOKSHETAU AIRPORT, KZ","  68.7","15","  42.3","15","9999.9"," 0","999.9"," 0","  6.2","15","  8.5","15"," 13.6"," 21.4","  75.2","*","  59.0","*"," 0.00","I","999.9","000000"
"36821599999","2019-08-08","53.32","69.6","263.0","KOKSHETAU AIRPORT, KZ","  66.1","13","  43.2","13","9999.9"," 0","999.9"," 0","  6.2","13"," 11.4","13"," 17.5"," 25.3","  71.6","*","  53.6","*"," 0.00","I","999.9","000000"
"36821599999","2019-08-09","53.32","69.6","263.0","KOKSHETAU AIRPORT, KZ","  62.9","11","  46.4","11","9999.9"," 0","999.9"," 0","  6.2","11"," 10.9","11"," 15.5","999.9","  68.0","*","  53.6","*"," 0.00","I","999.9","000000"
"36821599999","2019-08-10","53.32","69.6","263.0","KOKSHETAU AIRPORT, KZ","  67.0","16","  50.2","16","9999.9"," 0","999.9"," 0","  6.2","16","  5.8","16"," 11.7","999.9","  78.8","*","  55.4","*","99.99"," ","999.9","010000"
"36821599999","2019-08-11","53.32","69.6","263.0","KOKSHETAU AIRPORT, KZ","  80.6","12","  49.7","12","9999.9"," 0","999.9"," 0","  6.2","12","  4.0","12","  7.8","999.9","  91.4","*","  57.2","*"," 0.00","I","999.9","000000"
"36821599999","2019-08-12","53.32","69.6","263.0","KOKSHETAU AIRPORT, KZ","  83.9","14","  48.8","14","9999.9"," 0","999.9"," 0","  6.2","14"," 11.5","14"," 19.4","999.9","  93.2","*","  71.6","*"," 0.00","I","999.9","000010"
"36821599999","2019-08-13","53.32","69.6","263.0","KOKSHETAU AIRPORT, KZ","  78.6","11","  48.5","11","9999.9"," 0","999.9"," 0","  6.2","11"," 11.7","11"," 15.5","999.9","  84.2","*","  71.6","*"," 0.00","I","999.9","000010"
"36821599999","2019-08-14","53.32","69.6","263.0","KOKSHETAU AIRPORT, KZ","  69.3","11","  53.4","11","9999.9"," 0","999.9"," 0","  6.2","11","  6.5","11"," 15.5"," 23.3","  77.0","*","  55.4","*"," 0.00","I","999.9","000010"
"36821599999","2019-08-15","53.32","69.6","263.0","KOKSHETAU AIRPORT, KZ","  69.1","13","  55.0","13","9999.9"," 0","999.9"," 0","  6.2","13","  7.6","13"," 15.5","999.9","  78.8","*","  59.0","*"," 0.00","I","999.9","000000"
"36821599999","2019-08-16","53.32","69.6","263.0","KOKSHETAU AIRPORT, KZ","  69.8","11","  55.1","11","9999.9"," 0","999.9"," 0","  6.0","11","  7.1","11","  9.7","999.9","  77.0","*","  57.2","*"," 0.00","I","999.9","000000"
"36821599999","2019-08-17","53.32","69.6","263.0","KOKSHETAU AIRPORT, KZ","  67.0","23","  53.5","23","9999.9"," 0","999.9"," 0","  6.1","23","  5.6","23"," 11.7","999.9","  78.8","*","  53.6","*"," 0.00","I","999.9","000000"
"36821599999","2019-08-18","53.32","69.6","263.0","KOKSHETAU AIRPORT, KZ","  75.1","13","  56.9","13","9999.9"," 0","999.9"," 0","  6.2","13","  8.2","13"," 13.6","999.9","  86.0","*","  59.0","*"," 0.00","I","999.9","000000"
"36821599999","2019-08-19","53.32","69.6","263.0","KOKSHETAU AIRPORT, KZ","  67.4","12","  60.5","12","9999.9"," 0","999.9"," 0","  6.2","12","  8.3","12"," 13.6","999.9","  75.2","*","  59.0","*"," 0.00","I","999.9","000000"
"36821599999","2019-08-20","53.32","69.6","263.0","KOKSHETAU AIRPORT, KZ","  70.6","11","  48.2","11","9999.9"," 0","999.9"," 0","  6.2","11","  6.9","11","  9.7"," 19.4","  77.0","*","  55.4","*"," 0.00","I","999.9","000000"
"36821599999","2019-08-21","53.32","69.6","263.0","KOKSHETAU AIRPORT, KZ","  61.1","11","  55.4","11","9999.9"," 0","999.9"," 0","  6.2","11","  7.8","11"," 13.6","999.9","  66.2","*","  59.0","*","99.99"," ","999.9","010000"
"36821599999","2019-08-22","53.32","69.6","263.0","KOKSHETAU AIRPORT, KZ","  55.8","17","  52.1","17","9999.9"," 0","999.9"," 0","  5.7","17","  8.5","17"," 11.7","999.9","  64.4","*","  44.6","*","99.99"," ","999.9","010000"
"36821599999","2019-08-23","53.32","69.6","263.0","KOKSHETAU AIRPORT, KZ","  65.3","14","  50.8","14","9999.9"," 0","999.9"," 0","  5.3","14","  6.0","14","  9.7","999.9","  77.0","*","  44.6","*"," 0.00","I","999.9","000000"
"36821599999","2019-08-24","53.32","69.6","263.0","KOKSHETAU AIRPORT, KZ","  66.3","20","  51.3","20","9999.9"," 0","999.9"," 0","  6.2","20","  7.7","20"," 13.6","999.9","  80.6","*","  46.4","*"," 0.00","I","999.9","000000"
"36821599999","2019-08-25","53.32","69.6","263.0","KOKSHETAU AIRPORT, KZ","  65.8","13","  45.8","13","9999.9"," 0","999.9"," 0","  6.2","13","  2.4","13","  5.8","999.9","  78.8","*","  44.6","*"," 0.00","I","999.9","000000"
"36821599999","2019-08-26","53.32","69.6","263.0","KOKSHETAU AIRPORT, KZ","  74.2","11","  51.0","11","9999.9"," 0","999.9"," 0","  6.2","11"," 10.2","11"," 19.4"," 29.1","  86.0","*","  59.0","*","99.99"," ","999.9","010010"
"36821599999","2019-08-27","53.32","69.6","263.0","KOKSHETAU AIRPORT, KZ","  53.8","11","  45.3","11","9999.9"," 0","999.9"," 0","  6.2","11"," 13.1","11"," 15.5","999.9","  57.2","*","  51.8","*"," 0.00","I","999.9","000000"
"36821599999","2019-08-28","53.32","69.6","263.0","KOKSHETAU AIRPORT, KZ","  62.4","11","  39.9","11","9999.9"," 0","999.9"," 0","  6.2","11","  9.9","11"," 15.5"," 21.4","  69.8","*","  44.6","*"," 0.00","I","999.9","000000"
"36821599999","2019-08-29","53.32","69.6","263.0","KOKSHETAU AIRPORT, KZ","  62.7","14","  44.9","14","9999.9"," 0","999.9"," 0","  6.2","14"," 18.0","14"," 25.3"," 33.0","  71.6","*","  53.6","*"," 0.00","I","999.9","000000"
"36821599999","2019-08-30","53.32","69.6","263.0","KOKSHETAU AIRPORT, KZ","  55.4","13","  50.1","13","9999.9"," 0","999.9"," 0","  5.7","13"," 12.3","13"," 15.5"," 27.2","  60.8","*","  51.8","*","99.99"," ","999.9","010000"
"36821599999","2019-08-31","53.32","69.6","263.0","KOKSHETAU AIRPORT, KZ","  47.6","23","  44.9","23","9999.9"," 0","999.9"," 0","  5.6","23"," 11.7","23"," 15.5","999.9","  50.0","*","  42.8","*","99.99"," ","999.9","010000"
"36821599999","2019-09-01","53.32","69.6","263.0","KOKSHETAU AIRPORT, KZ","  49.7","13","  41.8","13","9999.9"," 0","999.9"," 0","  6.2","13","  9.7","13"," 13.6"," 23.3","  57.2","*","  42.8","*","99.99"," ","999.9","010000"
"36821599999","2019-09-02","53.32","69.6","263.0","KOKSHETAU AIRPORT, KZ","  49.3","11","  46.6","11","9999.9"," 0","999.9"," 0","  6.2","11","  6.4","11"," 15.5","999.9","  55.4","*","  46.4","*","99.99"," ","999.9","010000"
"36821599999","2019-09-03","53.32","69.6","263.0","KOKSHETAU AIRPORT, KZ","  53.8","11","  42.5","11","9999.9"," 0","999.9"," 0","  6.2","11","  5.7","11"," 15.5","999.9","  59.0","*","  42.8","*"," 0.00","I","999.9","000000"
"36821599999","2019-09-04","53.32","69.6","263.0","KOKSHETAU AIRPORT, KZ","  55.6","11","  42.6","11","9999.9"," 0","999.9"," 0","  5.4","11","  6.2","11"," 13.6","999.9","  62.6","*","  41.0","*"," 0.00","I","999.9","000000"
"36821599999","2019-09-05","53.32","69.6","263.0","KOKSHETAU AIRPORT, KZ","  50.7","13","  45.7","13","9999.9"," 0","999.9"," 0","  6.2","13"," 11.5","13"," 15.5","999.9","  53.6","*","  46.4","*","99.99"," ","999.9","010000"
"36821599999","2019-09-06","53.32","69.6","263.0","KOKSHETAU AIRPORT, KZ","  49.8","11","  48.2","11","9999.9"," 0","999.9"," 0","  5.5","11"," 15.7","11"," 17.5"," 27.2","  51.8","*","  48.2","*","99.99"," ","999.9","010000"
"36821599999","2019-09-07","53.32","69.6","263.0","KOKSHETAU AIRPORT, KZ","  53.3","20","  50.4","20","9999.9"," 0","999.9"," 0","  5.6","20","  9.4","20"," 15.5","999.9","  62.6","*","  48.2","*","99.99"," ","999.9","010010"
"36821599999","2019-09-08","53.32","69.6","263.0","KOKSHETAU AIRPORT, KZ","  51.9","13","  50.0","13","9999.9"," 0","999.9"," 0","  5.8","13","  9.6","13"," 13.6","999.9","  55.4","*","  50.0","*","99.99"," ","999.9","010010"
"36821599999","2019-09-09","53.32","69.6","263.0","KOKSHETAU AIRPORT, KZ","  56.1","11","  51.3","11","9999.9"," 0","999.9"," 0","  5.5","11","  7.9","11"," 13.6","999.9","  62.6","*","  50.0","*","99.99"," ","999.9","010010"
"36821599999","2019-09-10","53.32","69.6","263.0","KOKSHETAU AIRPORT, KZ","  53.9","11","  48.9","11","9999.9"," 0","999.9"," 0","  6.2","11","  9.2","11"," 11.7","999.9","  60.8","*","  46.4","*","99.99"," ","999.9","010000"
"36821599999","2019-09-11","53.32","69.6","263.0","KOKSHETAU AIRPORT, KZ","  56.2","11","  46.2","11","9999.9"," 0","999.9"," 0","  6.2","11"," 10.2","11"," 13.6","999.9","  62.6","*","  46.4","*"," 0.00","I","999.9","000000"
"36821599999","2019-09-12","53.32","69.6","263.0","KOKSHETAU AIRPORT, KZ","  57.6","14","  45.8","14","9999.9"," 0","999.9"," 0","  6.2","14","  8.2","14"," 15.5"," 25.3","  64.4","*","  41.0","*"," 0.00","I","999.9","000000"
"36821599999","2019-09-13","53.32","69.6","263.0","KOKSHETAU AIRPORT, KZ","  58.5","11","  50.0","11","9999.9"," 0","999.9"," 0","  5.5","11","  9.0","11"," 11.7","999.9","  66.2","*","  51.8","*"," 0.00","I","999.9","000000"
"36821599999","2019-09-14","53.32","69.6","263.0","KOKSHETAU AIRPORT, KZ","  66.3","12","  50.3","12","9999.9"," 0","999.9"," 0","  5.8","12","  9.9","12"," 13.6","999.9","  71.6","*","  55.4","*"," 0.00","I","999.9","000000"
"36821599999","2019-09-15","53.32","69.6","263.0","KOKSHETAU AIRPORT, KZ","  68.5","11","  43.3","11","9999.9"," 0","999.9"," 0","  6.2","11","  7.4","11"," 13.6","999.9","  77.0","*","  50.0","*"," 0.00","I","999.9","000000"
"36821599999","2019-09-16","53.32","69.6","263.0","KOKSHETAU AIRPORT, KZ","  67.2","11","  45.6","11","9999.9"," 0","999.9"," 0","  6.2","11"," 11.1","11"," 17.5"," 27.2","  75.2","*","  53.6","*"," 0.00","I","999.9","000000"
"36821599999","2019-09-17","53.32","69.6","263.0","KOKSHETAU AIRPORT, KZ","  58.5","11","  41.0","11","9999.9"," 0","999.9"," 0","  6.2","11"," 12.9","11"," 19.4"," 29.1","  62.6","*","  50.0","*"," 0.00","I","999.9","000000"
"36821599999","2019-09-18","53.32","69.6","263.0","KOKSHETAU AIRPORT, KZ","  67.4","12","  45.2","12","9999.9"," 0","999.9"," 0","  6.2","12"," 12.6","12"," 21.4"," 25.3","  77.0","*","  53.6","*"," 0.00","I","999.9","000000"
"36821599999","2019-09-19","53.32","69.6","263.0","KOKSHETAU AIRPORT, KZ","  72.1","12","  42.5","12","9999.9"," 0","999.9"," 0","  6.2","12"," 16.8","12"," 23.3"," 33.0","  80.6","*","  57.2","*"," 0.00","I","999.9","000000"
"36821599999","2019-09-20","53.32","69.6","263.0","KOKSHETAU AIRPORT, KZ","  55.4","11","  37.6","11","9999.9"," 0","999.9"," 0","  6.2","11"," 18.5","11"," 21.4"," 31.1","  60.8","*","  48.2","*"," 0.00","I","999.9","000000"
"36821599999","2019-09-21","53.32","69.6","263.0","KOKSHETAU AIRPORT, KZ","  53.6","11","  38.5","11","9999.9"," 0","999.9"," 0","  6.2","11","  5.1","11","  9.7","999.9","  60.8","*","  39.2","*","99.99"," ","999.9","010000"
"36821599999","2019-09-22","53.32","69.6","263.0","KOKSHETAU AIRPORT, KZ","  63.4","13","  42.4","13","9999.9"," 0","999.9"," 0","  6.2","13"," 16.4","13"," 21.4"," 29.1","  78.8","*","  39.2","*","99.99"," ","999.9","010000"
"36821599999","2019-09-23","53.32","69.6","263.0","KOKSHETAU AIRPORT, KZ","  48.1","13","  36.6","13","9999.9"," 0","999.9"," 0","  6.2","13"," 19.6","13"," 35.0"," 46.6","  57.2","*","  37.4","*","99.99"," ","999.9","010000"
"36821599999","2019-09-24","53.32","69.6","263.0","KOKSHETAU AIRPORT, KZ","  43.2","15","  33.4","15","9999.9"," 0","999.9"," 0","  6.2","15"," 16.1","15"," 19.4"," 29.1","  46.4","*","  37.4","*"," 0.00","I","999.9","000000"
"36821599999","2019-09-25","53.32","69.6","263.0","KOKSHETAU AIRPORT, KZ","  43.8","11","  28.9","11","9999.9"," 0","999.9"," 0","  6.2","11"," 14.0","11"," 21.4"," 31.1","  50.0","*","  33.8","*"," 0.00","I","999.9","000000"
"36821599999","2019-09-26","53.32","69.6","263.0","KOKSHETAU AIRPORT, KZ","  44.3","14","  27.4","14","9999.9"," 0","999.9"," 0","  6.2","14","  8.0","14"," 13.6","999.9","  51.8","*","  30.2","*"," 0.00","I","999.9","000000"
"36821599999","2019-09-27","53.32","69.6","263.0","KOKSHETAU AIRPORT, KZ","  45.6","11","  27.4","11","9999.9"," 0","999.9"," 0","  6.2","11","  6.7","11"," 13.6","999.9","  51.8","*","  32.0","*"," 0.00","I","999.9","000000"
"36821599999","2019-09-28","53.32","69.6","263.0","KOKSHETAU AIRPORT, KZ","  44.9","14","  32.1","14","9999.9"," 0","999.9"," 0","  6.2","14"," 13.5","14"," 21.4"," 33.0","  51.8","*","  33.8","*","99.99"," ","999.9","010000"
"36821599999","2019-09-29","53.32","69.6","263.0","KOKSHETAU AIRPORT, KZ","  34.5","11","  31.8","11","9999.9"," 0","999.9"," 0","  5.3","11"," 13.8","11"," 15.5","999.9","  37.4","*","  32.0","*","99.99"," ","999.9","010000"
"36821599999","2019-09-30","53.32","69.6","263.0","KOKSHETAU AIRPORT, KZ","  40.5","11","  28.7","11","9999.9"," 0","999.9"," 0","  6.2","11"," 11.5","11"," 15.5","999.9","  44.6","*","  32.0","*"," 0.00","I","999.9","000000"
"36821599999","2019-10-01","53.32","69.6","263.0","KOKSHETAU AIRPORT, KZ","  46.2","11","  26.4","11","9999.9"," 0","999.9"," 0","  6.2","11","  9.0","11"," 11.7","999.9","  53.6","*","  28.4","*"," 0.00","I","999.9","000000"
"36821599999","2019-10-02","53.32","69.6","263.0","KOKSHETAU AIRPORT, KZ","  48.9","11","  27.4","11","9999.9"," 0","999.9"," 0","  6.2","11","  9.2","11"," 13.6","999.9","  57.2","*","  28.4","*"," 0.00","I","999.9","000000"
"36821599999","2019-10-03","53.32","69.6","263.0","KOKSHETAU AIRPORT, KZ","  49.6","17","  25.9","17","9999.9"," 0","999.9"," 0","  6.2","17","  8.6","17"," 13.6","999.9","  60.8","*","  33.8","*"," 0.00","I","999.9","000000"
"36821599999","2019-10-04","53.32","69.6","263.0","KOKSHETAU AIRPORT, KZ","  57.5","11","  36.1","11","9999.9"," 0","999.9"," 0","  6.2","11","  8.7","11","  9.7","999.9","  66.2","*","  44.6","*"," 0.00","I","999.9","000000"
"36821599999","2019-10-05","53.32","69.6","263.0","KOKSHETAU AIRPORT, KZ","  59.6","15","  39.6","15","9999.9"," 0","999.9"," 0","  6.2","15","  5.7","15","  7.8","999.9","  71.6","*","  41.0","*"," 0.00","I","999.9","000000"
"36821599999","2019-10-06","53.32","69.6","263.0","KOKSHETAU AIRPORT, KZ","  62.4"," 9","  35.2"," 9","9999.9"," 0","999.9"," 0","  6.2"," 9","  3.0"," 9","  5.8","999.9","  69.8","*","  39.2","*"," 0.00","I","999.9","000000"
"36821599999","2019-10-07","53.32","69.6","263.0","KOKSHETAU AIRPORT, KZ","  61.1","11","  36.9","11","9999.9"," 0","999.9"," 0","  6.2","11","  4.8","11","  9.7","999.9","  71.6","*","  33.8","*"," 0.00","I","999.9","000000"
"36821599999","2019-10-08","53.32","69.6","263.0","KOKSHETAU AIRPORT, KZ","  63.2","12","  42.0","12","9999.9"," 0","999.9"," 0","  6.2","12","  5.8","12","  9.7","999.9","  75.2","*","  37.4","*"," 0.00","I","999.9","000000"
"36821599999","2019-10-09","53.32","69.6","263.0","KOKSHETAU AIRPORT, KZ","  64.6","11","  40.5","11","9999.9"," 0","999.9"," 0","  6.2","11","  9.5","11"," 13.6","999.9","  73.4","*","  46.4","*"," 0.00","I","999.9","000000"
"36821599999","2019-10-10","53.32","69.6","263.0","KOKSHETAU AIRPORT, KZ","  60.0","14","  36.2","14","9999.9"," 0","999.9"," 0","  6.2","14","  6.8","14"," 11.7","999.9","  68.0","*","  44.6","*"," 0.00","I","999.9","000000"
"36821599999","2019-10-11","53.32","69.6","263.0","KOKSHETAU AIRPORT, KZ","  49.8","11","  46.1","11","9999.9"," 0","999.9"," 0","  6.2","11","  9.5","11"," 13.6","999.9","  53.6","*","  46.4","*"," 0.00","I","999.9","000000"
"36821599999","2019-10-12","53.32","69.6","263.0","KOKSHETAU AIRPORT, KZ","  46.8","14","  34.4","14","9999.9"," 0","999.9"," 0","  5.7","14","  2.9","14","  5.8","999.9","  53.6","*","  37.4","*"," 0.00","I","999.9","100000"
"36821599999","2019-10-13","53.32","69.6","263.0","KOKSHETAU AIRPORT, KZ","  50.7","11","  43.5","11","9999.9"," 0","999.9"," 0","  6.2","11","  9.9","11"," 13.6","999.9","  57.2","*","  42.8","*"," 0.00","I","999.9","000000"
"36821599999","2019-10-14","53.32","69.6","263.0","KOKSHETAU AIRPORT, KZ","  48.5","11","  43.8","11","9999.9"," 0","999.9"," 0","  6.2","11"," 12.7","11"," 17.5","999.9","  51.8","*","  46.4","*","99.99"," ","999.9","010000"
"36821599999","2019-10-15","53.32","69.6","263.0","KOKSHETAU AIRPORT, KZ","  46.7","11","  37.2","11","9999.9"," 0","999.9"," 0","  6.2","11"," 15.7","11"," 19.4"," 29.1","  51.8","*","  41.0","*","99.99"," ","999.9","010000"
"36821599999","2019-10-16","53.32","69.6","263.0","KOKSHETAU AIRPORT, KZ","  43.6","11","  39.4","11","9999.9"," 0","999.9"," 0","  6.2","11"," 11.8","11"," 15.5","999.9","  44.6","*","  42.8","*","99.99"," ","999.9","010000"
"36821599999","2019-10-17","53.32","69.6","263.0","KOKSHETAU AIRPORT, KZ","  36.3","17","  33.9","17","9999.9"," 0","999.9"," 0","  6.0","17"," 12.2","17"," 19.4"," 27.2","  39.2","*","  33.8","*","99.99"," ","999.9","010000"
"36821599999","2019-10-18","53.32","69.6","263.0","KOKSHETAU AIRPORT, KZ","  35.4","11","  33.3","11","9999.9"," 0","999.9"," 0","  5.7","11"," 10.8","11"," 15.5","999.9","  39.2","*","  32.0","*","99.99"," ","999.9","010000"
"36821599999","2019-10-19","53.32","69.6","263.0","KOKSHETAU AIRPORT, KZ","  27.4","11","  26.6","11","9999.9"," 0","999.9"," 0","  1.8","11"," 16.2","11"," 21.4","999.9","  30.2","*","  24.8","*","99.99"," ","999.9","011000"
"36821599999","2019-10-20","53.32","69.6","263.0","KOKSHETAU AIRPORT, KZ","  20.1","16","  14.0","16","9999.9"," 0","999.9"," 0","  6.2","16","  4.2","16","  7.8","999.9","  24.8","*","  12.2","*"," 0.00","I","999.9","000000"
"36821599999","2019-10-21","53.32","69.6","263.0","KOKSHETAU AIRPORT, KZ","  19.1","12","  15.2","12","9999.9"," 0","999.9"," 0","  6.2","12","  6.6","12"," 11.7","999.9","  28.4","*","   6.8","*"," 0.00","I","999.9","000000"
"36821599999","2019-10-22","53.32","69.6","263.0","KOKSHETAU AIRPORT, KZ","  33.7","13","  25.8","13","9999.9"," 0","999.9"," 0","  6.2","13"," 13.1","13"," 15.5","999.9","  39.2","*","  26.6","*"," 0.00","I","999.9","000000"
"36821599999","2019-10-23","53.32","69.6","263.0","KOKSHETAU AIRPORT, KZ","  36.4","14","  32.3","14","9999.9"," 0","999.9"," 0","  6.2","14"," 13.0","14"," 15.5","999.9","  39.2","*","  33.8","*","99.99"," ","999.9","010000"
"36821599999","2019-10-24","53.32","69.6","263.0","KOKSHETAU AIRPORT, KZ","  42.3","14","  37.5","14","9999.9"," 0","999.9"," 0","  6.2","14"," 13.9","14"," 17.5","999.9","  42.8","*","  39.2","*"," 0.00","I","999.9","000000"
"36821599999","2019-10-25","53.32","69.6","263.0","KOKSHETAU AIRPORT, KZ","  39.2","11","  32.5","11","9999.9"," 0","999.9"," 0","  6.2","11","  9.4","11"," 13.6","999.9","  44.6","*","  32.0","*"," 0.00","I","999.9","000000"
"36821599999","2019-10-26","53.32","69.6","263.0","KOKSHETAU AIRPORT, KZ","  44.1","15","  36.9","15","9999.9"," 0","999.9"," 0","  6.2","15"," 10.2","15"," 15.5","999.9","  50.0","*","  35.6","*"," 0.00","I","999.9","000000"
"36821599999","2019-10-27","53.32","69.6","263.0","KOKSHETAU AIRPORT, KZ","  50.8","11","  38.7","11","9999.9"," 0","999.9"," 0","  6.2","11"," 18.7","11"," 23.3"," 33.0","  57.2","*","  42.8","*"," 0.00","I","999.9","000000"
"36821599999","2019-10-28","53.32","69.6","263.0","KOKSHETAU AIRPORT, KZ","  51.0","11","  43.1","11","9999.9"," 0","999.9"," 0","  6.2","11"," 18.2","11"," 21.4"," 31.1","  53.6","*","  46.4","*"," 0.00","I","999.9","000000"
"36821599999","2019-10-29","53.32","69.6","263.0","KOKSHETAU AIRPORT, KZ","  51.1","11","  34.9","11","9999.9"," 0","999.9"," 0","  6.2","11"," 13.2","11"," 19.4","999.9","  51.8","*","  48.2","*"," 0.00","I","999.9","000000"
"36821599999","2019-10-30","53.32","69.6","263.0","KOKSHETAU AIRPORT, KZ","  40.7","11","  34.0","11","9999.9"," 0","999.9"," 0","  6.2","11","  5.8","11","  9.7","999.9","  44.6","*","  37.4","*"," 0.00","I","999.9","000000"
"36821599999","2019-10-31","53.32","69.6","263.0","KOKSHETAU AIRPORT, KZ","  44.7","14","  35.2","14","9999.9"," 0","999.9"," 0","  6.2","14"," 10.8","14"," 17.5","999.9","  55.4","*","  32.0","*"," 0.00","I","999.9","000000"
"36821599999","2019-11-01","53.32","69.6","263.0","KOKSHETAU AIRPORT, KZ","  32.3","11","  23.0","11","9999.9"," 0","999.9"," 0","  6.2","11"," 20.0","11"," 25.3"," 35.0","  33.8","*","  32.0","*","99.99"," ","999.9","001000"
"36821599999","2019-11-02","53.32","69.6","263.0","KOKSHETAU AIRPORT, KZ","  25.4","15","  17.2","15","9999.9"," 0","999.9"," 0","  6.2","15","  9.5","15"," 13.6","999.9","  30.2","*","  14.0","*"," 0.00","I","999.9","000000"
"36821599999","2019-11-03","53.32","69.6","263.0","KOKSHETAU AIRPORT, KZ","  27.4","11","  20.9","11","9999.9"," 0","999.9"," 0","  6.2","11","  6.0","11","  7.8","999.9","  32.0","*","  19.4","*"," 0.00","I","999.9","000000"
"36821599999","2019-11-04","53.32","69.6","263.0","KOKSHETAU AIRPORT, KZ","  26.1","11","  24.8","11","9999.9"," 0","999.9"," 0","  1.2","11"," 15.4","11"," 17.5","999.9","  26.6","*","  24.8","*","99.99"," ","999.9","001000"
"36821599999","2019-11-05","53.32","69.6","263.0","KOKSHETAU AIRPORT, KZ","  24.9","13","  22.2","13","9999.9"," 0","999.9"," 0","  6.0","13","  5.8","13"," 11.7","999.9","  28.4","*","  21.2","*"," 0.00","I","999.9","000000"
"36821599999","2019-11-06","53.32","69.6","263.0","KOKSHETAU AIRPORT, KZ","  33.0","13","  27.3","13","9999.9"," 0","999.9"," 0","  6.2","13"," 11.7","13"," 13.6","999.9","  35.6","*","  30.2","*","99.99"," ","999.9","010000"
"36821599999","2019-11-07","53.32","69.6","263.0","KOKSHETAU AIRPORT, KZ","  33.1","13","  24.9","13","9999.9"," 0","999.9"," 0","  6.2","13"," 13.6","13"," 17.5"," 21.4","  35.6","*","  30.2","*"," 0.00","I","999.9","000000"
"36821599999","2019-11-08","53.32","69.6","263.0","KOKSHETAU AIRPORT, KZ","  36.0","14","  33.7","14","9999.9"," 0","999.9"," 0","  6.0","14"," 13.3","14"," 17.5","999.9","  37.4","*","  32.0","*","99.99"," ","999.9","010000"
"36821599999","2019-11-09","53.32","69.6","263.0","KOKSHETAU AIRPORT, KZ","  20.8","14","  18.1","14","9999.9"," 0","999.9"," 0","  6.2","14"," 14.7","14"," 19.4","999.9","  21.2","*","  19.4","*"," 0.00","I","999.9","000000"
"36821599999","2019-11-10","53.32","69.6","263.0","KOKSHETAU AIRPORT, KZ","  15.8","11","  11.9","11","9999.9"," 0","999.9"," 0","  4.9","11","  4.8","11","  5.8","999.9","  21.2","*","  10.4","*","99.99"," ","999.9","001000"
"36821599999","2019-11-11","53.32","69.6","263.0","KOKSHETAU AIRPORT, KZ","  21.2","11","   9.4","11","9999.9"," 0","999.9"," 0","  6.2","11","  9.7","11"," 11.7","999.9","  26.6","*","  12.2","*"," 0.00","I","999.9","000000"
"36821599999","2019-11-12","53.32","69.6","263.0","KOKSHETAU AIRPORT, KZ","  28.4","11","  24.3","11","9999.9"," 0","999.9"," 0","  6.2","11"," 13.1","11"," 15.5","999.9","  33.8","*","  23.0","*"," 0.00","I","999.9","000000"
"36821599999","2019-11-13","53.32","69.6","263.0","KOKSHETAU AIRPORT, KZ","  28.4","13","  25.6","13","9999.9"," 0","999.9"," 0","  5.2","13","  7.5","13"," 11.7","999.9","  30.2","*","  26.6","*","99.99"," ","999.9","101000"
"36821599999","2019-11-14","53.32","69.6","263.0","KOKSHETAU AIRPORT, KZ","  13.2"," 9","  11.2"," 9","9999.9"," 0","999.9"," 0","  5.8"," 9"," 11.0"," 9"," 13.6","999.9","  19.4","*","  -4.0","*","99.99"," ","999.9","001000"
"36821599999","2019-11-15","53.32","69.6","263.0","KOKSHETAU AIRPORT, KZ","   5.6","13","   1.1","13","9999.9"," 0","999.9"," 0","  6.2","13","  3.4","13","  7.8","999.9","  15.8","*","  -5.8","*"," 0.00","I","999.9","000000"
"36821599999","2019-11-16","53.32","69.6","263.0","KOKSHETAU AIRPORT, KZ","  21.8","14","  10.9","14","9999.9"," 0","999.9"," 0","  6.2","14"," 15.3","14"," 19.4","999.9","  24.8","*","  15.8","*"," 0.00","I","999.9","000000"
"36821599999","2019-11-17","53.32","69.6","263.0","KOKSHETAU AIRPORT, KZ","  30.5","11","  24.0","11","9999.9"," 0","999.9"," 0","  6.2","11"," 13.2","11"," 17.5","999.9","  37.4","*","  24.8","*"," 0.00","I","999.9","000000"
"36821599999","2019-11-18","53.32","69.6","263.0","KOKSHETAU AIRPORT, KZ","  28.6","11","  25.0","11","9999.9"," 0","999.9"," 0","  5.8","11"," 11.7","11"," 17.5","999.9","  30.2","*","  26.6","*","99.99"," ","999.9","001000"
"36821599999","2019-11-19","53.32","69.6","263.0","KOKSHETAU AIRPORT, KZ","  -6.9","13"," -11.3","13","9999.9"," 0","999.9"," 0","  6.2","13"," 10.5","13"," 13.6","999.9","  -4.0","*","  -9.4","*"," 0.00","I","999.9","000000"
"36821599999","2019-11-20","53.32","69.6","263.0","KOKSHETAU AIRPORT, KZ","  -7.9","11"," -13.2","11","9999.9"," 0","999.9"," 0","  4.8","11"," 10.6","11"," 13.6","999.9","  -2.2","*"," -14.8","*","99.99"," ","999.9","001000"
"36821599999","2019-11-21","53.32","69.6","263.0","KOKSHETAU AIRPORT, KZ","  -0.0","23","  -4.7","23","9999.9"," 0","999.9"," 0","  6.2","23"," 10.6","23"," 15.5","999.9","   6.8","*","  -9.4","*","99.99"," ","999.9","001000"
"36821599999","2019-11-22","53.32","69.6","263.0","KOKSHETAU AIRPORT, KZ","   5.8","11","   0.1","11","9999.9"," 0","999.9"," 0","  5.8","11","  6.7","11","  9.7","999.9","  14.0","*","  -4.0","*","99.99"," ","999.9","001000"
"36821599999","2019-11-23","53.32","69.6","263.0","KOKSHETAU AIRPORT, KZ","  16.2","20","  13.5","20","9999.9"," 0","999.9"," 0","  5.5","20","  7.7","20","  9.7","999.9","  19.4","*","   5.0","*","99.99"," ","999.9","001000"
"36821599999","2019-11-24","53.32","69.6","263.0","KOKSHETAU AIRPORT, KZ","  21.7","10","  20.1","10","9999.9"," 0","999.9"," 0","  3.4","10","  9.1","10","  9.7","999.9","  23.0","*","  19.4","*","99.99"," ","999.9","001000"
"36821599999","2019-11-25","53.32","69.6","263.0","KOKSHETAU AIRPORT, KZ","  17.1","11","  14.7","11","9999.9"," 0","999.9"," 0","  4.6","11","  3.5","11","  5.8","999.9","  21.2","*","  12.2","*","99.99"," ","999.9","001000"
"36821599999","2019-11-26","53.32","69.6","263.0","KOKSHETAU AIRPORT, KZ","  14.2","11","  11.4","11","9999.9"," 0","999.9"," 0","  4.6","11","  1.2","11","  3.9","999.9","  17.6","*","  12.2","*","99.99"," ","999.9","001000"
"36821599999","2019-11-27","53.32","69.6","263.0","KOKSHETAU AIRPORT, KZ","   8.4","11","   4.2","11","9999.9"," 0","999.9"," 0","  5.9","11","  6.4","11","  9.7","999.9","  14.0","*","   1.4","*","99.99"," ","999.9","001000"
"36821599999","2019-11-28","53.32","69.6","263.0","KOKSHETAU AIRPORT, KZ","   9.9","14","   3.8","14","9999.9"," 0","999.9"," 0","  6.2","14","  9.2","14"," 11.7","999.9","  14.0","*","   5.0","*"," 0.00","I","999.9","000000"
"36821599999","2019-11-29","53.32","69.6","263.0","KOKSHETAU AIRPORT, KZ","  11.3","12","   3.2","12","9999.9"," 0","999.9"," 0","  6.2","12","  6.6","12","  9.7","999.9","  21.2","*","  -0.4","*"," 0.00","I","999.9","000000"
"36821599999","2019-11-30","53.32","69.6","263.0","KOKSHETAU AIRPORT, KZ","  11.7","15","   1.0","15","9999.9"," 0","999.9"," 0","  6.2","15","  5.4","15","  7.8","999.9","  26.6","*","   1.4","*"," 0.00","I","999.9","000000"
"36821599999","2019-12-01","53.32","69.6","263.0","KOKSHETAU AIRPORT, KZ","  16.1","11","   6.3","11","9999.9"," 0","999.9"," 0","  6.2","11","  7.2","11"," 11.7","999.9","  23.0","*","   6.8","*"," 0.00","I","999.9","000000"
"36821599999","2019-12-02","53.32","69.6","263.0","KOKSHETAU AIRPORT, KZ","  18.1","11","  10.1","11","9999.9"," 0","999.9"," 0","  6.2","11","  9.4","11"," 13.6","999.9","  23.0","*","  12.2","*"," 0.00","I","999.9","000000"
"36821599999","2019-12-03","53.32","69.6","263.0","KOKSHETAU AIRPORT, KZ","  27.6","13","  26.3","13","9999.9"," 0","999.9"," 0","  3.9","13","  8.1","13"," 11.7","999.9","  28.4","*","  23.0","*","99.99"," ","999.9","001000"
"36821599999","2019-12-04","53.32","69.6","263.0","KOKSHETAU AIRPORT, KZ","  21.9","10","  21.2","10","9999.9"," 0","999.9"," 0","  5.3","10","  5.1","10","  9.7","999.9","  26.6","*","  17.6","*","99.99"," ","999.9","001000"
"36821599999","2019-12-05","53.32","69.6","263.0","KOKSHETAU AIRPORT, KZ","  29.0","13","  26.5","13","9999.9"," 0","999.9"," 0","  4.6","13"," 10.5","13"," 17.5","999.9","  33.8","*","  24.8","*","99.99"," ","999.9","001000"
"36821599999","2019-12-06","53.32","69.6","263.0","KOKSHETAU AIRPORT, KZ","  15.8","11","  11.1","11","9999.9"," 0","999.9"," 0","  6.2","11"," 15.5","11"," 21.4"," 27.2","  19.4","*","  12.2","*"," 0.00","I","999.9","000000"
"36821599999","2019-12-07","53.32","69.6","263.0","KOKSHETAU AIRPORT, KZ","  29.4","14","  26.2","14","9999.9"," 0","999.9"," 0","  6.2","14"," 18.5","14"," 21.4"," 31.1","  30.2","*","  28.4","*","99.99"," ","999.9","001000"
"36821599999","2019-12-08","53.32","69.6","263.0","KOKSHETAU AIRPORT, KZ","  27.6","13","  25.2","13","9999.9"," 0","999.9"," 0","  6.2","13"," 10.2","13"," 15.5","999.9","  30.2","*","  17.6","*"," 0.00","I","999.9","000000"
"36821599999","2019-12-09","53.32","69.6","263.0","KOKSHETAU AIRPORT, KZ","  26.6","12","  24.1","12","9999.9"," 0","999.9"," 0","  6.2","12","  9.6","12"," 11.7","999.9","  30.2","*","  19.4","*"," 0.00","I","999.9","000000"
"36821599999","2019-12-10","53.32","69.6","263.0","KOKSHETAU AIRPORT, KZ","  22.0","11","  20.9","11","9999.9"," 0","999.9"," 0","  0.6","11","  4.6","11","  5.8","999.9","  23.0","*","  19.4","*"," 0.00","I","999.9","100000"
"36821599999","2019-12-11","53.32","69.6","263.0","KOKSHETAU AIRPORT, KZ","  18.1","11","  16.9","11","9999.9"," 0","999.9"," 0","  6.2","11","  2.3","11","  5.8","999.9","  28.4","*","   8.6","*"," 0.00","I","999.9","000000"
"36821599999","2019-12-12","53.32","69.6","263.0","KOKSHETAU AIRPORT, KZ","  33.3","14","  31.5","14","9999.9"," 0","999.9"," 0","  6.0","14","  8.6","14"," 11.7","999.9","  35.6","*","  30.2","*","99.99"," ","999.9","010000"
"36821599999","2019-12-13","53.32","69.6","263.0","KOKSHETAU AIRPORT, KZ","  14.5","11","  13.0","11","9999.9"," 0","999.9"," 0","  4.8","11","  8.7","11"," 13.6","999.9","  19.4","*","  10.4","*","99.99"," ","999.9","001000"
"36821599999","2019-12-14","53.32","69.6","263.0","KOKSHETAU AIRPORT, KZ","  11.2","15","   9.6","15","9999.9"," 0","999.9"," 0","  6.1","15","  6.9","15","  9.7","999.9","  14.0","*","   6.8","*","99.99"," ","999.9","001000"
"36821599999","2019-12-15","53.32","69.6","263.0","KOKSHETAU AIRPORT, KZ","   9.0","15","   6.9","15","9999.9"," 0","999.9"," 0","  4.8","15","  5.2","15","  9.7","999.9","  12.2","*","  -2.2","*","99.99"," ","999.9","001000"
"36821599999","2019-12-16","53.32","69.6","263.0","KOKSHETAU AIRPORT, KZ","  11.0","14","   8.9","14","9999.9"," 0","999.9"," 0","  6.2","14","  6.4","14","  9.7","999.9","  15.8","*","   6.8","*"," 0.00","I","999.9","000000"
"36821599999","2019-12-17","53.32","69.6","263.0","KOKSHETAU AIRPORT, KZ","  10.9","11","   7.0","11","9999.9"," 0","999.9"," 0","  6.2","11","  8.1","11"," 11.7","999.9","  14.0","*","   6.8","*"," 0.00","I","999.9","000000"
"36821599999","2019-12-18","53.32","69.6","263.0","KOKSHETAU AIRPORT, KZ","   6.3","11","   2.4","11","9999.9"," 0","999.9"," 0","  5.8","11","  8.5","11"," 11.7","999.9","  12.2","*","   1.4","*","99.99"," ","999.9","001000"
"36821599999","2019-12-19","53.32","69.6","263.0","KOKSHETAU AIRPORT, KZ","  15.3","14","  12.6","14","9999.9"," 0","999.9"," 0","  4.1","14","  7.8","14","  9.7","999.9","  19.4","*","   6.8","*","99.99"," ","999.9","001000"
"36821599999","2019-12-20","53.32","69.6","263.0","KOKSHETAU AIRPORT, KZ","  21.9","10","  20.3","10","9999.9"," 0","999.9"," 0","  4.0","10"," 12.0","10"," 17.5","999.9","  24.8","*","  17.6","*","99.99"," ","999.9","001000"
"36821599999","2019-12-21","53.32","69.6","263.0","KOKSHETAU AIRPORT, KZ","  25.9","15","  23.0","15","9999.9"," 0","999.9"," 0","  5.8","15"," 10.1","15"," 15.5","999.9","  28.4","*","  23.0","*","99.99"," ","999.9","001000"
"36821599999","2019-12-22","53.32","69.6","263.0","KOKSHETAU AIRPORT, KZ","  19.8","13","  18.4","13","9999.9"," 0","999.9"," 0","  3.7","13"," 11.8","13"," 15.5","999.9","  23.0","*","  15.8","*","99.99"," ","999.9","001000"
"36821599999","2019-12-23","53.32","69.6","263.0","KOKSHETAU AIRPORT, KZ","   8.3","11","   5.3","11","9999.9"," 0","999.9"," 0","  6.2","11"," 12.5","11"," 15.5","999.9","  10.4","*","   3.2","*","99.99"," ","999.9","001000"
"36821599999","2019-12-24","53.32","69.6","263.0","KOKSHETAU AIRPORT, KZ","  19.7","11","  17.8","11","9999.9"," 0","999.9"," 0","  5.4","11"," 12.4","11"," 17.5","999.9","  23.0","*","  15.8","*","99.99"," ","999.9","001000"
"36821599999","2019-12-25","53.32","69.6","263.0","KOKSHETAU AIRPORT, KZ","  18.4","11","   7.1","11","9999.9"," 0","999.9"," 0","  6.2","11"," 13.8","11"," 17.5","999.9","  21.2","*","  15.8","*"," 0.00","I","999.9","000000"
"36821599999","2019-12-26","53.32","69.6","263.0","KOKSHETAU AIRPORT, KZ","  14.1","14","   5.1","14","9999.9"," 0","999.9"," 0","  6.2","14","  5.4","14","  7.8","999.9","  17.6","*","   1.4","*"," 0.00","I","999.9","000000"
"36821599999","2019-12-27","53.32","69.6","263.0","KOKSHETAU AIRPORT, KZ","   9.4","11","   4.3","11","9999.9"," 0","999.9"," 0","  6.2","11"," 10.1","11"," 11.7","999.9","  12.2","*","   5.0","*"," 0.00","I","999.9","000000"
"36821599999","2019-12-28","53.32","69.6","263.0","KOKSHETAU AIRPORT, KZ","   8.3","16","   4.2","16","9999.9"," 0","999.9"," 0","  6.2","16","  7.4","16"," 13.6","999.9","  10.4","*","   5.0","*"," 0.00","I","999.9","000000"
"36821599999","2019-12-29","53.32","69.6","263.0","KOKSHETAU AIRPORT, KZ","   8.4","11","   5.5","11","9999.9"," 0","999.9"," 0","  3.8","11","  8.7","11"," 11.7","999.9","  15.8","*","   3.2","*","99.99"," ","999.9","001000"
"36821599999","2019-12-30","53.32","69.6","263.0","KOKSHETAU AIRPORT, KZ","   3.2","11","   0.1","11","9999.9"," 0","999.9"," 0","  5.8","11","  5.7","11","  7.8","999.9","   5.0","*","  -2.2","*","99.99"," ","999.9","001000"
"36821599999","2019-12-31","53.32","69.6","263.0","KOKSHETAU AIRPORT, KZ","  -0.4","11","  -4.7","11","9999.9"," 0","999.9"," 0","  5.6","11","  9.7","11"," 15.5","999.9","   1.4","*","  -4.0","*","99.99"," ","999.9","001000"
