"STATION","DATE","LATITUDE","LONGITUDE","ELEVATION","NAME","TEMP","TEMP_ATTRIBUTES","DEWP","DEWP_ATTRIBUTES","SLP","SLP_ATTRIBUTES","STP","STP_ATTRIBUTES","VISIB","VISIB_ATTRIBUTES","WDSP","WDSP_ATTRIBUTES","MXSPD","GUST","MAX","MAX_ATTRIBUTES","MIN","MIN_ATTRIBUTES","PRCP","PRCP_ATTRIBUTES","SNDP","FRSHTT"
"72301003810","2019-01-01","35.74205","-81.38225","356.6","HICKORY FAA AIRPORT, NC US","  59.8","24","  55.9","24","1016.1","20","974.2","24","  8.5","24","  4.1","24"," 15.9"," 25.1","  63.0"," ","  48.0"," "," 0.01","G","999.9","100000"
"72301003810","2019-01-02","35.74205","-81.38225","356.6","HICKORY FAA AIRPORT, NC US","  48.3","24","  45.8","24","1021.1","22","979.0","24","  9.6","24","  1.7","24","  4.1","999.9","  63.0"," ","  44.1"," "," 0.00","G","999.9","010000"
"72301003810","2019-01-03","35.74205","-81.38225","356.6","HICKORY FAA AIRPORT, NC US","  48.8","24","  48.4","24","1016.1","15","974.2","24","  6.2","24","  0.8","24","  4.1","999.9","  55.9"," ","  44.1"," "," 0.29","G","999.9","010000"
"72301003810","2019-01-04","35.74205","-81.38225","356.6","HICKORY FAA AIRPORT, NC US","  50.3","24","  50.2","24","1011.9"," 9","970.2","24","  4.5","24","  2.7","24","  7.0","999.9","  55.9"," ","  46.0"," "," 0.40","G","999.9","110000"
"72301003810","2019-01-05","35.74205","-81.38225","356.6","HICKORY FAA AIRPORT, NC US","  51.1","24","  40.0","24","1005.7","23","963.7","24","  9.2","24","  6.8","24"," 12.0"," 22.0","  61.0"," ","  42.1"," "," 0.64","G","999.9","110000"
"72301003810","2019-01-06","35.74205","-81.38225","356.6","HICKORY FAA AIRPORT, NC US","  52.1","24","  34.9","24","1018.0","24","976.1","24"," 10.0","24","  4.4","23","  8.0","999.9","  69.1"," ","  39.9"," "," 0.00","G","999.9","000000"
"72301003810","2019-01-07","35.74205","-81.38225","356.6","HICKORY FAA AIRPORT, NC US","  49.5","24","  37.5","24","1024.0","24","982.0","24"," 10.0","24","  4.5","24","  8.9","999.9","  69.1"," ","  39.9"," "," 0.00","G","999.9","000000"
"72301003810","2019-01-08","35.74205","-81.38225","356.6","HICKORY FAA AIRPORT, NC US","  50.2","24","  41.9","24","1017.5","21","975.8","24"," 10.0","24","  3.8","24"," 12.0"," 15.9","  64.9"," ","  41.0"," "," 0.00","G","999.9","000000"
"72301003810","2019-01-09","35.74205","-81.38225","356.6","HICKORY FAA AIRPORT, NC US","  47.6","24","  22.7","24","1012.5","23","970.7","24"," 10.0","24"," 10.0","24"," 17.1"," 29.9","  64.9"," ","  35.1"," "," 0.00","G","999.9","000000"
"72301003810","2019-01-10","35.74205","-81.38225","356.6","HICKORY FAA AIRPORT, NC US","  35.1","24","  15.2","24","1017.3","24","974.8","24"," 10.0","24","  6.4","24"," 17.1"," 28.0","  55.0"," ","  27.0"," "," 0.00","G","999.9","000000"
"72301003810","2019-01-11","35.74205","-81.38225","356.6","HICKORY FAA AIRPORT, NC US","  33.0","24","  16.2","24","1024.2","24","981.2","24"," 10.0","24","  2.7","24","  7.0","999.9","  46.0"," ","  24.1"," "," 0.00","G","999.9","000000"
"72301003810","2019-01-12","35.74205","-81.38225","356.6","HICKORY FAA AIRPORT, NC US","  36.1","24","  22.1","24","1028.1","24","985.1","24"," 10.0","24","  2.5","24","  5.1","999.9","  46.0"," ","  24.1"," "," 0.00","G","999.9","010000"
"72301003810","2019-01-13","35.74205","-81.38225","356.6","HICKORY FAA AIRPORT, NC US","  33.1","24","  32.2","24","1021.0","12","979.4","24","  6.5","24","  4.5","24","  8.9","999.9","  36.0","*","  30.2","*"," 0.52","G","999.9","011000"
"72301003810","2019-01-14","35.74205","-81.38225","356.6","HICKORY FAA AIRPORT, NC US","  37.2","24","  33.2","24","1021.7","16","978.9","24"," 10.0","24","  1.8","24","  5.1","999.9","  45.0"," ","  30.9"," "," 0.31","G","999.9","000000"
"72301003810","2019-01-15","35.74205","-81.38225","356.6","HICKORY FAA AIRPORT, NC US","  40.6","24","  31.7","24","1021.3","24","978.8","24"," 10.0","24","  3.0","24","  8.0","999.9","  48.0"," ","  32.0"," "," 0.00","G","999.9","000000"
"72301003810","2019-01-16","35.74205","-81.38225","356.6","HICKORY FAA AIRPORT, NC US","  38.3","24","  28.0","24","1021.2","24","978.5","24"," 10.0","24","  3.1","23","  7.0","999.9","  55.9"," ","  25.0"," "," 0.00","G","999.9","000000"
"72301003810","2019-01-17","35.74205","-81.38225","356.6","HICKORY FAA AIRPORT, NC US","  35.5","24","  30.6","24","1023.2","23","980.4","24","  9.8","24","  1.7","24","  6.0","999.9","  55.9"," ","  25.0"," "," 0.00","G","999.9","010000"
"72301003810","2019-01-18","35.74205","-81.38225","356.6","HICKORY FAA AIRPORT, NC US","  38.6","24","  37.8","24","1018.7","13","976.1","24","  6.1","24","  1.0","24","  6.0","999.9","  46.0"," ","  28.9"," "," 0.00","G","999.9","100000"
"72301003810","2019-01-19","35.74205","-81.38225","356.6","HICKORY FAA AIRPORT, NC US","  42.9","24","  42.5","24","1015.4","17","972.6","24","  4.2","24","  2.7","24","  7.0","999.9","  46.0"," ","  34.0"," "," 0.00","G","999.9","010000"
"72301003810","2019-01-20","35.74205","-81.38225","356.6","HICKORY FAA AIRPORT, NC US","  42.4","24","  34.5","24","1005.1","16","960.6","24","  7.9","24","  8.9","24"," 22.9"," 34.0","  54.0"," ","  28.9"," "," 0.51","G","999.9","110000"
"72301003810","2019-01-21","35.74205","-81.38225","356.6","HICKORY FAA AIRPORT, NC US","  24.9","24","   0.1","24","1024.3","24","981.0","24"," 10.0","24","  5.6","24"," 12.0"," 20.0","  34.0","*","  17.1","*"," 0.00","G","999.9","000000"
"72301003810","2019-01-22","35.74205","-81.38225","356.6","HICKORY FAA AIRPORT, NC US","  27.6","24","   5.2","24","1034.7","24","991.0","24"," 10.0","24","  1.4","24","  5.1","999.9","  39.0"," ","  15.1"," "," 0.00","G","999.9","000000"
"72301003810","2019-01-23","35.74205","-81.38225","356.6","HICKORY FAA AIRPORT, NC US","  34.2","24","  26.4","24","1029.8","12","983.4","24","  7.1","24","  1.3","24","  5.1","999.9","  39.9","*","  30.9","*"," 0.00","G","999.9","010000"
"72301003810","2019-01-24","35.74205","-81.38225","356.6","HICKORY FAA AIRPORT, NC US","  49.5","24","  43.1","24","1004.7","13","963.5","24","  7.1","24","  6.3","24"," 15.0"," 24.1","  57.9","*","  36.0","*"," 0.25","G","999.9","010000"
"72301003810","2019-01-25","35.74205","-81.38225","356.6","HICKORY FAA AIRPORT, NC US","  34.5","24","  17.9","24","1017.3","18","975.4","24"," 10.0","24","  4.9","24","  8.9"," 15.0","  44.6","*","  27.0","*"," 0.40","G","999.9","000000"
"72301003810","2019-01-26","35.74205","-81.38225","356.6","HICKORY FAA AIRPORT, NC US","  33.6","24","  15.4","24","1021.3","15","978.6","24"," 10.0","24","  2.8","24","  8.0","999.9","  48.0","*","  21.9","*"," 0.00","G","999.9","000000"
"72301003810","2019-01-27","35.74205","-81.38225","356.6","HICKORY FAA AIRPORT, NC US","  35.6","24","  22.2","24","1019.1","16","976.0","24"," 10.0","24","  2.1","24","  7.0","999.9","  48.2","*","  26.1","*"," 0.00","G","999.9","000000"
"72301003810","2019-01-28","35.74205","-81.38225","356.6","HICKORY FAA AIRPORT, NC US","  40.5","24","  28.1","24","1014.0","22","971.9","24"," 10.0","24","  3.3","24","  9.9"," 15.9","  53.1"," ","  28.9"," "," 0.00","G","999.9","000000"
"72301003810","2019-01-29","35.74205","-81.38225","356.6","HICKORY FAA AIRPORT, NC US","  43.7","24","  31.8","24","1010.3","21","968.3","24","  9.7","24","  7.2","24"," 12.0"," 20.0","  53.1"," ","  28.9"," "," 0.00","G","999.9","010000"
"72301003810","2019-01-30","35.74205","-81.38225","356.6","HICKORY FAA AIRPORT, NC US","  29.3","24","   6.7","24","1017.0","24","974.2","24"," 10.0","24","  7.6","24"," 18.1"," 28.0","  48.0"," ","  19.9"," "," 0.09","G","999.9","000000"
"72301003810","2019-01-31","35.74205","-81.38225","356.6","HICKORY FAA AIRPORT, NC US","  28.9","24","   7.0","24","1025.4","24","982.1","24"," 10.0","24","  3.6","24","  8.9","999.9","  41.0"," ","  19.0"," "," 0.00","G","999.9","000000"
"72301003810","2019-02-01","35.74205","-81.38225","356.6","HICKORY FAA AIRPORT, NC US","  36.0","24","  21.6","24","1025.7","24","982.6","24"," 10.0","24","  1.4","24","  7.0","999.9","  54.0"," ","  19.0"," "," 0.00","G","999.9","000000"
"72301003810","2019-02-02","35.74205","-81.38225","356.6","HICKORY FAA AIRPORT, NC US","  47.0","24","  31.5","24","1024.0","24","981.6","24"," 10.0","24","  2.7","24","  6.0","999.9","  62.1"," ","  21.9"," "," 0.00","G","999.9","000000"
"72301003810","2019-02-03","35.74205","-81.38225","356.6","HICKORY FAA AIRPORT, NC US","  48.1","24","  35.6","24","1019.5","24","977.4","24"," 10.0","24","  1.9","24","  6.0","999.9","  63.0"," ","  30.0"," "," 0.00","G","999.9","000000"
"72301003810","2019-02-04","35.74205","-81.38225","356.6","HICKORY FAA AIRPORT, NC US","  50.3","24","  37.9","24","1016.4","24","974.5","24"," 10.0","24","  1.8","24","  5.1","999.9","  68.0"," ","  35.1"," "," 0.00","G","999.9","000000"
"72301003810","2019-02-05","35.74205","-81.38225","356.6","HICKORY FAA AIRPORT, NC US","  58.5","24","  45.9","24","1015.6","24","974.1","24"," 10.0","24","  3.1","24","  8.9","999.9","  73.9"," ","  35.1"," "," 0.00","G","999.9","000000"
"72301003810","2019-02-06","35.74205","-81.38225","356.6","HICKORY FAA AIRPORT, NC US","  58.0","24","  51.2","24","1017.0","23","975.5","24"," 10.0","24","  3.6","24"," 14.0"," 20.0","  73.9"," ","  42.1"," "," 0.00","G","999.9","000000"
"72301003810","2019-02-07","35.74205","-81.38225","356.6","HICKORY FAA AIRPORT, NC US","  67.3","24","  60.2","24","1015.3","20","974.3","24"," 10.0","24","  9.1","24"," 18.1"," 25.1","  75.0","*","  60.1","*"," 0.00","G","999.9","000000"
"72301003810","2019-02-08","35.74205","-81.38225","356.6","HICKORY FAA AIRPORT, NC US","  61.0","24","  40.2","24","1018.0","24","976.7","24"," 10.0","24","  8.1","24"," 13.0"," 22.0","  75.9"," ","  46.9"," "," 0.00","G","999.9","010000"
"72301003810","2019-02-09","35.74205","-81.38225","356.6","HICKORY FAA AIRPORT, NC US","  42.7","24","  13.4","24","1033.1","24","990.5","24"," 10.0","24","  3.5","24","  8.0","999.9","  48.9","*","  37.0","*"," 0.00","G","999.9","000000"
"72301003810","2019-02-10","35.74205","-81.38225","356.6","HICKORY FAA AIRPORT, NC US","  35.1","24","  20.7","24","1035.7","22","992.0","24","  9.4","24","  2.6","24","  4.1","999.9","  50.0"," ","  28.9"," "," 0.00","G","999.9","010000"
"72301003810","2019-02-11","35.74205","-81.38225","356.6","HICKORY FAA AIRPORT, NC US","  39.0","24","  38.7","24","1022.9","15","979.7","24","  4.7","24","  1.5","24","  6.0","999.9","  46.9"," ","  28.9"," "," 0.03","G","999.9","110000"
"72301003810","2019-02-12","35.74205","-81.38225","356.6","HICKORY FAA AIRPORT, NC US","  41.6","24","  41.6","24","1016.3","10","973.5","24","  4.1","24","  4.7","24","  8.0","999.9","  46.9"," ","  34.0"," "," 0.06","G","999.9","010000"
"72301003810","2019-02-13","35.74205","-81.38225","356.6","HICKORY FAA AIRPORT, NC US","  45.2","24","  21.0","24","1013.2","23","970.9","24","  9.4","24","  8.8","24"," 15.0"," 22.0","  57.0"," ","  35.1"," "," 0.23","G","999.9","000000"
"72301003810","2019-02-14","35.74205","-81.38225","356.6","HICKORY FAA AIRPORT, NC US","  45.1","24","  18.7","24","1017.8","24","975.6","24"," 10.0","24","  5.6","24","  8.0"," 15.9","  59.0"," ","  32.0"," "," 0.00","G","999.9","000000"
"72301003810","2019-02-15","35.74205","-81.38225","356.6","HICKORY FAA AIRPORT, NC US","  52.2","24","  34.3","24","1010.3","24","968.8","24"," 10.0","24","  5.8","24","  9.9"," 15.0","  61.0"," ","  32.0"," "," 0.00","G","999.9","000000"
"72301003810","2019-02-16","35.74205","-81.38225","356.6","HICKORY FAA AIRPORT, NC US","  49.5","24","  47.0","24","1007.9","17","965.9","24","  7.9","24","  4.7","24","  9.9","999.9","  61.0"," ","  44.1"," "," 0.07","G","999.9","110000"
"72301003810","2019-02-17","35.74205","-81.38225","356.6","HICKORY FAA AIRPORT, NC US","  39.3","24","  33.4","24","1015.4","18","972.8","24","  9.4","24","  3.9","24","  7.0","999.9","  46.0","*","  35.6","*"," 0.11","G","999.9","010000"
"72301003810","2019-02-18","35.74205","-81.38225","356.6","HICKORY FAA AIRPORT, NC US","  44.1","24","  33.7","24","1017.1","13","972.9","24","  6.9","24","  3.7","24"," 13.0"," 22.9","  55.9","*","  35.6","*"," 0.92","G","999.9","110000"
"72301003810","2019-02-19","35.74205","-81.38225","356.6","HICKORY FAA AIRPORT, NC US","  38.7","24","  26.4","24","1030.4","24","987.6","24","  9.5","24","  3.7","24","  7.0","999.9","  57.0"," ","  32.0"," "," 0.00","G","999.9","010000"
"72301003810","2019-02-20","35.74205","-81.38225","356.6","HICKORY FAA AIRPORT, NC US","  34.1","24","  33.9","24","1028.1","10","984.2","24","  3.6","24","  5.2","24","  7.0","999.9","  42.1"," ","  32.0"," "," 0.46","G","999.9","010000"
"72301003810","2019-02-21","35.74205","-81.38225","356.6","HICKORY FAA AIRPORT, NC US","  43.5","24","  42.5","24","1017.8","13","975.8","24","  7.6","24","  1.1","24","  6.0","999.9","  61.0"," ","  33.1"," "," 0.38","G","999.9","010000"
"72301003810","2019-02-22","35.74205","-81.38225","356.6","HICKORY FAA AIRPORT, NC US","  49.8","24","  49.5","24","1022.7"," 9","980.9","24","  5.4","24","  5.0","24"," 12.0"," 18.1","  61.0"," ","  36.0"," "," 0.48","G","999.9","010000"
"72301003810","2019-02-23","35.74205","-81.38225","356.6","HICKORY FAA AIRPORT, NC US","  42.3","24","  42.2","24","1023.8","10","982.4","24","  6.6","24","  4.7","24","  8.0","999.9","  46.4","*","  39.2","*"," 0.15","G","999.9","010000"
"72301003810","2019-02-24","35.74205","-81.38225","356.6","HICKORY FAA AIRPORT, NC US","  45.4","24","  38.6","24","1011.6","19","970.1","24","  8.3","24","  4.6","24"," 20.0"," 39.0","  66.0"," ","  39.0"," "," 0.19","G","999.9","010000"
"72301003810","2019-02-25","35.74205","-81.38225","356.6","HICKORY FAA AIRPORT, NC US","  47.9","24","   7.0","24","1021.9","24","979.8","24"," 10.0","24","  8.5","24"," 15.9"," 24.1","  66.0"," ","  37.9"," "," 0.06","G","999.9","000000"
"72301003810","2019-02-26","35.74205","-81.38225","356.6","HICKORY FAA AIRPORT, NC US","  47.0","24","  23.1","24","1027.0","24","984.6","24"," 10.0","24","  3.5","24"," 11.1"," 15.0","  63.0"," ","  33.1"," "," 0.00","G","999.9","000000"
"72301003810","2019-02-27","35.74205","-81.38225","356.6","HICKORY FAA AIRPORT, NC US","  50.3","24","  42.8","24","1020.9","21","978.8","24","  9.6","24","  2.1","24","  7.0","999.9","  63.0"," ","  33.1"," "," 0.00","G","999.9","000000"
"72301003810","2019-02-28","35.74205","-81.38225","356.6","HICKORY FAA AIRPORT, NC US","  50.5","24","  47.5","24","1015.3","20","973.4","24","  5.9","24","  1.2","24","  4.1","999.9","  62.1"," ","  42.1"," "," 0.00","G","999.9","110000"
"72301003810","2019-03-01","35.74205","-81.38225","356.6","HICKORY FAA AIRPORT, NC US","  51.5","24","  51.3","24","1015.4"," 7","973.5","24","  4.3","24","  3.7","24","  9.9","999.9","  62.1"," ","  42.1"," "," 0.00","G","999.9","110000"
"72301003810","2019-03-02","35.74205","-81.38225","356.6","HICKORY FAA AIRPORT, NC US","  43.8","24","  41.4","24","1016.2","16","974.4","24","  5.8","24","  2.3","24","  7.0","999.9","  57.0"," ","  37.9"," "," 0.38","G","999.9","100000"
"72301003810","2019-03-03","35.74205","-81.38225","356.6","HICKORY FAA AIRPORT, NC US","  46.6","24","  44.5","24","1014.1","18","971.9","24","  7.7","24","  4.1","24","  8.0","999.9","  57.0"," ","  37.9"," "," 0.00","G","999.9","010000"
"72301003810","2019-03-04","35.74205","-81.38225","356.6","HICKORY FAA AIRPORT, NC US","  41.7","24","  32.7","24","1011.0","22","968.6","24","  9.7","24","  5.9","24","  9.9"," 15.9","  51.1"," ","  36.0"," "," 0.34","G","999.9","000000"
"72301003810","2019-03-05","35.74205","-81.38225","356.6","HICKORY FAA AIRPORT, NC US","  36.2","24","  16.8","24","1016.7","24","974.2","24"," 10.0","24","  5.3","23"," 13.0"," 19.0","  46.9"," ","  30.9"," "," 0.00","G","999.9","000000"
"72301003810","2019-03-06","35.74205","-81.38225","356.6","HICKORY FAA AIRPORT, NC US","  32.1","24","   6.3","24","1022.7","24","979.8","24"," 10.0","24","  4.9","24","  8.9"," 17.1","  46.9"," ","  23.0"," "," 0.00","G","999.9","000000"
"72301003810","2019-03-07","35.74205","-81.38225","356.6","HICKORY FAA AIRPORT, NC US","  36.5","24","  12.5","24","1025.6","24","982.6","24"," 10.0","24","  2.3","24","  6.0","999.9","  50.0"," ","  23.0"," "," 0.00","G","999.9","000000"
"72301003810","2019-03-08","35.74205","-81.38225","356.6","HICKORY FAA AIRPORT, NC US","  40.3","24","  25.0","24","1023.0","23","980.2","24","  9.4","24","  3.1","24","  5.1","999.9","  50.0"," ","  26.1"," "," 0.00","G","999.9","011000"
"72301003810","2019-03-09","35.74205","-81.38225","356.6","HICKORY FAA AIRPORT, NC US","  39.6","24","  39.3","24","1020.5","11","977.8","24","  2.6","24","  3.5","24","  7.0","999.9","  42.1"," ","  37.0"," "," 0.08","G","999.9","010000"
"72301003810","2019-03-10","35.74205","-81.38225","356.6","HICKORY FAA AIRPORT, NC US","  47.8","24","  45.1","24","1017.6","16","975.6","24","  7.0","24","  4.0","24"," 11.1","999.9","  66.0"," ","  37.9"," "," 0.05","G","999.9","010000"
"72301003810","2019-03-11","35.74205","-81.38225","356.6","HICKORY FAA AIRPORT, NC US","  55.3","23","  42.9","22","1019.7","12","979.0","23"," 10.0","23","  4.4","22","  8.0","999.9","  66.0"," ","  39.9"," "," 0.20","G","999.9","000000"
"72301003810","2019-03-12","35.74205","-81.38225","356.6","HICKORY FAA AIRPORT, NC US","  52.9","15","  28.8","15","1023.6"," 9","981.6","15"," 10.0","15","  2.2","14","  4.1","999.9","  59.0","*","  44.6","*"," 0.05","G","999.9","000000"
"72301003810","2019-03-13","35.74205","-81.38225","356.6","HICKORY FAA AIRPORT, NC US","  48.5","24","  30.2","24","1024.1","24","981.9","24"," 10.0","24","  2.4","24","  8.9"," 14.0","  61.0"," ","  37.0"," "," 0.00","G","999.9","000000"
"72301003810","2019-03-14","35.74205","-81.38225","356.6","HICKORY FAA AIRPORT, NC US","  56.0","24","  44.3","24","1020.6","19","979.0","24"," 10.0","24","  3.6","24"," 13.0"," 19.0","  64.9"," ","  36.0"," "," 0.00","G","999.9","000000"
"72301003810","2019-03-15","35.74205","-81.38225","356.6","HICKORY FAA AIRPORT, NC US","  61.6","24","  56.5","24","1013.9","20","972.4","24","  9.4","24","  7.3","24"," 14.0"," 24.1","  66.0"," ","  48.9"," "," 0.22","G","999.9","010000"
"72301003810","2019-03-16","35.74205","-81.38225","356.6","HICKORY FAA AIRPORT, NC US","  49.6","24","  23.5","24","1019.1","24","977.4","24"," 10.0","24","  6.6","24"," 12.0"," 24.1","  61.0","*","  39.0","*"," 0.08","G","999.9","000000"
"72301003810","2019-03-17","35.74205","-81.38225","356.6","HICKORY FAA AIRPORT, NC US","  45.0","24","  20.5","24","1021.9","24","979.6","24"," 10.0","24","  2.8","24","  7.0","999.9","  57.9"," ","  33.1"," "," 0.00","G","999.9","000000"
"72301003810","2019-03-18","35.74205","-81.38225","356.6","HICKORY FAA AIRPORT, NC US","  46.3","24","  20.1","24","1021.3","24","979.0","24"," 10.0","24","  5.8","24"," 13.0"," 22.9","  57.9"," ","  33.1"," "," 0.00","G","999.9","000000"
"72301003810","2019-03-19","35.74205","-81.38225","356.6","HICKORY FAA AIRPORT, NC US","  41.0","24","  17.7","24","1027.4","24","984.8","24"," 10.0","24","  2.8","24","  8.9"," 14.0","  55.0"," ","  27.0"," "," 0.00","G","999.9","000000"
"72301003810","2019-03-20","35.74205","-81.38225","356.6","HICKORY FAA AIRPORT, NC US","  43.7","24","  23.1","24","1023.9","24","981.4","24"," 10.0","24","  2.1","24","  8.0","999.9","  59.0"," ","  27.0"," "," 0.00","G","999.9","000000"
"72301003810","2019-03-21","35.74205","-81.38225","356.6","HICKORY FAA AIRPORT, NC US","  48.3","24","  32.3","24","1012.2","24","970.5","24"," 10.0","24","  4.0","24"," 12.0","999.9","  59.0"," ","  27.0"," "," 0.00","G","999.9","010000"
"72301003810","2019-03-22","35.74205","-81.38225","356.6","HICKORY FAA AIRPORT, NC US","  49.7","24","  28.4","24","1009.4","24","967.8","24"," 10.0","24","  9.6","24"," 17.1"," 24.1","  63.0"," ","  39.9"," "," 0.00","G","999.9","000000"
"72301003810","2019-03-23","35.74205","-81.38225","356.6","HICKORY FAA AIRPORT, NC US","  50.8","24","  16.5","24","1019.4","24","977.5","24"," 10.0","24","  5.2","24"," 11.1"," 22.9","  64.0"," ","  36.0"," "," 0.00","G","999.9","000000"
"72301003810","2019-03-24","35.74205","-81.38225","356.6","HICKORY FAA AIRPORT, NC US","  52.1","24","  26.8","24","1023.0","24","981.0","24"," 10.0","24","  4.7","23"," 15.0"," 24.1","  69.1"," ","  35.1"," "," 0.00","G","999.9","000000"
"72301003810","2019-03-25","35.74205","-81.38225","356.6","HICKORY FAA AIRPORT, NC US","  56.1","24","  43.9","24","1015.4","23","973.9","24","  9.0","24","  3.4","24","  8.9","999.9","  69.1"," ","  35.1"," "," 0.00","G","999.9","010000"
"72301003810","2019-03-26","35.74205","-81.38225","356.6","HICKORY FAA AIRPORT, NC US","  49.1","24","  44.2","24","1017.8","14","975.3","24","  7.9","24","  4.9","24"," 12.0"," 15.9","  64.0"," ","  45.0"," "," 0.07","G","999.9","100000"
"72301003810","2019-03-27","35.74205","-81.38225","356.6","HICKORY FAA AIRPORT, NC US","  43.4","24","  25.6","24","1027.5","24","984.9","24"," 10.0","24","  2.7","24","  7.0","999.9","  55.9"," ","  30.9"," "," 0.00","G","999.9","000000"
"72301003810","2019-03-28","35.74205","-81.38225","356.6","HICKORY FAA AIRPORT, NC US","  47.7","24","  29.3","24","1027.3","24","984.8","24"," 10.0","24","  3.0","24","  8.9","999.9","  64.9"," ","  30.9"," "," 0.00","G","999.9","000000"
"72301003810","2019-03-29","35.74205","-81.38225","356.6","HICKORY FAA AIRPORT, NC US","  56.4","24","  32.2","24","1020.7","24","979.0","24"," 10.0","24","  2.9","24","  8.0","999.9","  73.0"," ","  32.0"," "," 0.00","G","999.9","000000"
"72301003810","2019-03-30","35.74205","-81.38225","356.6","HICKORY FAA AIRPORT, NC US","  61.6","24","  40.8","24","1015.0","24","973.7","24"," 10.0","24","  5.8","24"," 17.1"," 22.9","  73.0"," ","  37.9"," "," 0.00","G","999.9","000000"
"72301003810","2019-03-31","35.74205","-81.38225","356.6","HICKORY FAA AIRPORT, NC US","  57.3","24","  41.0","24","1010.7","24","969.6","24"," 10.0","24","  9.2","24"," 17.1"," 24.1","  73.0"," ","  46.9"," "," 0.00","G","999.9","010000"
"72301003810","2019-04-01","35.74205","-81.38225","356.6","HICKORY FAA AIRPORT, NC US","  41.5","24","  17.0","24","1023.0","24","980.6","24"," 10.0","24","  4.6","23","  8.9","999.9","  63.0"," ","  30.0"," "," 0.07","G","999.9","000000"
"72301003810","2019-04-02","35.74205","-81.38225","356.6","HICKORY FAA AIRPORT, NC US","  43.1","23","  24.0","23","1021.4","23","978.9","23"," 10.0","23","  3.4","22","  8.9","999.9","  57.0"," ","  30.0"," "," 0.00","G","999.9","000000"
"72301003810","2019-04-03","35.74205","-81.38225","356.6","HICKORY FAA AIRPORT, NC US","  52.0","24","  30.0","24","1023.0","24","980.8","24"," 10.0","24","  3.8","24"," 12.0"," 18.1","  70.0"," ","  32.0"," "," 0.00","G","999.9","000000"
"72301003810","2019-04-04","35.74205","-81.38225","356.6","HICKORY FAA AIRPORT, NC US","  59.6","24","  34.5","24","1025.1","24","983.3","24"," 10.0","24","  3.2","24"," 11.1","999.9","  73.0"," ","  34.0"," "," 0.00","G","999.9","000000"
"72301003810","2019-04-05","35.74205","-81.38225","356.6","HICKORY FAA AIRPORT, NC US","  55.7","24","  47.2","24","1020.0","20","978.3","24","  7.7","24","  4.3","24","  8.9","999.9","  73.0"," ","  45.0"," "," 0.05","G","999.9","010000"
"72301003810","2019-04-06","35.74205","-81.38225","356.6","HICKORY FAA AIRPORT, NC US","  58.7","24","  51.0","24","1019.9","19","978.5","24","  8.9","24","  2.2","24","  7.0","999.9","  73.0"," ","  48.9"," "," 0.41","G","999.9","000000"
"72301003810","2019-04-07","35.74205","-81.38225","356.6","HICKORY FAA AIRPORT, NC US","  61.0","24","  54.9","24","1021.0","22","979.4","24"," 10.0","24","  2.5","24","  8.0","999.9","  73.0"," ","  48.9"," "," 0.00","G","999.9","000000"
"72301003810","2019-04-08","35.74205","-81.38225","356.6","HICKORY FAA AIRPORT, NC US","  63.7","24","  60.5","24","1014.9","10","973.7","24","  7.9","24","  4.4","24"," 24.1"," 35.0","  75.0"," ","  55.0"," "," 0.00","G","999.9","110010"
"72301003810","2019-04-09","35.74205","-81.38225","356.6","HICKORY FAA AIRPORT, NC US","  65.4","24","  60.7","24","1006.4","16","966.5","24","  7.6","24","  2.6","24","  7.0","999.9","  75.0"," ","  57.9"," "," 1.20","G","999.9","010000"
"72301003810","2019-04-10","35.74205","-81.38225","356.6","HICKORY FAA AIRPORT, NC US","  63.8","24","  44.8","24","1008.4","24","967.5","24","  9.8","24","  2.1","24","  6.0","999.9","  75.9"," ","  52.0"," "," 0.00","G","999.9","000000"
"72301003810","2019-04-11","35.74205","-81.38225","356.6","HICKORY FAA AIRPORT, NC US","  64.0","24","  48.6","24","1013.6","21","972.7","24"," 10.0","24","  1.8","24","  5.1","999.9","  75.9"," ","  52.0"," "," 0.00","G","999.9","000000"
"72301003810","2019-04-12","35.74205","-81.38225","356.6","HICKORY FAA AIRPORT, NC US","  66.4","24","  59.9","24","1015.2","15","974.3","24","  7.7","24","  3.8","24"," 11.1"," 19.0","  75.9"," ","  54.0"," "," 0.01","G","999.9","110010"
"72301003810","2019-04-13","35.74205","-81.38225","356.6","HICKORY FAA AIRPORT, NC US","  66.4","24","  62.9","24","1015.5","11","974.9","24","  8.8","24","  4.0","24"," 12.0"," 18.1","  73.9"," ","  61.0"," "," 1.02","G","999.9","010010"
"72301003810","2019-04-14","35.74205","-81.38225","356.6","HICKORY FAA AIRPORT, NC US","  66.2","24","  62.8","24","1007.9","13","967.2","24","  6.8","24","  7.2","24"," 15.9"," 34.0","  73.0"," ","  61.0"," "," 0.00","G","999.9","010000"
"72301003810","2019-04-15","35.74205","-81.38225","356.6","HICKORY FAA AIRPORT, NC US","  57.6","24","  41.9","24","1007.3","23","966.0","24","  9.8","24","  9.5","24"," 19.0"," 28.0","  73.0"," ","  46.9"," "," 0.97","G","999.9","010000"
"72301003810","2019-04-16","35.74205","-81.38225","356.6","HICKORY FAA AIRPORT, NC US","  53.8","24","  36.0","24","1020.8","24","978.9","24"," 10.0","24","  3.1","23","  9.9"," 15.0","  71.1"," ","  37.0"," "," 0.00","G","999.9","000000"
"72301003810","2019-04-17","35.74205","-81.38225","356.6","HICKORY FAA AIRPORT, NC US","  62.1","24","  45.5","24","1017.9","24","976.5","24"," 10.0","24","  2.1","24","  8.0","999.9","  77.0"," ","  37.0"," "," 0.00","G","999.9","000000"
"72301003810","2019-04-18","35.74205","-81.38225","356.6","HICKORY FAA AIRPORT, NC US","  67.6","24","  54.2","24","1013.4","23","972.6","24"," 10.0","24","  5.9","23"," 13.0"," 19.0","  75.0","*","  60.1","*"," 0.00","G","999.9","000000"
"72301003810","2019-04-19","35.74205","-81.38225","356.6","HICKORY FAA AIRPORT, NC US","  67.1","24","  61.6","24","1003.1","14","962.0","24","  9.1","24","  5.3","22"," 14.0"," 26.0","  75.9"," ","  59.0"," "," 0.00","G","999.9","010010"
"72301003810","2019-04-20","35.74205","-81.38225","356.6","HICKORY FAA AIRPORT, NC US","  49.9","24","  44.2","24","1003.1","18","960.9","24","  9.5","24","  8.5","24"," 13.0"," 26.0","  73.0"," ","  44.1"," "," 0.82","G","999.9","010000"
"72301003810","2019-04-21","35.74205","-81.38225","356.6","HICKORY FAA AIRPORT, NC US","  49.4","24","  39.8","24","1014.3","22","972.3","24","  9.2","24","  4.3","24","  8.9","999.9","  64.9"," ","  37.9"," "," 0.02","G","999.9","110000"
"72301003810","2019-04-22","35.74205","-81.38225","356.6","HICKORY FAA AIRPORT, NC US","  58.0","24","  43.2","24","1019.7","24","977.9","24"," 10.0","24","  2.1","22","  7.0","999.9","  75.9"," ","  37.9"," "," 0.00","G","999.9","000000"
"72301003810","2019-04-23","35.74205","-81.38225","356.6","HICKORY FAA AIRPORT, NC US","  65.8","24","  49.9","24","1016.6","24","975.4","24"," 10.0","24","  3.1","24"," 12.0"," 19.0","  82.0"," ","  42.1"," "," 0.00","G","999.9","000000"
"72301003810","2019-04-24","35.74205","-81.38225","356.6","HICKORY FAA AIRPORT, NC US","  72.5","24","  49.1","24","1011.6","24","971.0","24"," 10.0","24","  4.5","24","  8.9","999.9","  82.9"," ","  50.0"," "," 0.00","G","999.9","000000"
"72301003810","2019-04-25","35.74205","-81.38225","356.6","HICKORY FAA AIRPORT, NC US","  65.8","24","  54.0","24","1010.3","24","969.5","24"," 10.0","24","  3.5","24","  9.9"," 18.1","  82.9"," ","  55.9"," "," 0.00","G","999.9","010000"
"72301003810","2019-04-26","35.74205","-81.38225","356.6","HICKORY FAA AIRPORT, NC US","  63.3","24","  53.4","24","1004.8","23","964.0","24","  9.8","24","  9.1","24"," 22.9"," 38.1","  77.0"," ","  55.9"," "," 0.04","G","999.9","010000"
"72301003810","2019-04-27","35.74205","-81.38225","356.6","HICKORY FAA AIRPORT, NC US","  60.5","24","  36.6","24","1011.5","24","970.2","24"," 10.0","24","  5.5","24"," 11.1"," 17.1","  75.0"," ","  48.0"," "," 0.14","G","999.9","000000"
"72301003810","2019-04-28","35.74205","-81.38225","356.6","HICKORY FAA AIRPORT, NC US","  68.1","24","  46.4","24","1011.6","24","970.7","24"," 10.0","24","  4.2","24","  8.0"," 15.0","  82.0"," ","  48.0"," "," 0.00","G","999.9","000000"
"72301003810","2019-04-29","35.74205","-81.38225","356.6","HICKORY FAA AIRPORT, NC US","  61.6","24","  48.6","24","1021.5","23","980.2","24"," 10.0","24","  4.8","24","  8.9","999.9","  82.0"," ","  54.0"," "," 0.00","G","999.9","000000"
"72301003810","2019-04-30","35.74205","-81.38225","356.6","HICKORY FAA AIRPORT, NC US","  66.3","24","  56.3","24","1022.5","24","981.0","24","  9.1","24","  2.6","24"," 11.1"," 15.0","  82.9"," ","  52.0"," "," 0.00","G","999.9","000000"
"72301003810","2019-05-01","35.74205","-81.38225","356.6","HICKORY FAA AIRPORT, NC US","  70.7","24","  60.6","24","1022.5","23","981.5","24"," 10.0","23","  4.7","23"," 11.1"," 17.1","  82.9"," ","  52.0"," "," 0.00","G","999.9","000000"
"72301003810","2019-05-02","35.74205","-81.38225","356.6","HICKORY FAA AIRPORT, NC US","  71.4","24","  59.5","24","1020.9","23","979.8","24","  9.7","24","  5.1","24"," 11.1"," 15.9","  82.0"," ","  61.0"," "," 0.00","G","999.9","000000"
"72301003810","2019-05-03","35.74205","-81.38225","356.6","HICKORY FAA AIRPORT, NC US","  68.7","24","  58.8","24","1016.2","24","975.2","24"," 10.0","24","  3.5","24","  8.0"," 14.0","  82.0"," ","  55.9"," "," 0.00","G","999.9","000000"
"72301003810","2019-05-04","35.74205","-81.38225","356.6","HICKORY FAA AIRPORT, NC US","  68.7","24","  63.7","24","1011.0","15","970.0","24","  7.0","24","  3.3","24"," 11.1"," 19.0","  82.0"," ","  55.9"," "," 0.00","G","999.9","110010"
"72301003810","2019-05-05","35.74205","-81.38225","356.6","HICKORY FAA AIRPORT, NC US","  67.7","24","  62.5","24","1005.5","13","964.9","24","  8.6","24","  4.5","24","  9.9"," 15.0","  82.0"," ","  62.1"," "," 0.48","G","999.9","010000"
"72301003810","2019-05-06","35.74205","-81.38225","356.6","HICKORY FAA AIRPORT, NC US","  65.9","24","  53.8","24","1012.9","24","971.9","24"," 10.0","24","  3.1","24","  7.0","999.9","  78.1"," ","  55.0"," "," 0.18","G","999.9","000000"
"72301003810","2019-05-07","35.74205","-81.38225","356.6","HICKORY FAA AIRPORT, NC US","  68.7","24","  59.1","24","1018.4","22","977.5","24"," 10.0","24","  2.7","24","  7.0","999.9","  77.0"," ","  55.0"," "," 0.00","G","999.9","000000"
"72301003810","2019-05-08","35.74205","-81.38225","356.6","HICKORY FAA AIRPORT, NC US","  69.8","24","  62.1","24","1017.9","18","977.1","24","  9.0","24","  2.5","23","  8.9","999.9","  80.1"," ","  60.1"," "," 0.00","G","999.9","100000"
"72301003810","2019-05-09","35.74205","-81.38225","356.6","HICKORY FAA AIRPORT, NC US","  69.1","24","  60.5","24","1017.8","23","976.8","24"," 10.0","24","  3.0","24","  8.0"," 15.9","  80.1"," ","  60.1"," "," 0.00","G","999.9","000000"
"72301003810","2019-05-10","35.74205","-81.38225","356.6","HICKORY FAA AIRPORT, NC US","  67.6","24","  63.2","24","1016.7","17","975.7","24","  8.7","24","  4.6","24","  8.9"," 15.0","  78.1"," ","  61.0"," "," 0.00","G","999.9","010000"
"72301003810","2019-05-11","35.74205","-81.38225","356.6","HICKORY FAA AIRPORT, NC US","  68.0","24","  66.0","24","1013.7","11","972.9","24","  7.3","24","  2.2","24","  7.0","999.9","  75.9"," ","  63.0"," "," 0.00","G","999.9","010000"
"72301003810","2019-05-12","35.74205","-81.38225","356.6","HICKORY FAA AIRPORT, NC US","  69.1","24","  64.9","24","1006.0","16","966.0","24","  8.9","24","  6.9","24"," 14.0"," 18.1","  73.9"," ","  66.0"," "," 1.21","G","999.9","010000"
"72301003810","2019-05-13","35.74205","-81.38225","356.6","HICKORY FAA AIRPORT, NC US","  65.3","24","  53.6","24","1006.6","19","965.5","24","  8.3","24","  5.9","24"," 14.0"," 22.0","  73.9"," ","  60.1"," "," 0.04","G","999.9","110000"
"72301003810","2019-05-14","35.74205","-81.38225","356.6","HICKORY FAA AIRPORT, NC US","  58.2","24","  40.5","24","1012.4","24","971.2","24"," 10.0","24","  5.7","24"," 12.0"," 17.1","  72.0"," ","  46.9"," "," 0.00","G","999.9","000000"
"72301003810","2019-05-15","35.74205","-81.38225","356.6","HICKORY FAA AIRPORT, NC US","  57.5","24","  42.9","24","1015.9","24","974.4","24"," 10.0","24","  4.4","24"," 11.1"," 15.9","  69.1"," ","  45.0"," "," 0.00","G","999.9","000000"
"72301003810","2019-05-16","35.74205","-81.38225","356.6","HICKORY FAA AIRPORT, NC US","  63.0","24","  51.2","24","1014.8","24","973.6","24"," 10.0","24","  2.8","24","  7.0","999.9","  78.1"," ","  45.0"," "," 0.00","G","999.9","000000"
"72301003810","2019-05-17","35.74205","-81.38225","356.6","HICKORY FAA AIRPORT, NC US","  69.8","24","  58.3","24","1012.3","24","971.4","24"," 10.0","24","  2.9","24","  8.9"," 15.0","  86.0"," ","  50.0"," "," 0.00","G","999.9","000000"
"72301003810","2019-05-18","35.74205","-81.38225","356.6","HICKORY FAA AIRPORT, NC US","  74.9","24","  61.1","24","1014.1","24","973.5","24"," 10.0","24","  3.1","24","  8.0","999.9","  86.0"," ","  55.9"," "," 0.00","G","999.9","000000"
"72301003810","2019-05-19","35.74205","-81.38225","356.6","HICKORY FAA AIRPORT, NC US","  75.1","24","  64.1","24","1014.8","24","974.2","24","  9.8","24","  4.0","24"," 12.0"," 19.0","  86.0"," ","  60.1"," "," 0.00","G","999.9","000000"
"72301003810","2019-05-20","35.74205","-81.38225","356.6","HICKORY FAA AIRPORT, NC US","  74.6","24","  60.0","24","1013.5","23","973.0","24"," 10.0","24","  7.4","24"," 15.9"," 20.0","  84.9"," ","  64.9"," "," 0.00","G","999.9","000000"
"72301003810","2019-05-21","35.74205","-81.38225","356.6","HICKORY FAA AIRPORT, NC US","  72.6","24","  56.2","24","1013.4","24","972.7","24"," 10.0","24","  2.2","24","  7.0","999.9","  84.0"," ","  57.9"," "," 0.00","G","999.9","000000"
"72301003810","2019-05-22","35.74205","-81.38225","356.6","HICKORY FAA AIRPORT, NC US","  68.1","24","  60.0","24","1019.3","23","978.5","24","  9.9","24","  4.7","24","  8.9","999.9","  84.0"," ","  57.9"," "," 0.00","G","999.9","000000"
"72301003810","2019-05-23","35.74205","-81.38225","356.6","HICKORY FAA AIRPORT, NC US","  73.5","24","  67.3","24","1021.6","20","980.7","24","  8.0","24","  4.2","24"," 13.0"," 18.1","  84.0"," ","  63.0"," "," 0.02","G","999.9","010000"
"72301003810","2019-05-24","35.74205","-81.38225","356.6","HICKORY FAA AIRPORT, NC US","  77.9","24","  63.8","24","1018.3","21","977.5","24","  8.6","24","  3.8","24","  8.9"," 15.0","  91.0"," ","  64.0"," "," 0.00","I","999.9","100000"
"72301003810","2019-05-25","35.74205","-81.38225","356.6","HICKORY FAA AIRPORT, NC US","  78.2","24","  63.1","24","1018.2","24","977.6","24","  9.8","24","  3.5","24","  9.9"," 15.0","  91.0"," ","  64.0"," "," 0.00","G","999.9","000000"
"72301003810","2019-05-26","35.74205","-81.38225","356.6","HICKORY FAA AIRPORT, NC US","  78.2","24","  64.5","24","1017.3","23","976.8","24","  9.9","24","  3.8","24","  9.9","999.9","  91.0"," ","  64.0"," "," 0.03","G","999.9","010010"
"72301003810","2019-05-27","35.74205","-81.38225","356.6","HICKORY FAA AIRPORT, NC US","  80.3","24","  59.3","24","1014.1","24","973.8","24"," 10.0","24","  3.8","24","  9.9"," 15.9","  91.0"," ","  66.0"," "," 0.00","G","999.9","000000"
"72301003810","2019-05-28","35.74205","-81.38225","356.6","HICKORY FAA AIRPORT, NC US","  79.2","24","  61.8","24","1011.4","24","971.1","24"," 10.0","24","  4.1","23"," 11.1"," 15.9","  93.0"," ","  64.9"," "," 0.00","G","999.9","000000"
"72301003810","2019-05-29","35.74205","-81.38225","356.6","HICKORY FAA AIRPORT, NC US","  80.0","24","  63.1","24","1010.0","23","969.8","24"," 10.0","24","  4.4","24"," 11.1"," 15.9","  93.0"," ","  64.9"," "," 0.00","G","999.9","010010"
"72301003810","2019-05-30","35.74205","-81.38225","356.6","HICKORY FAA AIRPORT, NC US","  78.4","24","  62.7","24","1009.8","24","969.6","24"," 10.0","24","  5.4","24"," 15.9"," 24.1","  91.9"," ","  64.9"," "," 0.00","G","999.9","000000"
"72301003810","2019-05-31","35.74205","-81.38225","356.6","HICKORY FAA AIRPORT, NC US","  75.5","24","  59.9","24","1009.1","20","968.6","24"," 10.0","24","  4.3","24","  9.9"," 17.1","  91.9"," ","  64.9"," "," 0.00","G","999.9","010010"
"72301003810","2019-06-01","35.74205","-81.38225","356.6","HICKORY FAA AIRPORT, NC US","  70.7","24","  54.0","24","1010.3","24","969.7","24"," 10.0","24","  3.9","23","  6.0","999.9","  84.9"," ","  59.0"," "," 0.01","G","999.9","000000"
"72301003810","2019-06-02","35.74205","-81.38225","356.6","HICKORY FAA AIRPORT, NC US","  73.3","24","  57.5","24","1009.2","24","968.7","24"," 10.0","24","  4.0","22","  8.0","999.9","  87.1"," ","  59.0"," "," 0.00","G","999.9","000000"
"72301003810","2019-06-03","35.74205","-81.38225","356.6","HICKORY FAA AIRPORT, NC US","  73.7","24","  56.4","24","1012.2","24","971.7","24","  9.7","24","  3.2","23","  7.0","999.9","  87.1"," ","  60.1"," "," 0.00","G","999.9","000000"
"72301003810","2019-06-04","35.74205","-81.38225","356.6","HICKORY FAA AIRPORT, NC US","  68.9","24","  50.0","24","1018.9","24","977.9","24"," 10.0","24","  3.5","24","  7.0","999.9","  84.9"," ","  57.0"," "," 0.00","G","999.9","000000"
"72301003810","2019-06-05","35.74205","-81.38225","356.6","HICKORY FAA AIRPORT, NC US","  72.8","24","  65.1","24","1015.0","21","974.3","24","  9.7","24","  4.9","24","  9.9","999.9","  80.1"," ","  57.0"," "," 0.00","G","999.9","010010"
"72301003810","2019-06-06","35.74205","-81.38225","356.6","HICKORY FAA AIRPORT, NC US","  74.8","24","  66.3","24","1010.5","23","970.0","24","  9.5","24","  5.1","24","  9.9","999.9","  82.9"," ","  66.9"," "," 0.01","G","999.9","000000"
"72301003810","2019-06-07","35.74205","-81.38225","356.6","HICKORY FAA AIRPORT, NC US","  70.5","24","  67.5","24","1008.8","14","968.2","24","  7.9","24","  2.4","24","  8.0","999.9","  82.9"," ","  66.9"," "," 0.00","G","999.9","010010"
"72301003810","2019-06-08","35.74205","-81.38225","356.6","HICKORY FAA AIRPORT, NC US","  71.0","24","  68.6","24","1010.2"," 8","969.3","24","  6.2","24","  4.6","24"," 13.0"," 19.0","  80.1"," ","  64.9"," "," 3.30","G","999.9","110010"
"72301003810","2019-06-09","35.74205","-81.38225","356.6","HICKORY FAA AIRPORT, NC US","  69.9","24","  68.4","24","1013.6","13","972.7","24","  6.3","24","  4.8","24","  8.9"," 17.1","  80.1"," ","  68.0"," "," 3.64","G","999.9","010010"
"72301003810","2019-06-10","35.74205","-81.38225","356.6","HICKORY FAA AIRPORT, NC US","  71.7","24","  68.0","24","1013.2","15","972.6","24","  6.3","24","  3.8","24","  8.0","999.9","  81.0"," ","  66.9"," "," 1.36","G","999.9","010000"
"72301003810","2019-06-11","35.74205","-81.38225","356.6","HICKORY FAA AIRPORT, NC US","  71.8","24","  55.2","24","1015.4","24","974.7","24"," 10.0","24","  5.1","24","  9.9"," 17.1","  82.0"," ","  62.1"," "," 0.11","G","999.9","000000"
"72301003810","2019-06-12","35.74205","-81.38225","356.6","HICKORY FAA AIRPORT, NC US","  63.2","24","  52.6","24","1017.0","24","975.9","24"," 10.0","24","  3.3","24","  8.0","999.9","  82.0"," ","  55.9"," "," 0.00","G","999.9","010000"
"72301003810","2019-06-13","35.74205","-81.38225","356.6","HICKORY FAA AIRPORT, NC US","  66.9","24","  54.3","24","1011.1","22","970.1","24"," 10.0","24","  5.3","24"," 14.0"," 22.0","  80.1"," ","  55.9"," "," 0.00","G","999.9","000000"
"72301003810","2019-06-14","35.74205","-81.38225","356.6","HICKORY FAA AIRPORT, NC US","  67.4","24","  41.7","24","1018.4","24","977.3","24"," 10.0","24","  6.3","21"," 14.0"," 15.9","  80.1"," ","  57.0"," "," 0.00","G","999.9","000000"
"72301003810","2019-06-15","35.74205","-81.38225","356.6","HICKORY FAA AIRPORT, NC US","  68.0","24","  53.6","24","1020.0","24","978.8","24"," 10.0","24","  3.7","24","  9.9"," 17.1","  80.1"," ","  52.0"," "," 0.00","G","999.9","000000"
"72301003810","2019-06-16","35.74205","-81.38225","356.6","HICKORY FAA AIRPORT, NC US","  74.8","24","  61.3","24","1015.5","24","974.8","24"," 10.0","24","  5.2","24","  8.0","999.9","  87.1"," ","  52.0"," "," 0.00","G","999.9","000000"
"72301003810","2019-06-17","35.74205","-81.38225","356.6","HICKORY FAA AIRPORT, NC US","  79.4","24","  67.1","24","1014.7","24","974.2","24"," 10.0","24","  4.6","24"," 11.1","999.9","  89.1"," ","  63.0"," "," 0.00","G","999.9","000000"
"72301003810","2019-06-18","35.74205","-81.38225","356.6","HICKORY FAA AIRPORT, NC US","  74.1","24","  68.7","24","1014.4","13","974.2","24","  9.5","24","  4.1","24","  8.9"," 14.0","  89.1"," ","  68.0"," "," 0.51","G","999.9","010010"
"72301003810","2019-06-19","35.74205","-81.38225","356.6","HICKORY FAA AIRPORT, NC US","  72.9","24","  68.7","24","1009.2","14","969.2","24","  9.3","24","  3.1","24","  9.9","999.9","  82.9"," ","  68.0"," "," 0.07","G","999.9","010000"
"72301003810","2019-06-20","35.74205","-81.38225","356.6","HICKORY FAA AIRPORT, NC US","  76.6","24","  66.7","24","1005.5","23","965.3","24","  9.7","24","  6.6","24"," 14.0"," 21.0","  87.1"," ","  68.0"," "," 0.00","G","999.9","000000"
"72301003810","2019-06-21","35.74205","-81.38225","356.6","HICKORY FAA AIRPORT, NC US","  76.2","24","  58.1","24","1010.8","24","970.4","24"," 10.0","24","  6.7","24"," 12.0"," 20.0","  87.1"," ","  66.9"," "," 0.00","G","999.9","000000"
"72301003810","2019-06-22","35.74205","-81.38225","356.6","HICKORY FAA AIRPORT, NC US","  73.1","24","  65.2","24","1014.9","22","974.3","24","  9.7","24","  2.3","24"," 15.9"," 31.1","  84.9"," ","  66.0"," "," 0.03","G","999.9","110010"
"72301003810","2019-06-23","35.74205","-81.38225","356.6","HICKORY FAA AIRPORT, NC US","  72.4","24","  66.2","24","1015.7","18","975.2","24","  9.7","24","  3.0","24","  8.9","999.9","  84.0"," ","  66.0"," "," 0.65","G","999.9","000000"
"72301003810","2019-06-24","35.74205","-81.38225","356.6","HICKORY FAA AIRPORT, NC US","  77.2","24","  68.4","24","1012.0","18","971.7","24","  8.1","24","  4.2","23"," 13.0"," 21.0","  88.0"," ","  66.0"," "," 0.00","G","999.9","100000"
"72301003810","2019-06-25","35.74205","-81.38225","356.6","HICKORY FAA AIRPORT, NC US","  74.5","24","  64.9","24","1013.6","20","972.6","24","  9.7","24","  4.5","24"," 21.0"," 29.9","  88.0"," ","  64.9"," "," 0.20","G","999.9","010010"
"72301003810","2019-06-26","35.74205","-81.38225","356.6","HICKORY FAA AIRPORT, NC US","  75.2","24","  63.0","24","1018.7","24","977.9","24"," 10.0","24","  3.0","24","  6.0","999.9","  84.9"," ","  64.0"," "," 0.00","G","999.9","000000"
"72301003810","2019-06-27","35.74205","-81.38225","356.6","HICKORY FAA AIRPORT, NC US","  77.5","24","  65.2","24","1020.7","24","979.9","24"," 10.0","24","  3.0","24","  7.0","999.9","  90.0"," ","  64.0"," "," 0.00","G","999.9","000000"
"72301003810","2019-06-28","35.74205","-81.38225","356.6","HICKORY FAA AIRPORT, NC US","  79.1","24","  66.2","24","1020.9","24","980.2","24"," 10.0","24","  2.9","24","  7.0","999.9","  90.0"," ","  66.0"," "," 0.00","G","999.9","000000"
"72301003810","2019-06-29","35.74205","-81.38225","356.6","HICKORY FAA AIRPORT, NC US","  77.8","24","  65.0","24","1019.7","24","979.1","24"," 10.0","24","  3.6","24","  9.9","999.9","  89.1"," ","  68.0"," "," 0.00","G","999.9","000000"
"72301003810","2019-06-30","35.74205","-81.38225","356.6","HICKORY FAA AIRPORT, NC US","  79.2","24","  65.4","24","1015.2","23","974.9","24","  9.7","24","  3.7","24","  8.9","999.9","  91.9"," ","  66.9"," "," 0.00","G","999.9","000000"
"72301003810","2019-07-01","35.74205","-81.38225","356.6","HICKORY FAA AIRPORT, NC US","  80.1","24","  65.2","24","1013.9","24","973.5","24"," 10.0","24","  3.1","24","  7.0","999.9","  91.9"," ","  66.9"," "," 0.00","G","999.9","000000"
"72301003810","2019-07-02","35.74205","-81.38225","356.6","HICKORY FAA AIRPORT, NC US","  79.4","24","  66.9","24","1013.7","23","973.3","24"," 10.0","24","  2.9","24","  9.9"," 17.1","  91.9"," ","  69.1"," "," 0.00","G","999.9","010010"
"72301003810","2019-07-03","35.74205","-81.38225","356.6","HICKORY FAA AIRPORT, NC US","  79.5","24","  68.1","24","1012.6","24","972.3","24"," 10.0","24","  3.5","24","  6.0","999.9","  91.9"," ","  69.1"," "," 0.05","G","999.9","000000"
"72301003810","2019-07-04","35.74205","-81.38225","356.6","HICKORY FAA AIRPORT, NC US","  78.1","24","  69.3","24","1014.4","22","974.0","24"," 10.0","24","  4.3","24"," 12.0"," 15.9","  91.9"," ","  69.1"," "," 0.00","G","999.9","010000"
"72301003810","2019-07-05","35.74205","-81.38225","356.6","HICKORY FAA AIRPORT, NC US","  76.4","24","  70.5","24","1017.6","17","977.1","24","  8.1","24","  1.9","24","  6.0","999.9","  91.0"," ","  69.1"," "," 0.03","G","999.9","000000"
"72301003810","2019-07-06","35.74205","-81.38225","356.6","HICKORY FAA AIRPORT, NC US","  75.3","24","  72.0","24","1016.4","17","975.7","24","  7.5","24","  2.6","24","  7.0","999.9","  87.1"," ","  70.0"," "," 0.14","G","999.9","010000"
"72301003810","2019-07-07","35.74205","-81.38225","356.6","HICKORY FAA AIRPORT, NC US","  79.9","24","  69.7","24","1012.1","24","971.8","24","  9.4","24","  2.1","24","  8.0","999.9","  93.0"," ","  69.1"," "," 0.00","G","999.9","000000"
"72301003810","2019-07-08","35.74205","-81.38225","356.6","HICKORY FAA AIRPORT, NC US","  79.1","24","  70.4","24","1010.3","21","970.1","24","  9.8","24","  3.2","23","  8.9"," 17.1","  93.0"," ","  69.1"," "," 0.06","G","999.9","010010"
"72301003810","2019-07-09","35.74205","-81.38225","356.6","HICKORY FAA AIRPORT, NC US","  75.7","24","  71.1","24","1014.5","15","974.4","24","  9.7","24","  5.1","24","  9.9","999.9","  91.0"," ","  70.0"," "," 0.00","G","999.9","010000"
"72301003810","2019-07-10","35.74205","-81.38225","356.6","HICKORY FAA AIRPORT, NC US","  77.9","24","  70.6","24","1016.1","19","975.8","24","  9.4","24","  1.8","24","  4.1","999.9","  88.0"," ","  72.0"," "," 0.00","G","999.9","000000"
"72301003810","2019-07-11","35.74205","-81.38225","356.6","HICKORY FAA AIRPORT, NC US","  76.8","24","  72.3","24","1013.0","14","972.6","24","  8.6","24","  3.2","24","  9.9"," 20.0","  88.0"," ","  71.1"," "," 0.00","G","999.9","010010"
"72301003810","2019-07-12","35.74205","-81.38225","356.6","HICKORY FAA AIRPORT, NC US","  75.6","24","  71.5","24","1011.4","20","970.9","24","  9.3","24","  2.9","24","  7.0"," 20.0","  86.0","*","  69.8","*"," 0.10","G","999.9","010010"
"72301003810","2019-07-13","35.74205","-81.38225","356.6","HICKORY FAA AIRPORT, NC US","  78.7","24","  71.7","24","1014.4","23","973.9","24","  9.7","24","  2.5","24","  8.0","999.9","  89.1"," ","  70.0"," "," 0.00","G","999.9","000000"
"72301003810","2019-07-14","35.74205","-81.38225","356.6","HICKORY FAA AIRPORT, NC US","  80.8","24","  68.9","24","1017.1","24","976.6","24"," 10.0","24","  3.6","24","  7.0","999.9","  91.9"," ","  71.1"," "," 0.00","G","999.9","000000"
"72301003810","2019-07-15","35.74205","-81.38225","356.6","HICKORY FAA AIRPORT, NC US","  80.9","24","  68.3","24","1018.0","24","977.5","24"," 10.0","24","  3.9","24","  8.0","999.9","  91.9"," ","  71.1"," "," 0.00","G","999.9","000000"
"72301003810","2019-07-16","35.74205","-81.38225","356.6","HICKORY FAA AIRPORT, NC US","  82.0","24","  68.8","24","1017.9","24","977.4","24"," 10.0","24","  4.3","23","  9.9"," 14.0","  93.0"," ","  71.1"," "," 0.00","G","999.9","000000"
"72301003810","2019-07-17","35.74205","-81.38225","356.6","HICKORY FAA AIRPORT, NC US","  81.1","24","  68.1","24","1016.1","24","975.7","24"," 10.0","24","  5.2","24"," 13.0"," 22.0","  93.0"," ","  71.1"," "," 0.00","G","999.9","000000"
"72301003810","2019-07-18","35.74205","-81.38225","356.6","HICKORY FAA AIRPORT, NC US","  80.5","24","  69.3","24","1013.9","24","973.6","24"," 10.0","24","  4.4","24","  9.9"," 15.9","  93.0"," ","  70.0"," "," 0.00","G","999.9","000000"
"72301003810","2019-07-19","35.74205","-81.38225","356.6","HICKORY FAA AIRPORT, NC US","  82.6","24","  70.6","24","1014.6","24","974.3","24"," 10.0","24","  2.7","24","  5.1","999.9","  93.9"," ","  70.0"," "," 0.00","G","999.9","000000"
"72301003810","2019-07-20","35.74205","-81.38225","356.6","HICKORY FAA AIRPORT, NC US","  79.5","24","  72.0","24","1015.0","20","974.7","24"," 10.0","24","  4.2","24"," 12.0"," 20.0","  93.9"," ","  72.0"," "," 0.00","G","999.9","010010"
"72301003810","2019-07-21","35.74205","-81.38225","356.6","HICKORY FAA AIRPORT, NC US","  81.0","24","  70.8","24","1014.3","22","973.9","24","  9.3","24","  4.0","24"," 12.0"," 17.1","  91.9"," ","  72.0"," "," 0.09","G","999.9","100000"
"72301003810","2019-07-22","35.74205","-81.38225","356.6","HICKORY FAA AIRPORT, NC US","  78.8","24","  69.0","24","1012.9","23","972.5","24","  9.8","24","  4.3","24"," 14.0"," 34.0","  91.9"," ","  71.1"," "," 0.00","G","999.9","010010"
"72301003810","2019-07-23","35.74205","-81.38225","356.6","HICKORY FAA AIRPORT, NC US","  71.3","24","  68.4","24","1011.1","15","970.5","24","  8.1","24","  3.1","24"," 11.1"," 15.9","  73.9","*","  66.9","*"," 0.30","G","999.9","010000"
"72301003810","2019-07-24","35.74205","-81.38225","356.6","HICKORY FAA AIRPORT, NC US","  69.9","24","  57.4","24","1014.5","23","973.5","24","  9.7","24","  3.3","24","  7.0","999.9","  82.9"," ","  59.0"," "," 0.48","G","999.9","100000"
"72301003810","2019-07-25","35.74205","-81.38225","356.6","HICKORY FAA AIRPORT, NC US","  71.7","24","  56.5","24","1018.5","24","977.5","20"," 10.0","24","  3.5","24","  7.0","999.9","  84.0"," ","  59.0"," "," 0.00","G","999.9","000000"
"72301003810","2019-07-26","35.74205","-81.38225","356.6","HICKORY FAA AIRPORT, NC US","  72.5","24","  60.4","24","1022.6","24","981.6","22"," 10.0","24","  2.1","24","  6.0","999.9","  84.9"," ","  60.1"," "," 0.00","G","999.9","000000"
"72301003810","2019-07-27","35.74205","-81.38225","356.6","HICKORY FAA AIRPORT, NC US","  73.9","24","  61.7","24","1023.7","23","982.7","24","  9.6","24","  1.4","24","  4.1","999.9","  86.0"," ","  61.0"," "," 0.00","G","999.9","000000"
"72301003810","2019-07-28","35.74205","-81.38225","356.6","HICKORY FAA AIRPORT, NC US","  75.9","24","  63.7","24","1021.4","24","980.5","24"," 10.0","24","  1.6","24","  5.1","999.9","  88.0"," ","  63.0"," "," 0.00","G","999.9","000000"
"72301003810","2019-07-29","35.74205","-81.38225","356.6","HICKORY FAA AIRPORT, NC US","  77.2","24","  62.9","24","1017.6","24","977.0","24"," 10.0","24","  2.8","24","  8.0","999.9","  89.1"," ","  64.9"," "," 0.00","G","999.9","000000"
"72301003810","2019-07-30","35.74205","-81.38225","356.6","HICKORY FAA AIRPORT, NC US","  76.6","24","  62.9","24","1016.0","22","975.3","24"," 10.0","24","  2.8","24","  8.0","999.9","  89.1"," ","  64.9"," "," 0.00","G","999.9","000000"
"72301003810","2019-07-31","35.74205","-81.38225","356.6","HICKORY FAA AIRPORT, NC US","  74.5","24","  67.0","24","1016.9","22","976.2","24","  9.3","24","  2.3","24"," 11.1","999.9","  89.1"," ","  64.9"," "," 0.05","G","999.9","010010"
"72301003810","2019-08-01","35.74205","-81.38225","356.6","HICKORY FAA AIRPORT, NC US","  75.2","24","  67.2","24","1017.2","20","976.4","24","  9.7","24","  2.1","24","  9.9"," 20.0","  88.0"," ","  66.9"," "," 0.01","G","999.9","010010"
"72301003810","2019-08-02","35.74205","-81.38225","356.6","HICKORY FAA AIRPORT, NC US","  72.7","24","  67.0","24","1017.4","20","976.6","24","  9.5","24","  2.7","24","  7.0","999.9","  82.0","*","  66.2","*"," 0.07","G","999.9","010000"
"72301003810","2019-08-03","35.74205","-81.38225","356.6","HICKORY FAA AIRPORT, NC US","  74.7","24","  67.0","24","1015.4","24","974.7","24"," 10.0","24","  3.9","24","  8.0","999.9","  88.0"," ","  66.0"," "," 0.00","G","999.9","010010"
"72301003810","2019-08-04","35.74205","-81.38225","356.6","HICKORY FAA AIRPORT, NC US","  74.3","24","  67.3","24","1013.9","21","973.2","24","  9.6","24","  3.2","24","  8.9"," 15.0","  89.1"," ","  66.0"," "," 0.00","G","999.9","110010"
"72301003810","2019-08-05","35.74205","-81.38225","356.6","HICKORY FAA AIRPORT, NC US","  72.7","24","  67.5","24","1013.3","22","972.8","24","  9.5","24","  2.1","24","  6.0","999.9","  89.1"," ","  66.9"," "," 0.20","G","999.9","010000"
"72301003810","2019-08-06","35.74205","-81.38225","356.6","HICKORY FAA AIRPORT, NC US","  75.6","24","  66.8","24","1012.1","21","971.5","24","  9.1","24","  3.6","23","  9.9","999.9","  88.0"," ","  66.0"," "," 0.00","G","999.9","100000"
"72301003810","2019-08-07","35.74205","-81.38225","356.6","HICKORY FAA AIRPORT, NC US","  76.3","24","  67.8","24","1010.1","22","969.8","24","  9.4","24","  3.5","24"," 11.1"," 18.1","  89.1"," ","  66.0"," "," 0.00","G","999.9","010000"
"72301003810","2019-08-08","35.74205","-81.38225","356.6","HICKORY FAA AIRPORT, NC US","  77.5","24","  64.4","24","1010.4","24","970.1","24"," 10.0","24","  4.1","24","  7.0","999.9","  89.1"," ","  66.0"," "," 0.03","G","999.9","000000"
"72301003810","2019-08-09","35.74205","-81.38225","356.6","HICKORY FAA AIRPORT, NC US","  78.8","24","  62.5","24","1011.3","24","971.0","24"," 10.0","24","  4.1","24","  8.9"," 17.1","  91.9"," ","  66.0"," "," 0.00","G","999.9","000000"
"72301003810","2019-08-10","35.74205","-81.38225","356.6","HICKORY FAA AIRPORT, NC US","  77.5","24","  67.2","24","1011.7","24","971.4","24"," 10.0","24","  1.7","24","  6.0","999.9","  91.9"," ","  66.0"," "," 0.00","G","999.9","000000"
"72301003810","2019-08-11","35.74205","-81.38225","356.6","HICKORY FAA AIRPORT, NC US","  77.3","24","  66.5","24","1014.2","23","973.8","24"," 10.0","24","  4.2","24"," 11.1","999.9","  88.0"," ","  68.0"," "," 0.00","G","999.9","000000"
"72301003810","2019-08-12","35.74205","-81.38225","356.6","HICKORY FAA AIRPORT, NC US","  77.8","24","  68.9","24","1014.4","21","974.1","24"," 10.0","24","  2.4","24","  7.0","999.9","  89.1"," ","  68.0"," "," 0.00","G","999.9","000000"
"72301003810","2019-08-13","35.74205","-81.38225","356.6","HICKORY FAA AIRPORT, NC US","  81.6","24","  71.8","24","1011.3","21","970.7","23","  9.9","24","  3.4","24"," 12.0"," 18.1","  96.1"," ","  69.1"," "," 0.00","G","999.9","010010"
"72301003810","2019-08-14","35.74205","-81.38225","356.6","HICKORY FAA AIRPORT, NC US","  77.1","24","  70.3","24","1010.4","19","970.2","24","  9.0","24","  2.0","24"," 14.0"," 25.1","  96.1"," ","  69.1"," "," 0.16","G","999.9","010010"
"72301003810","2019-08-15","35.74205","-81.38225","356.6","HICKORY FAA AIRPORT, NC US","  78.3","24","  68.7","24","1011.9","24","971.5","24","  9.9","24","  2.9","24","  5.1","999.9","  90.0"," ","  69.1"," "," 0.08","G","999.9","000000"
"72301003810","2019-08-16","35.74205","-81.38225","356.6","HICKORY FAA AIRPORT, NC US","  79.8","24","  68.3","24","1013.0","24","972.7","24","  9.9","24","  1.6","24","  5.1","999.9","  91.9"," ","  69.1"," "," 0.00","G","999.9","000000"
"72301003810","2019-08-17","35.74205","-81.38225","356.6","HICKORY FAA AIRPORT, NC US","  78.2","24","  69.9","24","1014.1","21","973.8","24"," 10.0","24","  2.3","24","  8.9"," 20.0","  91.9"," ","  68.0"," "," 0.00","G","999.9","000000"
"72301003810","2019-08-18","35.74205","-81.38225","356.6","HICKORY FAA AIRPORT, NC US","  78.5","24","  69.0","24","1015.1","22","974.5","24","  9.6","24","  2.5","24","  9.9"," 15.9","  91.0"," ","  68.0"," "," 0.00","G","999.9","010010"
"72301003810","2019-08-19","35.74205","-81.38225","356.6","HICKORY FAA AIRPORT, NC US","  77.8","24","  68.7","24","1015.8","21","975.4","24"," 10.0","24","  1.8","24"," 11.1","999.9","  91.9"," ","  69.1"," "," 0.00","G","999.9","010010"
"72301003810","2019-08-20","35.74205","-81.38225","356.6","HICKORY FAA AIRPORT, NC US","  75.2","24","  68.4","24","1018.2","24","977.5","24"," 10.0","24","  3.3","24","  9.9","999.9","  91.9"," ","  68.0"," "," 0.00","G","999.9","000000"
"72301003810","2019-08-21","35.74205","-81.38225","356.6","HICKORY FAA AIRPORT, NC US","  75.4","24","  69.5","24","1016.3","15","975.7","24","  8.2","24","  4.3","24"," 28.0"," 39.0","  91.9"," ","  68.0"," "," 0.00","G","999.9","110010"
"72301003810","2019-08-22","35.74205","-81.38225","356.6","HICKORY FAA AIRPORT, NC US","  74.4","24","  69.6","24","1015.3","20","974.6","24","  8.9","24","  1.3","24"," 15.0"," 35.9","  91.9"," ","  68.0"," "," 0.65","G","999.9","110010"
"72301003810","2019-08-23","35.74205","-81.38225","356.6","HICKORY FAA AIRPORT, NC US","  74.8","24","  69.7","24","1015.2","16","974.3","24","  8.7","24","  3.0","24"," 14.0"," 22.0","  90.0"," ","  68.0"," "," 1.35","G","999.9","010010"
"72301003810","2019-08-24","35.74205","-81.38225","356.6","HICKORY FAA AIRPORT, NC US","  67.5","24","  64.4","24","1017.8","14","976.7","24","  8.8","24","  5.2","24"," 12.0"," 19.0","  73.9","*","  62.1","*"," 0.21","G","999.9","010010"
"72301003810","2019-08-25","35.74205","-81.38225","356.6","HICKORY FAA AIRPORT, NC US","  66.2","24","  59.7","24","1019.9","21","978.6","24"," 10.0","24","  4.7","24","  8.9","999.9","  73.0"," ","  61.0"," "," 0.02","G","999.9","000000"
"72301003810","2019-08-26","35.74205","-81.38225","356.6","HICKORY FAA AIRPORT, NC US","  66.9","24","  60.1","24","1018.4","23","977.2","24"," 10.0","24","  2.8","24","  7.0","999.9","  75.0"," ","  57.9"," "," 0.00","G","999.9","000000"
"72301003810","2019-08-27","35.74205","-81.38225","356.6","HICKORY FAA AIRPORT, NC US","  68.3","24","  64.6","24","1016.5","12","975.0","24","  9.5","24","  1.4","24","  4.1","999.9","  75.0"," ","  57.9"," "," 0.00","G","999.9","010000"
"72301003810","2019-08-28","35.74205","-81.38225","356.6","HICKORY FAA AIRPORT, NC US","  74.1","24","  65.1","24","1012.7","19","972.0","24","  9.3","24","  3.3","24"," 11.1"," 15.0","  86.0"," ","  66.0"," "," 0.08","G","999.9","000000"
"72301003810","2019-08-29","35.74205","-81.38225","356.6","HICKORY FAA AIRPORT, NC US","  71.4","24","  57.3","24","1015.7","24","974.9","24"," 10.0","24","  2.5","23","  6.0","999.9","  86.0"," ","  57.9"," "," 0.00","G","999.9","000000"
"72301003810","2019-08-30","35.74205","-81.38225","356.6","HICKORY FAA AIRPORT, NC US","  71.1","24","  58.3","24","1018.3","24","977.4","24"," 10.0","24","  2.5","24","  6.0","999.9","  86.0"," ","  57.9"," "," 0.00","G","999.9","000000"
"72301003810","2019-08-31","35.74205","-81.38225","356.6","HICKORY FAA AIRPORT, NC US","  73.9","24","  61.6","24","1020.0","24","979.2","24"," 10.0","24","  2.5","24","  7.0","999.9","  88.0"," ","  57.9"," "," 0.00","G","999.9","000000"
"72301003810","2019-09-01","35.74205","-81.38225","356.6","HICKORY FAA AIRPORT, NC US","  73.8","24","  63.2","24","1020.4","24","979.5","23","  9.8","24","  2.2","24","  8.0","999.9","  88.0"," ","  62.1"," "," 0.00","G","999.9","000000"
"72301003810","2019-09-02","35.74205","-81.38225","356.6","HICKORY FAA AIRPORT, NC US","  74.1","24","  63.9","24","1017.6","24","976.7","24"," 10.0","24","  1.7","24","  5.1","999.9","  88.0"," ","  62.1"," "," 0.00","G","999.9","000000"
"72301003810","2019-09-03","35.74205","-81.38225","356.6","HICKORY FAA AIRPORT, NC US","  77.2","24","  66.3","24","1015.1","24","974.6","24"," 10.0","24","  3.0","24","  7.0","999.9","  90.0"," ","  63.0"," "," 0.00","G","999.9","000000"
"72301003810","2019-09-04","35.74205","-81.38225","356.6","HICKORY FAA AIRPORT, NC US","  77.6","24","  67.2","24","1014.8","24","974.2","24","  9.7","24","  1.3","24","  6.0","999.9","  91.9"," ","  66.9"," "," 0.00","G","999.9","000000"
"72301003810","2019-09-05","35.74205","-81.38225","356.6","HICKORY FAA AIRPORT, NC US","  77.8","24","  66.8","24","1011.3","22","971.0","24"," 10.0","24","  6.0","24"," 15.0"," 22.9","  91.9"," ","  66.9"," "," 0.00","G","999.9","000000"
"72301003810","2019-09-06","35.74205","-81.38225","356.6","HICKORY FAA AIRPORT, NC US","  77.5","24","  60.9","24","1009.3","24","969.0","24"," 10.0","24","  4.8","24","  8.0","999.9","  89.1"," ","  68.0"," "," 0.00","G","999.9","000000"
"72301003810","2019-09-07","35.74205","-81.38225","356.6","HICKORY FAA AIRPORT, NC US","  76.7","24","  58.2","24","1011.1","24","970.7","24"," 10.0","24","  2.9","24","  7.0","999.9","  90.0"," ","  63.0"," "," 0.00","G","999.9","000000"
"72301003810","2019-09-08","35.74205","-81.38225","356.6","HICKORY FAA AIRPORT, NC US","  75.2","24","  60.3","24","1014.8","24","974.2","24"," 10.0","24","  2.3","24","  6.0","999.9","  90.0"," ","  63.0"," "," 0.00","G","999.9","000000"
"72301003810","2019-09-09","35.74205","-81.38225","356.6","HICKORY FAA AIRPORT, NC US","  77.5","24","  63.4","24","1018.2","24","977.6","24"," 10.0","24","  1.8","24","  6.0","999.9","  93.0"," ","  63.0"," "," 0.00","G","999.9","000000"
"72301003810","2019-09-10","35.74205","-81.38225","356.6","HICKORY FAA AIRPORT, NC US","  76.7","24","  69.6","24","1022.7","20","981.9","24","  8.0","24","  2.1","24","  6.0","999.9","  93.0"," ","  64.9"," "," 0.00","G","999.9","000000"
"72301003810","2019-09-11","35.74205","-81.38225","356.6","HICKORY FAA AIRPORT, NC US","  78.5","24","  69.5","24","1022.1","17","981.7","24","  5.8","24","  1.2","24","  6.0","999.9","  93.0"," ","  68.0"," "," 0.00","G","999.9","100000"
"72301003810","2019-09-12","35.74205","-81.38225","356.6","HICKORY FAA AIRPORT, NC US","  80.0","24","  66.2","24","1019.0","24","978.4","24"," 10.0","24","  2.5","24","  5.1","999.9","  95.0"," ","  68.0"," "," 0.00","G","999.9","000000"
"72301003810","2019-09-13","35.74205","-81.38225","356.6","HICKORY FAA AIRPORT, NC US","  78.7","24","  69.8","24","1020.1","23","979.6","24","  9.4","24","  4.1","24","  9.9"," 18.1","  95.0"," ","  68.0"," "," 0.00","G","999.9","000000"
"72301003810","2019-09-14","35.74205","-81.38225","356.6","HICKORY FAA AIRPORT, NC US","  74.0","24","  68.8","24","1023.0","16","982.1","24","  8.5","24","  2.0","24","  8.0","999.9","  89.1"," ","  69.1"," "," 0.04","G","999.9","010000"
"72301003810","2019-09-15","35.74205","-81.38225","356.6","HICKORY FAA AIRPORT, NC US","  76.8","24","  66.4","24","1019.2","16","978.8","24","  7.2","24","  1.5","24","  6.0","999.9","  91.0"," ","  69.1"," "," 0.00","I","999.9","100000"
"72301003810","2019-09-16","35.74205","-81.38225","356.6","HICKORY FAA AIRPORT, NC US","  76.5","24","  61.2","24","1016.9","24","976.2","24"," 10.0","24","  2.2","23","  6.0","999.9","  93.9"," ","  64.0"," "," 0.00","G","999.9","000000"
"72301003810","2019-09-17","35.74205","-81.38225","356.6","HICKORY FAA AIRPORT, NC US","  79.3","24","  63.7","24","1013.7","24","973.3","24"," 10.0","24","  3.3","24","  7.0","999.9","  93.9"," ","  64.0"," "," 0.00","G","999.9","000000"
"72301003810","2019-09-18","35.74205","-81.38225","356.6","HICKORY FAA AIRPORT, NC US","  72.0","24","  61.7","24","1017.8","19","977.3","24"," 10.0","24","  5.0","24"," 11.1"," 17.1","  93.0"," ","  68.0"," "," 0.00","G","999.9","000000"
"72301003810","2019-09-19","35.74205","-81.38225","356.6","HICKORY FAA AIRPORT, NC US","  66.3","24","  55.1","24","1022.8","24","981.5","24"," 10.0","24","  3.5","24","  6.0","999.9","  75.9"," ","  62.1"," "," 0.00","G","999.9","000000"
"72301003810","2019-09-20","35.74205","-81.38225","356.6","HICKORY FAA AIRPORT, NC US","  63.4","24","  53.8","24","1024.3","18","983.0","24","  7.9","24","  1.5","24","  5.1","999.9","  80.1"," ","  51.1"," "," 0.00","G","999.9","100000"
"72301003810","2019-09-21","35.74205","-81.38225","356.6","HICKORY FAA AIRPORT, NC US","  70.9","24","  58.7","24","1023.6","24","982.3","24"," 10.0","24","  1.4","24","  4.1","999.9","  87.1"," ","  51.1"," "," 0.00","G","999.9","000000"
"72301003810","2019-09-22","35.74205","-81.38225","356.6","HICKORY FAA AIRPORT, NC US","  73.8","24","  59.5","24","1020.9","24","980.0","24"," 10.0","24","  2.5","24","  8.9","999.9","  88.0"," ","  59.0"," "," 0.00","G","999.9","000000"
"72301003810","2019-09-23","35.74205","-81.38225","356.6","HICKORY FAA AIRPORT, NC US","  74.6","24","  57.5","24","1016.3","24","975.6","24"," 10.0","24","  3.6","23","  7.0","999.9","  89.1"," ","  60.1"," "," 0.00","G","999.9","000000"
"72301003810","2019-09-24","35.74205","-81.38225","356.6","HICKORY FAA AIRPORT, NC US","  76.5","24","  57.5","24","1011.8","24","971.4","24"," 10.0","24","  3.7","23","  8.0"," 14.0","  89.1"," ","  60.1"," "," 0.00","G","999.9","000000"
"72301003810","2019-09-25","35.74205","-81.38225","356.6","HICKORY FAA AIRPORT, NC US","  71.4","24","  54.6","24","1011.7","24","971.1","24"," 10.0","24","  1.9","24","  6.0","999.9","  87.1"," ","  57.9"," "," 0.00","G","999.9","000000"
"72301003810","2019-09-26","35.74205","-81.38225","356.6","HICKORY FAA AIRPORT, NC US","  74.6","24","  60.9","24","1010.9","24","970.4","24"," 10.0","24","  3.2","24"," 11.1"," 15.9","  90.0"," ","  57.9"," "," 0.00","G","999.9","000000"
"72301003810","2019-09-27","35.74205","-81.38225","356.6","HICKORY FAA AIRPORT, NC US","  77.7","24","  63.1","24","1014.4","24","973.9","24"," 10.0","24","  2.6","24","  8.0","999.9","  90.0"," ","  62.1"," "," 0.00","G","999.9","000000"
"72301003810","2019-09-28","35.74205","-81.38225","356.6","HICKORY FAA AIRPORT, NC US","  76.2","24","  68.6","24","1017.9","17","977.5","24","  9.7","24","  3.0","23","  8.0","999.9","  89.1"," ","  66.9"," "," 0.00","G","999.9","010010"
"72301003810","2019-09-29","35.74205","-81.38225","356.6","HICKORY FAA AIRPORT, NC US","  76.9","24","  66.5","24","1020.5","23","979.6","24","  9.9","24","  2.3","24","  5.1","999.9","  93.9"," ","  66.9"," "," 0.00","G","999.9","000000"
"72301003810","2019-09-30","35.74205","-81.38225","356.6","HICKORY FAA AIRPORT, NC US","  75.4","24","  68.1","24","1020.5","23","979.7","24","  9.9","23","  3.1","24"," 13.0"," 15.9","  93.9"," ","  66.9"," "," 0.00","G","999.9","010010"
"72301003810","2019-10-01","35.74205","-81.38225","356.6","HICKORY FAA AIRPORT, NC US","  76.1","24","  68.7","24","1018.3","18","977.9","24","  7.3","24","  1.4","24","  5.1","999.9","  91.0"," ","  66.9"," "," 0.38","G","999.9","000000"
"72301003810","2019-10-02","35.74205","-81.38225","356.6","HICKORY FAA AIRPORT, NC US","  80.0","24","  67.4","24","1014.9","24","974.5","24","  9.1","24","  2.5","24","  8.0","999.9","  93.0"," ","  69.1"," "," 0.00","G","999.9","000000"
"72301003810","2019-10-03","35.74205","-81.38225","356.6","HICKORY FAA AIRPORT, NC US","  79.8","24","  64.0","24","1014.6","24","974.2","24"," 10.0","24","  3.6","24","  8.0","999.9","  93.9"," ","  68.0"," "," 0.00","G","999.9","000000"
"72301003810","2019-10-04","35.74205","-81.38225","356.6","HICKORY FAA AIRPORT, NC US","  79.4","24","  61.7","24","1014.9","24","974.5","24"," 10.0","24","  4.4","22","  8.0","999.9","  93.9"," ","  66.9"," "," 0.00","G","999.9","000000"
"72301003810","2019-10-05","35.74205","-81.38225","356.6","HICKORY FAA AIRPORT, NC US","  67.4","24","  54.5","24","1021.0","19","980.4","24","  9.8","24","  6.6","24"," 11.1"," 15.0","  93.0"," ","  60.1"," "," 0.00","G","999.9","000000"
"72301003810","2019-10-06","35.74205","-81.38225","356.6","HICKORY FAA AIRPORT, NC US","  62.3","24","  54.4","24","1023.8","22","982.2","24"," 10.0","24","  2.1","24","  7.0","999.9","  75.0"," ","  57.0"," "," 0.00","G","999.9","000000"
"72301003810","2019-10-07","35.74205","-81.38225","356.6","HICKORY FAA AIRPORT, NC US","  69.3","24","  60.7","24","1019.0","20","978.1","24"," 10.0","24","  1.3","24","  6.0","999.9","  80.1"," ","  57.0"," "," 0.00","G","999.9","000000"
"72301003810","2019-10-08","35.74205","-81.38225","356.6","HICKORY FAA AIRPORT, NC US","  65.0","24","  59.7","24","1016.6","19","975.9","24","  9.8","24","  4.7","24","  9.9","999.9","  80.1"," ","  59.0"," "," 0.00","G","999.9","010000"
"72301003810","2019-10-09","35.74205","-81.38225","356.6","HICKORY FAA AIRPORT, NC US","  62.9","24","  53.1","24","1020.1","21","978.7","24"," 10.0","24","  3.8","23","  8.0","999.9","  75.0"," ","  55.9"," "," 0.18","G","999.9","000000"
"72301003810","2019-10-10","35.74205","-81.38225","356.6","HICKORY FAA AIRPORT, NC US","  64.5","24","  54.8","24","1020.9","23","979.5","24"," 10.0","24","  2.0","24","  5.1","999.9","  77.0"," ","  55.0"," "," 0.00","G","999.9","000000"
"72301003810","2019-10-11","35.74205","-81.38225","356.6","HICKORY FAA AIRPORT, NC US","  64.4","24","  53.2","24","1018.9","21","977.8","24","  9.1","24","  1.6","24","  5.1","999.9","  79.0"," ","  51.1"," "," 0.00","G","999.9","100000"
"72301003810","2019-10-12","35.74205","-81.38225","356.6","HICKORY FAA AIRPORT, NC US","  67.6","24","  55.9","24","1014.8","24","973.8","24"," 10.0","24","  1.4","24","  5.1","999.9","  82.0"," ","  51.1"," "," 0.00","G","999.9","000000"
"72301003810","2019-10-13","35.74205","-81.38225","356.6","HICKORY FAA AIRPORT, NC US","  61.3","24","  58.0","24","1014.8","15","974.0","24","  7.8","24","  2.0","24","  6.0","999.9","  82.0"," ","  57.0"," "," 0.10","G","999.9","010000"
"72301003810","2019-10-14","35.74205","-81.38225","356.6","HICKORY FAA AIRPORT, NC US","  62.6","24","  52.4","24","1016.5","19","975.0","24","  6.5","24","  1.7","24","  5.1","999.9","  75.0"," ","  51.1"," "," 0.44","G","999.9","100000"
"72301003810","2019-10-15","35.74205","-81.38225","356.6","HICKORY FAA AIRPORT, NC US","  58.9","24","  47.1","24","1018.1","24","976.7","24"," 10.0","24","  1.4","24","  4.1","999.9","  75.0"," ","  46.0"," "," 0.00","G","999.9","000000"
"72301003810","2019-10-16","35.74205","-81.38225","356.6","HICKORY FAA AIRPORT, NC US","  59.7","24","  51.4","24","1009.1","15","967.6","24","  7.7","24","  3.3","24"," 13.0"," 21.0","  73.0"," ","  46.0"," "," 0.19","G","999.9","010000"
"72301003810","2019-10-17","35.74205","-81.38225","356.6","HICKORY FAA AIRPORT, NC US","  52.2","24","  34.7","24","1010.6","24","969.2","24"," 10.0","24","  5.7","24"," 11.1"," 21.0","  71.1"," ","  39.9"," "," 0.18","G","999.9","000000"
"72301003810","2019-10-18","35.74205","-81.38225","356.6","HICKORY FAA AIRPORT, NC US","  53.4","24","  37.1","24","1014.7","24","973.1","24"," 10.0","24","  2.0","24","  6.0","999.9","  66.9"," ","  39.9"," "," 0.00","G","999.9","000000"
"72301003810","2019-10-19","35.74205","-81.38225","356.6","HICKORY FAA AIRPORT, NC US","  51.3","24","  43.8","24","1016.1","22","974.4","24","  8.7","24","  1.8","24","  6.0","999.9","  66.9"," ","  41.0"," "," 0.00","G","999.9","110000"
"72301003810","2019-10-20","35.74205","-81.38225","356.6","HICKORY FAA AIRPORT, NC US","  60.0","24","  53.2","24","1008.7","18","968.0","24","  7.2","24","  6.0","24","  9.9","999.9","  77.0"," ","  43.0"," "," 1.38","G","999.9","010000"
"72301003810","2019-10-21","35.74205","-81.38225","356.6","HICKORY FAA AIRPORT, NC US","  58.5","24","  55.4","24","1015.4","22","974.0","11","  9.3","24","  0.6","24","  2.9","999.9","  77.0"," ","  51.1"," "," 0.15","G","999.9","000000"
"72301003810","2019-10-22","35.74205","-81.38225","356.6","HICKORY FAA AIRPORT, NC US","  64.9","24","  57.9","24","1010.3","16","971.4","12","  7.0","24","  4.5","24"," 15.0"," 29.9","  75.0"," ","  51.1"," "," 0.19","G","999.9","110000"
"72301003810","2019-10-23","35.74205","-81.38225","356.6","HICKORY FAA AIRPORT, NC US","  56.7","24","  36.3","24","1017.3","24","977.9","10"," 10.0","24","  4.1","24","  8.0","999.9","  75.0"," ","  46.9"," "," 0.33","G","999.9","000000"
"72301003810","2019-10-24","35.74205","-81.38225","356.6","HICKORY FAA AIRPORT, NC US","  51.8","24","  39.5","24","1024.0","24","982.2","20"," 10.0","24","  1.1","23","  6.0","999.9","  68.0"," ","  39.9"," "," 0.00","G","999.9","000000"
"72301003810","2019-10-25","35.74205","-81.38225","356.6","HICKORY FAA AIRPORT, NC US","  54.7","23","  46.2","23","1024.0","19","981.8","18"," 10.0","23","  2.1","23","  6.0","999.9","  68.0"," ","  39.9"," "," 0.00","G","999.9","000000"
"72301003810","2019-10-26","35.74205","-81.38225","356.6","HICKORY FAA AIRPORT, NC US","  62.5","24","  56.1","24","1019.0","21","977.0","23","  9.6","24","  2.6","24","  6.0","999.9","  73.0"," ","  46.9"," "," 0.00","G","999.9","010000"
"72301003810","2019-10-27","35.74205","-81.38225","356.6","HICKORY FAA AIRPORT, NC US","  71.4","24","  61.9","24","1010.3","17","969.6","19","  7.9","24","  5.2","23","  9.9"," 19.0","  80.1"," ","  55.9"," "," 0.82","G","999.9","010000"
"72301003810","2019-10-28","35.74205","-81.38225","356.6","HICKORY FAA AIRPORT, NC US","  62.5","24","  52.3","24","1017.1","24","976.0","22"," 10.0","24","  2.4","24","  6.0","999.9","  80.1"," ","  52.0"," "," 0.36","G","999.9","000000"
"72301003810","2019-10-29","35.74205","-81.38225","356.6","HICKORY FAA AIRPORT, NC US","  61.7","24","  58.0","24","1020.4","18","979.6","19","  7.4","24","  2.9","24","  5.1","999.9","  75.9"," ","  52.0"," "," 0.00","G","999.9","100000"
"72301003810","2019-10-30","35.74205","-81.38225","356.6","HICKORY FAA AIRPORT, NC US","  61.4","24","  59.0","24","1021.0","14","979.4","24","  5.7","24","  3.1","24","  6.0","999.9","  69.1"," ","  57.0"," "," 0.01","G","999.9","010000"
"72301003810","2019-10-31","35.74205","-81.38225","356.6","HICKORY FAA AIRPORT, NC US","  66.0","24","  64.2","24","1008.2"," 5","970.1","24","  4.8","24","  7.0","24"," 19.0"," 27.0","  75.0"," ","  60.1"," "," 2.48","G","999.9","010000"
"72301003810","2019-11-01","35.74205","-81.38225","356.6","HICKORY FAA AIRPORT, NC US","  45.8","24","  31.9","24","1020.2","24","977.7","24"," 10.0","24","  5.1","24"," 15.0"," 21.0","  59.0","*","  33.1","*"," 0.63","G","999.9","000000"
"72301003810","2019-11-02","35.74205","-81.38225","356.6","HICKORY FAA AIRPORT, NC US","  45.1","24","  34.3","24","1021.2","23","979.0","24","  9.1","24","  1.7","24","  7.0","999.9","  61.0"," ","  33.1"," "," 0.00","G","999.9","100000"
"72301003810","2019-11-03","35.74205","-81.38225","356.6","HICKORY FAA AIRPORT, NC US","  45.4","24","  29.5","24","1022.1","24","979.9","24"," 10.0","24","  2.1","24","  5.1","999.9","  61.0"," ","  34.0"," "," 0.00","G","999.9","000000"
"72301003810","2019-11-04","35.74205","-81.38225","356.6","HICKORY FAA AIRPORT, NC US","  44.2","24","  33.7","24","1023.9","22","981.5","24","  8.8","24","  1.7","24","  5.1","999.9","  57.9"," ","  32.0"," "," 0.00","G","999.9","100000"
"72301003810","2019-11-05","35.74205","-81.38225","356.6","HICKORY FAA AIRPORT, NC US","  52.7","24","  43.1","24","1022.3","23","980.2","24"," 10.0","24","  2.0","24","  6.0","999.9","  69.1"," ","  32.0"," "," 0.00","G","999.9","000000"
"72301003810","2019-11-06","35.74205","-81.38225","356.6","HICKORY FAA AIRPORT, NC US","  53.8","24","  39.7","24","1026.1","24","984.1","24"," 10.0","24","  2.9","24","  7.0","999.9","  69.1"," ","  41.0"," "," 0.00","G","999.9","000000"
"72301003810","2019-11-07","35.74205","-81.38225","356.6","HICKORY FAA AIRPORT, NC US","  50.7","24","  44.4","24","1023.3","23","981.1","24","  9.6","24","  2.8","24","  8.9","999.9","  64.9"," ","  39.9"," "," 0.00","G","999.9","010000"
"72301003810","2019-11-08","35.74205","-81.38225","356.6","HICKORY FAA AIRPORT, NC US","  48.1","24","  34.9","24","1020.4","21","978.1","24","  8.7","24","  5.2","24","  8.0"," 14.0","  64.9"," ","  39.9"," "," 0.19","G","999.9","010000"
"72301003810","2019-11-09","35.74205","-81.38225","356.6","HICKORY FAA AIRPORT, NC US","  35.2","24","  22.9","24","1024.6","24","981.8","24"," 10.0","24","  2.2","24","  5.1","999.9","  54.0"," ","  25.0"," "," 0.00","G","999.9","000000"
"72301003810","2019-11-10","35.74205","-81.38225","356.6","HICKORY FAA AIRPORT, NC US","  43.3","24","  31.6","24","1020.6","24","978.0","24"," 10.0","24","  2.4","24","  8.9","999.9","  63.0"," ","  25.0"," "," 0.00","G","999.9","000000"
"72301003810","2019-11-11","35.74205","-81.38225","356.6","HICKORY FAA AIRPORT, NC US","  50.0","24","  39.8","24","1017.5","24","975.6","24","  9.7","24","  2.6","24","  8.9","999.9","  66.0"," ","  30.0"," "," 0.00","G","999.9","000000"
"72301003810","2019-11-12","35.74205","-81.38225","356.6","HICKORY FAA AIRPORT, NC US","  46.7","24","  36.6","24","1014.0","23","972.2","24","  9.0","24","  7.7","24"," 12.0"," 18.1","  66.0"," ","  28.9"," "," 0.09","G","999.9","010000"
"72301003810","2019-11-13","35.74205","-81.38225","356.6","HICKORY FAA AIRPORT, NC US","  28.8","24","  11.4","24","1026.5","24","983.3","24"," 10.0","24","  4.2","18","  8.9","999.9","  39.9","*","  21.0","*"," 0.33","G","999.9","000000"
"72301003810","2019-11-14","35.74205","-81.38225","356.6","HICKORY FAA AIRPORT, NC US","  30.7","24","  21.3","24","1027.2","24","984.0","24","  9.9","24","  0.3","24","  4.1","999.9","  41.0"," ","  19.9"," "," 0.00","G","999.9","000000"
"72301003810","2019-11-15","35.74205","-81.38225","356.6","HICKORY FAA AIRPORT, NC US","  42.5","24","  27.5","24","1022.0","24","979.6","24"," 10.0","24","  2.8","24","  7.0","999.9","  57.0"," ","  23.0"," "," 0.00","G","999.9","000000"
"72301003810","2019-11-16","35.74205","-81.38225","356.6","HICKORY FAA AIRPORT, NC US","  48.1","24","  26.8","24","1018.7","24","976.7","24"," 10.0","24","  7.2","24"," 14.0"," 21.0","  57.0"," ","  37.0"," "," 0.00","G","999.9","000000"
"72301003810","2019-11-17","35.74205","-81.38225","356.6","HICKORY FAA AIRPORT, NC US","  45.6","24","  32.2","24","1017.7","21","975.8","24"," 10.0","24","  7.6","24"," 12.0"," 20.0","  57.0"," ","  39.9"," "," 0.00","G","999.9","000000"
"72301003810","2019-11-18","35.74205","-81.38225","356.6","HICKORY FAA AIRPORT, NC US","  44.4","24","  41.1","24","1009.6","16","968.1","24","  7.5","24","  1.7","24","  7.0","999.9","  57.0"," ","  39.9"," "," 0.00","G","999.9","010000"
"72301003810","2019-11-19","35.74205","-81.38225","356.6","HICKORY FAA AIRPORT, NC US","  46.0","24","  41.2","24","1008.4","13","966.8","24","  5.2","24","  1.8","24","  6.0","999.9","  55.0"," ","  39.0"," "," 0.05","G","999.9","100000"
"72301003810","2019-11-20","35.74205","-81.38225","356.6","HICKORY FAA AIRPORT, NC US","  48.6","24","  38.7","24","1016.5","24","974.6","24","  9.5","24","  3.7","24","  9.9"," 15.9","  57.9"," ","  37.9"," "," 0.05","G","999.9","010000"
"72301003810","2019-11-21","35.74205","-81.38225","356.6","HICKORY FAA AIRPORT, NC US","  45.1","24","  36.1","24","1023.2","24","980.8","24"," 10.0","24","  2.5","24","  8.9","999.9","  57.9"," ","  34.0"," "," 0.00","G","999.9","000000"
"72301003810","2019-11-22","35.74205","-81.38225","356.6","HICKORY FAA AIRPORT, NC US","  51.6","24","  42.2","24","1016.3","24","974.5","23"," 10.0","24","  2.8","24","  8.0","999.9","  63.0"," ","  34.0"," "," 0.00","G","999.9","000000"
"72301003810","2019-11-23","35.74205","-81.38225","356.6","HICKORY FAA AIRPORT, NC US","  49.4","24","  44.5","24","1014.6","12","971.0","24","  6.6","24","  4.3","24","  8.9","999.9","  63.0"," ","  41.0"," "," 0.00","G","999.9","010000"
"72301003810","2019-11-24","35.74205","-81.38225","356.6","HICKORY FAA AIRPORT, NC US","  46.6","24","  35.6","24","1005.7","21","963.5","24","  9.7","24","  6.3","24"," 15.9"," 25.1","  55.0"," ","  39.9"," "," 1.17","G","999.9","000000"
"72301003810","2019-11-25","35.74205","-81.38225","356.6","HICKORY FAA AIRPORT, NC US","  43.5","24","  32.1","24","1010.7","24","968.7","24"," 10.0","23","  2.7","24","  7.0","999.9","  57.9"," ","  32.0"," "," 0.00","G","999.9","000000"
"72301003810","2019-11-26","35.74205","-81.38225","356.6","HICKORY FAA AIRPORT, NC US","  45.8","24","  36.4","24","1015.0","24","973.0","23"," 10.0","24","  1.5","24","  6.0","999.9","  60.1"," ","  32.0"," "," 0.00","G","999.9","000000"
"72301003810","2019-11-27","35.74205","-81.38225","356.6","HICKORY FAA AIRPORT, NC US","  52.4","24","  45.7","24","1014.1","19","972.5","24","  9.0","24","  5.4","24"," 11.1"," 15.9","  60.1"," ","  33.1"," "," 0.00","G","999.9","010000"
"72301003810","2019-11-28","35.74205","-81.38225","356.6","HICKORY FAA AIRPORT, NC US","  52.7","24","  25.5","24","1018.9","24","977.1","24"," 10.0","24","  7.2","24"," 14.0"," 27.0","  62.1"," ","  41.0"," "," 0.46","G","999.9","000000"
"72301003810","2019-11-29","35.74205","-81.38225","356.6","HICKORY FAA AIRPORT, NC US","  47.9","24","  32.7","24","1022.6","24","980.5","24"," 10.0","24","  1.4","24","  6.0","999.9","  62.1"," ","  41.0"," "," 0.00","G","999.9","000000"
"72301003810","2019-11-30","35.74205","-81.38225","356.6","HICKORY FAA AIRPORT, NC US","  50.3","24","  40.0","24","1015.6","22","973.5","24","  9.1","24","  1.4","24","  7.0","999.9","  55.9"," ","  42.1"," "," 0.00","G","999.9","010000"
"72301003810","2019-12-01","35.74205","-81.38225","356.6","HICKORY FAA AIRPORT, NC US","  49.7","24","  47.9","24","1002.1"," 8","963.4","24","  4.2","24","  1.8","24","  7.0","999.9","  57.0","*","  46.4","*"," 1.63","G","999.9","110000"
"72301003810","2019-12-02","35.74205","-81.38225","356.6","HICKORY FAA AIRPORT, NC US","  43.6","24","  29.4","24","1004.6","24","963.1","24"," 10.0","24","  8.4","24"," 15.9"," 25.1","  57.0"," ","  37.0"," "," 0.01","G","999.9","000000"
"72301003810","2019-12-03","35.74205","-81.38225","356.6","HICKORY FAA AIRPORT, NC US","  39.9","24","  27.2","24","1009.6","24","967.5","24"," 10.0","24","  4.8","24"," 13.0"," 19.0","  50.0"," ","  30.9"," "," 0.00","G","999.9","000000"
"72301003810","2019-12-04","35.74205","-81.38225","356.6","HICKORY FAA AIRPORT, NC US","  45.2","24","  24.7","24","1005.7","24","999.9"," 0"," 10.0","24","  4.8","24"," 12.0"," 24.1","  59.0"," ","  30.9"," "," 0.00","G","999.9","000000"
"72301003810","2019-12-05","35.74205","-81.38225","356.6","HICKORY FAA AIRPORT, NC US","  50.0","24","  20.2","24","1013.2","24","971.4","24"," 10.0","24","  5.3","24","  9.9"," 18.1","  60.1"," ","  32.0"," "," 0.00","G","999.9","000000"
"72301003810","2019-12-06","35.74205","-81.38225","356.6","HICKORY FAA AIRPORT, NC US","  42.5","24","  30.2","24","1021.1","24","978.8","24"," 10.0","24","  1.3","24","  8.0","999.9","  60.1"," ","  33.1"," "," 0.00","G","999.9","000000"
"72301003810","2019-12-07","35.74205","-81.38225","356.6","HICKORY FAA AIRPORT, NC US","  45.7","24","  36.6","24","1023.4","24","981.0","24"," 10.0","24","  3.4","24","  7.0","999.9","  57.0"," ","  33.1"," "," 0.00","G","999.9","000000"
"72301003810","2019-12-08","35.74205","-81.38225","356.6","HICKORY FAA AIRPORT, NC US","  42.8","24","  26.3","24","1028.1","24","985.5","24"," 10.0","24","  4.2","24","  7.0","999.9","  57.0"," ","  35.1"," "," 0.00","G","999.9","000000"
"72301003810","2019-12-09","35.74205","-81.38225","356.6","HICKORY FAA AIRPORT, NC US","  39.5","24","  32.3","24","1020.9","16","977.0","24","  6.1","24","  2.0","24","  7.0","999.9","  48.9"," ","  36.0"," "," 0.16","G","999.9","110000"
"72301003810","2019-12-10","35.74205","-81.38225","356.6","HICKORY FAA AIRPORT, NC US","  50.0","24","  48.2","24","1014.6","10","972.0","24","  3.7","24","  3.3","24"," 11.1"," 15.9","  55.9"," ","  37.0"," "," 0.23","G","999.9","110000"
"72301003810","2019-12-11","35.74205","-81.38225","356.6","HICKORY FAA AIRPORT, NC US","  41.7","24","  28.7","24","1025.1","24","982.7","24"," 10.0","24","  3.0","24","  8.9","999.9","  55.9"," ","  34.0"," "," 0.30","G","999.9","010000"
"72301003810","2019-12-12","35.74205","-81.38225","356.6","HICKORY FAA AIRPORT, NC US","  34.0","24","  22.7","24","1033.9","24","990.7","24"," 10.0","24","  3.4","19","  7.0","999.9","  46.0"," ","  25.0"," "," 0.01","G","999.9","000000"
"72301003810","2019-12-13","35.74205","-81.38225","356.6","HICKORY FAA AIRPORT, NC US","  34.9","24","  31.3","24","1025.6","11","980.5","24","  4.0","24","  4.1","24","  8.0","999.9","  44.1"," ","  25.0"," "," 0.51","G","999.9","111000"
"72301003810","2019-12-14","35.74205","-81.38225","356.6","HICKORY FAA AIRPORT, NC US","  45.3","24","  39.3","24","1003.5","13","961.9","24","  4.5","24","  5.5","24"," 15.9"," 26.0","  55.9"," ","  30.9"," "," 0.66","G","999.9","110000"
"72301003810","2019-12-15","35.74205","-81.38225","356.6","HICKORY FAA AIRPORT, NC US","  47.1","24","  33.1","24","1013.9","24","972.4","21"," 10.0","24","  5.3","24","  8.9","999.9","  57.9"," ","  36.0"," "," 0.27","G","999.9","000000"
"72301003810","2019-12-16","35.74205","-81.38225","356.6","HICKORY FAA AIRPORT, NC US","  50.7","24","  42.0","24","1018.2","23","976.3","21","  9.6","24","  5.5","23"," 13.0"," 20.0","  63.0"," ","  36.0"," "," 0.00","G","999.9","000000"
"72301003810","2019-12-17","35.74205","-81.38225","356.6","HICKORY FAA AIRPORT, NC US","  57.1","24","  52.1","24","1009.3","16","967.9","24","  8.6","24","  4.9","24"," 13.0"," 20.0","  63.0"," ","  37.0"," "," 0.37","G","999.9","010010"
"72301003810","2019-12-18","35.74205","-81.38225","356.6","HICKORY FAA AIRPORT, NC US","  37.9","24","  19.5","24","1016.2","24","974.1","24"," 10.0","24","  6.7","22","  9.9"," 20.0","  46.0","*","  28.0","*"," 0.04","G","999.9","000000"
"72301003810","2019-12-19","35.74205","-81.38225","356.6","HICKORY FAA AIRPORT, NC US","  34.3","24","  17.0","24","1026.5","22","983.6","23"," 10.0","24","  2.6","19","  8.0","999.9","  46.9"," ","  24.1"," "," 0.00","G","999.9","000000"
"72301003810","2019-12-20","35.74205","-81.38225","356.6","HICKORY FAA AIRPORT, NC US","  37.2","24","  22.0","24","1031.7","23","988.5","24"," 10.0","24","  0.5","17","  2.9","999.9","  55.9"," ","  24.1"," "," 0.00","G","999.9","000000"
"72301003810","2019-12-21","35.74205","-81.38225","356.6","HICKORY FAA AIRPORT, NC US","  39.9","24","  27.5","24","1032.4","24","989.5","24"," 10.0","24","  1.3","24","  5.1","999.9","  55.9"," ","  25.0"," "," 0.00","G","999.9","000000"
"72301003810","2019-12-22","35.74205","-81.38225","356.6","HICKORY FAA AIRPORT, NC US","  39.8","24","  32.6","24","1028.0","24","985.2","24","  9.1","24","  1.4","24","  6.0","999.9","  48.0"," ","  32.0"," "," 0.00","G","999.9","010000"
"72301003810","2019-12-23","35.74205","-81.38225","356.6","HICKORY FAA AIRPORT, NC US","  45.1","24","  43.2","24","1020.9","11","977.5","24","  4.4","24","  5.1","24"," 11.1"," 18.1","  51.1"," ","  32.0"," "," 0.54","G","999.9","010000"
"72301003810","2019-12-24","35.74205","-81.38225","356.6","HICKORY FAA AIRPORT, NC US","  55.2","24","  45.2","24","1015.4","22","973.7","24","  9.6","24","  4.5","24","  8.9","999.9","  66.9"," ","  41.0"," "," 0.35","G","999.9","000000"
"72301003810","2019-12-25","35.74205","-81.38225","356.6","HICKORY FAA AIRPORT, NC US","  46.3","24","  37.1","24","1019.7","24","977.7","24"," 10.0","24","  1.5","24","  4.1","999.9","  66.9"," ","  34.0"," "," 0.00","G","999.9","000000"
"72301003810","2019-12-26","35.74205","-81.38225","356.6","HICKORY FAA AIRPORT, NC US","  46.0","24","  37.5","24","1021.6","22","979.3","24","  8.7","24","  1.1","24","  4.1","999.9","  64.0","*","  30.2","*"," 0.00","G","999.9","000000"
"72301003810","2019-12-27","35.74205","-81.38225","356.6","HICKORY FAA AIRPORT, NC US","  47.5","24","  39.3","24","1023.9","23","981.7","24","  9.2","24","  0.9","24","  4.1","999.9","  64.9"," ","  30.9"," "," 0.00","G","999.9","000000"
"72301003810","2019-12-28","35.74205","-81.38225","356.6","HICKORY FAA AIRPORT, NC US","  52.2","24","  42.4","24","1022.5","24","980.5","24","  9.3","24","  0.8","24","  5.1","999.9","  68.0"," ","  33.1"," "," 0.00","G","999.9","000000"
"72301003810","2019-12-29","35.74205","-81.38225","356.6","HICKORY FAA AIRPORT, NC US","  56.2","24","  53.7","24","1018.5"," 5","975.2","24","  3.5","24","  2.5","24"," 11.1"," 15.9","  68.0"," ","  39.0"," "," 0.25","G","999.9","110000"
"72301003810","2019-12-30","35.74205","-81.38225","356.6","HICKORY FAA AIRPORT, NC US","  64.2","24","  52.8","24","1004.8","18","964.0","24","  9.5","24","  9.9","24"," 15.0"," 26.0","  68.0"," ","  51.1"," "," 0.20","G","999.9","010000"
"72301003810","2019-12-31","35.74205","-81.38225","356.6","HICKORY FAA AIRPORT, NC US","  47.3","24","  26.7","24","1008.3","24","966.8","24"," 10.0","24","  5.6","24"," 13.0"," 22.0","  68.0"," ","  36.0"," "," 0.01","G","999.9","000000"
