"STATION","DATE","LATITUDE","LONGITUDE","ELEVATION","NAME","TEMP","TEMP_ATTRIBUTES","DEWP","DEWP_ATTRIBUTES","SLP","SLP_ATTRIBUTES","STP","STP_ATTRIBUTES","VISIB","VISIB_ATTRIBUTES","WDSP","WDSP_ATTRIBUTES","MXSPD","GUST","MAX","MAX_ATTRIBUTES","MIN","MIN_ATTRIBUTES","PRCP","PRCP_ATTRIBUTES","SNDP","FRSHTT"
"68018099999","2024-04-26","-17.956461","19.719439","1105.5","RUNDU, WA","  82.9","13","  40.8","13","9999.9"," 0","891.4"," 4"," 24.8"," 4","  3.7","13","  8.9"," 17.1","  94.8"," ","  68.0","*"," 0.00","I","999.9","000000"
"68018099999","2024-04-27","-17.956461","19.719439","1105.5","RUNDU, WA","  76.7","21","  45.8","21","9999.9"," 0","893.5"," 7","999.9"," 0","  5.3","21"," 13.0","999.9","  94.8"," ","  59.5"," "," 0.00","I","999.9","000000"
"68018099999","2024-04-28","-17.956461","19.719439","1105.5","RUNDU, WA","  73.1","24","  45.6","24","9999.9"," 0","894.8"," 8"," 21.1","10","  5.7","24"," 13.0","999.9","  92.3"," ","  60.3"," "," 0.00","I","999.9","000000"
"68018099999","2024-04-29","-17.956461","19.719439","1105.5","RUNDU, WA","  72.1","24","  44.2","24","9999.9"," 0","894.4"," 8"," 18.6"," 9","  4.7","24","  9.9"," 24.1","  87.3"," ","  57.2","*"," 0.00","I","999.9","000000"
"68018099999","2024-04-30","-17.956461","19.719439","1105.5","RUNDU, WA","  73.2","22","  41.8","22","9999.9"," 0","893.0"," 8"," 15.5"," 8","  4.4","22"," 11.1","999.9","  89.2"," ","  55.9"," "," 0.00","I","999.9","000000"
"68018099999","2024-05-02","-17.956461","19.719439","1105.5","RUNDU, WA","  71.0","18","  32.8","18","9999.9"," 0","892.7"," 7"," 22.8"," 9","  5.6","17"," 11.1","999.9","  89.4"," ","  51.3"," "," 0.00","I","999.9","000000"
"68018099999","2024-05-03","-17.956461","19.719439","1105.5","RUNDU, WA","  71.8","24","  39.1","24","9999.9"," 0","894.1"," 8"," 20.2"," 8","  3.7","24","  9.9","999.9","  89.4"," ","  50.7"," "," 0.00","I","999.9","000000"
"68018099999","2024-05-04","-17.956461","19.719439","1105.5","RUNDU, WA","  72.5","24","  37.3","24","9999.9"," 0","895.0"," 8","999.9"," 0","  3.9","24","  9.9","999.9","  89.1"," ","  55.6"," "," 0.00","I","999.9","000000"
"68018099999","2024-05-05","-17.956461","19.719439","1105.5","RUNDU, WA","  71.8","24","  40.8","24","9999.9"," 0","893.8"," 8"," 15.5"," 8","  2.9","24","  6.0","999.9","  88.9"," ","  51.1"," "," 0.00","I","999.9","000000"
"68018099999","2024-05-06","-17.956461","19.719439","1105.5","RUNDU, WA","  72.8","24","  44.9","24","9999.9"," 0","892.8"," 8"," 18.6"," 9","  3.8","24","  9.9","999.9","  89.1"," ","  54.7"," "," 0.00","I","999.9","000000"
"68018099999","2024-05-07","-17.956461","19.719439","1105.5","RUNDU, WA","  76.1","20","  50.0","20","9999.9"," 0","893.2"," 7"," 22.8"," 9","  3.4","20","  8.0","999.9","  92.5"," ","  59.2"," "," 0.00","I","999.9","000000"
"68018099999","2024-05-08","-17.956461","19.719439","1105.5","RUNDU, WA","  80.3","21","  53.2","21","9999.9"," 0","892.9"," 5"," 16.8"," 7","  4.9","21"," 12.0","999.9","  95.0","*","  69.1"," "," 0.00","I","999.9","000000"
"68018099999","2024-05-09","-17.956461","19.719439","1105.5","RUNDU, WA","  76.9","24","  41.6","24","9999.9"," 0","892.8"," 8"," 27.5"," 7","  5.1","24"," 15.0"," 22.9","  94.8"," ","  62.1"," "," 0.00","I","999.9","000000"
"68018099999","2024-05-10","-17.956461","19.719439","1105.5","RUNDU, WA","  74.5","24","  38.5","24","9999.9"," 0","892.5"," 8"," 24.8"," 8","  3.6","24","  7.0","999.9","  92.3"," ","  55.8"," "," 0.00","I","999.9","000000"
"68018099999","2024-05-11","-17.956461","19.719439","1105.5","RUNDU, WA","  73.3","24","  38.0","24","9999.9"," 0","893.2"," 8","999.9"," 0","  3.1","24"," 11.1","999.9","  91.6"," ","  51.4"," "," 0.00","I","999.9","000000"
"68018099999","2024-05-12","-17.956461","19.719439","1105.5","RUNDU, WA","  74.7","24","  40.1","24","9999.9"," 0","893.0"," 8"," 16.8"," 7","  3.3","24","  7.0"," 15.9","  90.7"," ","  52.7"," "," 0.00","I","999.9","000000"
"68018099999","2024-05-13","-17.956461","19.719439","1105.5","RUNDU, WA","  78.1","24","  42.3","24","9999.9"," 0","892.4"," 8"," 21.1","10","  4.2","24","  8.9","999.9","  91.4"," ","  65.3"," "," 0.00","I","999.9","000000"
"68018099999","2024-05-14","-17.956461","19.719439","1105.5","RUNDU, WA","  74.7","24","  47.7","24","9999.9"," 0","894.5"," 8"," 18.6"," 9","  4.4","24","  9.9","999.9","  91.4"," ","  63.3"," "," 0.00","I","999.9","000000"
"68018099999","2024-05-15","-17.956461","19.719439","1105.5","RUNDU, WA","  71.0","24","  41.6","24","9999.9"," 0","896.7"," 8"," 18.6"," 9","  4.9","24"," 11.1","999.9","  88.2"," ","  57.0"," "," 0.00","I","999.9","000000"
"68018099999","2024-05-16","-17.956461","19.719439","1105.5","RUNDU, WA","  68.9","22","  38.0","22","9999.9"," 0","897.9"," 7"," 22.2"," 7","  5.2","22"," 11.1","999.9","  85.5"," ","  55.4","*"," 0.00","I","999.9","000000"
"68018099999","2024-05-17","-17.956461","19.719439","1105.5","RUNDU, WA","  68.4","24","  33.4","24","9999.9"," 0","896.8"," 8"," 22.8"," 9","  4.6","24"," 11.1","999.9","  84.7"," ","  50.9"," "," 0.00","I","999.9","000000"
"68018099999","2024-05-18","-17.956461","19.719439","1105.5","RUNDU, WA","  69.6","24","  26.5","24","9999.9"," 0","896.3"," 8","999.9"," 0","  5.3","24"," 12.0"," 18.1","  86.0"," ","  51.1"," "," 0.00","I","999.9","000000"
"68018099999","2024-05-19","-17.956461","19.719439","1105.5","RUNDU, WA","  68.5","23","  24.6","23","9999.9"," 0","896.0"," 8"," 18.6"," 9","  5.2","23"," 13.0","999.9","  87.8","*","  44.4"," "," 0.00","I","999.9","000000"
"68018099999","2024-05-20","-17.956461","19.719439","1105.5","RUNDU, WA","  69.7","23","  30.2","23","9999.9"," 0","896.3"," 7"," 15.5"," 8","  5.6","23"," 13.0"," 21.0","  87.6"," ","  48.7"," "," 0.00","I","999.9","000000"
"68018099999","2024-05-21","-17.956461","19.719439","1105.5","RUNDU, WA","  68.9","22","  36.3","22","9999.9"," 0","897.3"," 8"," 22.8"," 9","  5.6","22"," 12.0","999.9","  86.2"," ","  55.0"," "," 0.00","I","999.9","000000"
"68018099999","2024-05-22","-17.956461","19.719439","1105.5","RUNDU, WA","  67.9","24","  34.5","24","9999.9"," 0","896.4"," 8"," 21.1","10","  4.5","24"," 11.1","999.9","  86.0"," ","  51.3"," "," 0.00","I","999.9","000000"
"68018099999","2024-05-23","-17.956461","19.719439","1105.5","RUNDU, WA","  66.5","24","  33.7","24","9999.9"," 0","895.6"," 8"," 24.8"," 8","  3.2","24","  9.9","999.9","  83.7"," ","  45.3"," "," 0.00","I","999.9","000000"
"68018099999","2024-05-24","-17.956461","19.719439","1105.5","RUNDU, WA","  67.3","24","  33.2","24","9999.9"," 0","895.4"," 8"," 20.2"," 8","  2.5","24","  7.0","999.9","  84.2"," ","  46.8"," "," 0.00","I","999.9","000000"
"68018099999","2024-05-25","-17.956461","19.719439","1105.5","RUNDU, WA","  69.6","24","  39.5","24","9999.9"," 0","895.8"," 8","999.9"," 0","  3.7","24","  8.0"," 14.0","  85.3"," ","  50.0","*"," 0.00","I","999.9","000000"
"68018099999","2024-05-26","-17.956461","19.719439","1105.5","RUNDU, WA","  71.1","24","  40.2","24","9999.9"," 0","895.9"," 7"," 22.8"," 9","  4.6","24"," 11.1"," 15.0","  85.3"," ","  57.0"," "," 0.00","I","999.9","000000"
"68018099999","2024-05-27","-17.956461","19.719439","1105.5","RUNDU, WA","  68.7","23","  38.1","23","9999.9"," 0","897.5"," 8"," 24.8"," 8","  5.1","23"," 12.0","999.9","  85.3"," ","  54.7"," "," 0.00","I","999.9","000000"
"68018099999","2024-05-28","-17.956461","19.719439","1105.5","RUNDU, WA","  67.9","24","  36.3","24","9999.9"," 0","897.8"," 8"," 24.8"," 8","  3.8","24","  8.0"," 15.9","  83.8"," ","  50.4"," "," 0.00","I","999.9","000000"
"68018099999","2024-05-29","-17.956461","19.719439","1105.5","RUNDU, WA","  65.7","24","  34.7","24","9999.9"," 0","896.3"," 8"," 24.8"," 6","  3.2","24","  8.0","999.9","  83.3"," ","  47.8"," "," 0.00","I","999.9","000000"
"68018099999","2024-05-30","-17.956461","19.719439","1105.5","RUNDU, WA","  63.2","24","  32.6","24","9999.9"," 0","894.0"," 8"," 21.1","10","  2.3","24","  8.0","999.9","  81.3"," ","  44.1"," "," 0.00","I","999.9","000000"
"68018099999","2024-05-31","-17.956461","19.719439","1105.5","RUNDU, WA","  66.8","22","  37.0","22","9999.9"," 0","892.6"," 7"," 20.2"," 8","  2.3","22","  9.9","999.9","  85.1"," ","  44.4"," "," 0.00","I","999.9","000000"
"68018099999","2024-06-01","-17.956461","19.719439","1105.5","RUNDU, WA","  51.5"," 7","  38.4"," 7","9999.9"," 0","999.9"," 0","999.9"," 0","  0.4"," 7","  1.9","999.9","  57.2","*","  46.9"," "," 0.00","I","999.9","000000"
"68018099999","2024-06-02","-17.956461","19.719439","1105.5","RUNDU, WA","  70.0","17","  31.7","17","9999.9"," 0","890.6"," 5"," 16.8"," 7","  6.5","17"," 13.0","999.9","  82.4","*","  48.6"," "," 0.00","I","999.9","000000"
"68018099999","2024-06-03","-17.956461","19.719439","1105.5","RUNDU, WA","  59.5","23","  18.5","23","9999.9"," 0","893.1"," 7"," 18.6"," 9","  2.4","23","  6.0","999.9","  82.0"," ","  43.0"," "," 0.00","I","999.9","000000"
"68018099999","2024-06-04","-17.956461","19.719439","1105.5","RUNDU, WA","  61.6","23","  24.9","23","9999.9"," 0","893.2"," 8"," 22.8"," 9","  1.9","23","  5.1","999.9","  84.6"," ","  37.0"," "," 0.00","I","999.9","000000"
"68018099999","2024-06-05","-17.956461","19.719439","1105.5","RUNDU, WA","  62.8","15","  28.6","15","9999.9"," 0","891.3"," 8"," 31.0"," 6","  2.6","15"," 11.1","999.9","  89.8"," ","  43.5"," "," 0.00","I","999.9","000000"
"68018099999","2024-06-06","-17.956461","19.719439","1105.5","RUNDU, WA","  67.7","22","  27.5","22","9999.9"," 0","893.4"," 8"," 22.2"," 7","  4.2","22"," 12.0","999.9","  89.8"," ","  43.9"," "," 0.00","I","999.9","000000"
"68018099999","2024-06-07","-17.956461","19.719439","1105.5","RUNDU, WA","  62.1","24","  26.0","24","9999.9"," 0","897.8"," 8"," 12.4"," 6","  5.8","24"," 11.1","999.9","  85.5"," ","  49.1"," "," 0.00","I","999.9","000000"
"68018099999","2024-06-08","-17.956461","19.719439","1105.5","RUNDU, WA","  63.9","23","  28.7","23","9999.9"," 0","898.4"," 8","999.9"," 0","  5.2","23"," 11.1","999.9","  79.5"," ","  47.7"," "," 0.00","I","999.9","000000"
"68018099999","2024-06-09","-17.956461","19.719439","1105.5","RUNDU, WA","  63.3","15","  38.0","15","9999.9"," 0","898.0"," 8"," 36.0"," 5","  5.2","15"," 12.0","999.9","  82.0"," ","  52.3"," "," 0.00","I","999.9","000000"
"68018099999","2024-06-10","-17.956461","19.719439","1105.5","RUNDU, WA","  67.8","14","  44.4","14","9999.9"," 0","898.7"," 8","999.9"," 0","  4.8","14","  9.9","999.9","  82.2"," ","  53.4"," "," 0.00","I","999.9","000000"
"68018099999","2024-06-11","-17.956461","19.719439","1105.5","RUNDU, WA","  64.1","24","  35.9","24","9999.9"," 0","899.2"," 8"," 20.2"," 8","  5.2","24"," 13.0","999.9","  82.2"," ","  51.1"," "," 0.00","I","999.9","000000"
"68018099999","2024-06-12","-17.956461","19.719439","1105.5","RUNDU, WA","  62.8","24","  34.8","24","9999.9"," 0","898.5"," 8"," 21.1","10","  4.4","24","  8.9","999.9","  78.3"," ","  48.2","*"," 0.00","I","999.9","000000"
"68018099999","2024-06-13","-17.956461","19.719439","1105.5","RUNDU, WA","  62.5","24","  32.9","24","9999.9"," 0","898.3"," 8"," 18.6"," 6","  5.4","24"," 11.1","999.9","  78.6"," ","  44.6","*"," 0.00","I","999.9","000000"
"68018099999","2024-06-14","-17.956461","19.719439","1105.5","RUNDU, WA","  63.8","24","  29.6","24","9999.9"," 0","897.6"," 7"," 16.8"," 7","  5.3","24"," 11.1","999.9","  80.6","*","  48.0"," "," 0.00","I","999.9","000000"
"68018099999","2024-06-15","-17.956461","19.719439","1105.5","RUNDU, WA","  62.5","24","  24.3","24","9999.9"," 0","896.3"," 8","999.9"," 0","  5.1","24"," 11.1","999.9","  79.7"," ","  45.7"," "," 0.00","I","999.9","000000"
"68018099999","2024-06-16","-17.956461","19.719439","1105.5","RUNDU, WA","  60.8","24","  26.8","24","9999.9"," 0","895.8"," 8"," 24.8"," 8","  4.3","24"," 11.1"," 14.0","  78.8"," ","  43.0"," "," 0.00","I","999.9","000000"
"68018099999","2024-06-17","-17.956461","19.719439","1105.5","RUNDU, WA","  59.0","23","  30.0","23","9999.9"," 0","895.8"," 8"," 22.8"," 9","  2.1","23","  5.1","999.9","  79.3"," ","  38.3"," "," 0.00","I","999.9","000000"
"68018099999","2024-06-18","-17.956461","19.719439","1105.5","RUNDU, WA","  57.3","12","  33.6","12","9999.9"," 0","895.3"," 5","999.9"," 0","  2.1","12","  6.0","999.9","  81.3"," ","  41.5"," "," 0.00","I","999.9","000000"
"68018099999","2024-06-19","-17.956461","19.719439","1105.5","RUNDU, WA","  63.8"," 8","  33.3"," 8","9999.9"," 0","999.9"," 0","999.9"," 0","  0.6"," 8","  2.9","999.9","  83.1"," ","  53.6","*"," 0.00","I","999.9","000000"
"68018099999","2024-06-20","-17.956461","19.719439","1105.5","RUNDU, WA","  65.9","23","  33.7","23","9999.9"," 0","895.8"," 8"," 24.8"," 8","  3.2","23","  8.0","999.9","  83.7"," ","  47.1"," "," 0.00","I","999.9","000000"
"68018099999","2024-06-21","-17.956461","19.719439","1105.5","RUNDU, WA","  67.0","24","  33.6","24","9999.9"," 0","896.8"," 8"," 20.2"," 8","  3.8","24","  8.9","999.9","  83.8"," ","  43.9"," "," 0.00","I","999.9","000000"
"68018099999","2024-06-22","-17.956461","19.719439","1105.5","RUNDU, WA","  66.7","24","  35.7","24","9999.9"," 0","897.6"," 8","999.9"," 0","  4.2","24","  8.9"," 17.1","  83.8"," ","  48.6"," "," 0.00","I","999.9","000000"
"68018099999","2024-06-23","-17.956461","19.719439","1105.5","RUNDU, WA","  65.6","24","  37.4","24","9999.9"," 0","898.0"," 8"," 15.5"," 4","  5.3","24"," 11.1"," 22.0","  82.0"," ","  50.0"," "," 0.00","I","999.9","000000"
"68018099999","2024-06-24","-17.956461","19.719439","1105.5","RUNDU, WA","  64.9","23","  40.7","23","9999.9"," 0","898.5"," 8","999.9"," 0","  5.6","22"," 13.0","999.9","  79.7"," ","  51.8"," "," 0.00","I","999.9","000000"
"68018099999","2024-06-25","-17.956461","19.719439","1105.5","RUNDU, WA","  64.6","24","  41.5","24","9999.9"," 0","898.3"," 6","999.9"," 0","  5.9","24"," 13.0","999.9","  78.3"," ","  51.1"," "," 0.00","I","999.9","000000"
"68018099999","2024-06-26","-17.956461","19.719439","1105.5","RUNDU, WA","  63.6","21","  40.2","21","9999.9"," 0","897.5"," 8","999.9"," 0","  5.3","21"," 11.1"," 22.0","  78.3"," ","  52.5"," "," 0.00","I","999.9","000000"
"68018099999","2024-06-27","-17.956461","19.719439","1105.5","RUNDU, WA","  62.7","15","  37.7","15","9999.9"," 0","898.1"," 6","999.9"," 0","  5.7","15"," 13.0","999.9","  78.1"," ","  50.0"," "," 0.00","I","999.9","000000"
"68018099999","2024-06-28","-17.956461","19.719439","1105.5","RUNDU, WA","  69.5","18","  40.2","18","9999.9"," 0","896.9"," 6","999.9"," 0","  5.7","18"," 13.0","999.9","  78.6"," ","  55.0"," "," 0.00","I","999.9","000000"
"68018099999","2024-06-29","-17.956461","19.719439","1105.5","RUNDU, WA","  65.7","24","  40.7","24","9999.9"," 0","895.7"," 8","999.9"," 0","  3.1","24","  8.0","999.9","  78.6"," ","  54.1"," "," 0.00","I","999.9","000000"
"68018099999","2024-06-30","-17.956461","19.719439","1105.5","RUNDU, WA","  65.5","24","  35.6","24","9999.9"," 0","894.7"," 8","999.9"," 0","  3.7","24","  8.0","999.9","  81.1"," ","  49.1"," "," 0.00","I","999.9","000000"
"68018099999","2024-07-01","-17.956461","19.719439","1105.5","RUNDU, WA","  66.8","24","  36.6","24","9999.9"," 0","894.5"," 8"," 18.6"," 6","  3.4","24","  8.9","999.9","  84.7"," ","  51.1"," "," 0.00","I","999.9","000000"
"68018099999","2024-07-02","-17.956461","19.719439","1105.5","RUNDU, WA","  68.0","24","  34.9","24","9999.9"," 0","894.5"," 8"," 22.8"," 9","  2.9","24","  8.0","999.9","  88.0"," ","  51.1"," "," 0.00","I","999.9","000000"
"68018099999","2024-07-03","-17.956461","19.719439","1105.5","RUNDU, WA","  66.8","24","  34.1","24","9999.9"," 0","894.1"," 8"," 16.8"," 7","  1.7","24","  6.0","999.9","  88.0"," ","  48.9"," "," 0.00","I","999.9","000000"
"68018099999","2024-07-04","-17.956461","19.719439","1105.5","RUNDU, WA","  68.3","24","  32.4","24","9999.9"," 0","895.1"," 8"," 24.8"," 8","  2.4","24","  6.0","999.9","  88.0"," ","  46.0"," "," 0.00","I","999.9","000000"
"68018099999","2024-07-05","-17.956461","19.719439","1105.5","RUNDU, WA","  69.2","24","  26.8","24","9999.9"," 0","896.1"," 8"," 22.8"," 9","  3.5","24","  8.0","999.9","  88.0"," ","  50.0"," "," 0.00","I","999.9","000000"
"68018099999","2024-07-06","-17.956461","19.719439","1105.5","RUNDU, WA","  64.3","24","  14.5","24","9999.9"," 0","895.6"," 8","999.9"," 0","  3.3","24","  8.0","999.9","  86.2"," ","  48.2","*"," 0.00","I","999.9","000000"
"68018099999","2024-07-07","-17.956461","19.719439","1105.5","RUNDU, WA","  41.8"," 6","  15.0"," 6","9999.9"," 0","999.9"," 0","999.9"," 0","  0.0"," 6","999.9","999.9","  44.6","*","  39.2","*"," 0.00","I","999.9","000000"
"68018099999","2024-07-08","-17.956461","19.719439","1105.5","RUNDU, WA","  67.7","18","  15.6","18","9999.9"," 0","894.5"," 6"," 22.8"," 9","  3.9","17","  7.0","999.9","  81.9"," ","  40.5"," "," 0.00","I","999.9","000000"
"68018099999","2024-07-09","-17.956461","19.719439","1105.5","RUNDU, WA","  60.5","24","  19.4","24","9999.9"," 0","896.3"," 7"," 22.8"," 9","  4.2","24","  7.0","999.9","  81.9"," ","  45.0"," "," 0.00","I","999.9","000000"
"68018099999","2024-07-10","-17.956461","19.719439","1105.5","RUNDU, WA","  58.6","24","  15.8","24","9999.9"," 0","896.6"," 8"," 22.8"," 9","  3.0","24","  7.0","999.9","  82.4","*","  34.0"," "," 0.00","I","999.9","000000"
"68018099999","2024-07-11","-17.956461","19.719439","1105.5","RUNDU, WA","  60.1","24","  12.8","24","9999.9"," 0","896.2"," 8"," 20.2"," 8","  2.2","24","  8.9","999.9","  85.6"," ","  37.4"," "," 0.00","I","999.9","000000"
"68018099999","2024-07-12","-17.956461","19.719439","1105.5","RUNDU, WA","  62.0","21","  16.5","21","9999.9"," 0","894.8"," 7"," 22.2"," 7","  1.6","21","  5.1","999.9","  86.4"," ","  37.2"," "," 0.00","I","999.9","000000"
"68018099999","2024-07-13","-17.956461","19.719439","1105.5","RUNDU, WA","  64.3","17","  18.5","17","9999.9"," 0","895.5"," 6","999.9"," 0","  1.6","17","  6.0","999.9","  87.8"," ","  39.2","*"," 0.00","I","999.9","000000"
"68018099999","2024-07-14","-17.956461","19.719439","1105.5","RUNDU, WA","  62.6","17","  21.0","17","9999.9"," 0","896.1"," 5"," 13.6"," 5","  1.0","17","  1.9","999.9","  87.8"," ","  39.9"," "," 0.00","I","999.9","000000"
"68018099999","2024-07-15","-17.956461","19.719439","1105.5","RUNDU, WA","  67.4","23","  17.8","23","9999.9"," 0","896.4"," 8"," 11.5"," 7","  3.3","23","  7.0","999.9","  87.8"," ","  41.7"," "," 0.00","I","999.9","000000"
"68018099999","2024-07-16","-17.956461","19.719439","1105.5","RUNDU, WA","  62.9","21","  19.6","21","9999.9"," 0","895.7"," 7"," 11.5"," 7","  2.7","21","  7.0","999.9","  87.8"," ","  39.2","*"," 0.00","I","999.9","000000"
"68018099999","2024-07-17","-17.956461","19.719439","1105.5","RUNDU, WA","  64.2","24","  22.2","24","9999.9"," 0","895.2"," 8"," 16.8"," 7","  1.5","24","  6.0","999.9","  87.8","*","  41.0"," "," 0.00","I","999.9","000000"
"68018099999","2024-07-18","-17.956461","19.719439","1105.5","RUNDU, WA","  64.7","24","  26.7","24","9999.9"," 0","895.5"," 8"," 22.2"," 7","  1.2","24","  5.1","999.9","  88.5"," ","  42.6"," "," 0.00","I","999.9","000000"
"68018099999","2024-07-19","-17.956461","19.719439","1105.5","RUNDU, WA","  66.0","24","  28.1","24","9999.9"," 0","894.4"," 8"," 20.2"," 8","  1.4","24","  4.1","999.9","  89.4"," ","  43.7"," "," 0.00","I","999.9","000000"
"68018099999","2024-07-20","-17.956461","19.719439","1105.5","RUNDU, WA","  70.1","20","  27.6","20","9999.9"," 0","893.9"," 7","999.9"," 0","  1.4","20","  4.1","999.9","  89.4"," ","  43.9"," "," 0.00","I","999.9","000000"
"68018099999","2024-07-21","-17.956461","19.719439","1105.5","RUNDU, WA","  66.1","24","  26.6","24","9999.9"," 0","894.3"," 8"," 16.8"," 7","  1.8","24","  5.1","999.9","  89.6"," ","  44.2"," "," 0.00","I","999.9","000000"
"68018099999","2024-07-22","-17.956461","19.719439","1105.5","RUNDU, WA","  67.0","24","  28.3","24","9999.9"," 0","895.9"," 8"," 20.2"," 8","  1.2","24","  4.1","999.9","  90.3"," ","  43.9"," "," 0.00","I","999.9","000000"
"68018099999","2024-07-23","-17.956461","19.719439","1105.5","RUNDU, WA","  69.5","22","  27.7","22","9999.9"," 0","897.5"," 7"," 18.6"," 9","  2.3","22","  8.0","999.9","  91.2"," ","  44.8"," "," 0.00","I","999.9","000000"
"68018099999","2024-07-24","-17.956461","19.719439","1105.5","RUNDU, WA","  69.5","21","  25.9","21","9999.9"," 0","896.6"," 7"," 21.1","10","  1.3","21","  5.1"," 14.0","  91.2"," ","  44.6","*"," 0.00","I","999.9","000000"
"68018099999","2024-07-25","-17.956461","19.719439","1105.5","RUNDU, WA","  68.5","23","  22.5","23","9999.9"," 0","894.6"," 8"," 24.8"," 8","  1.4","23","  4.1","999.9","  91.8"," ","  44.8"," "," 0.00","I","999.9","000000"
"68018099999","2024-07-26","-17.956461","19.719439","1105.5","RUNDU, WA","  68.0","24","  21.9","24","9999.9"," 0","893.0"," 8"," 16.8"," 7","  1.7","24","  6.0","999.9","  91.8"," ","  45.7"," "," 0.00","I","999.9","000000"
"68018099999","2024-07-27","-17.956461","19.719439","1105.5","RUNDU, WA","  68.1","24","  18.3","24","9999.9"," 0","893.6"," 8","999.9"," 0","  1.5","24","  5.1","999.9","  91.8"," ","  45.5"," "," 0.00","I","999.9","000000"
"68018099999","2024-07-28","-17.956461","19.719439","1105.5","RUNDU, WA","  67.8","24","  12.1","24","9999.9"," 0","894.0"," 8"," 18.6"," 9","  3.1","24","  8.0","999.9","  91.8"," ","  46.6"," "," 0.00","I","999.9","000000"
"68018099999","2024-07-29","-17.956461","19.719439","1105.5","RUNDU, WA","  65.6","24","  14.1","24","9999.9"," 0","893.4"," 6"," 18.6"," 9","  3.2","24","  7.0","999.9","  84.4"," ","  43.5"," "," 0.00","I","999.9","000000"
"68018099999","2024-07-30","-17.956461","19.719439","1105.5","RUNDU, WA","  66.9","24","  24.7","24","9999.9"," 0","892.1"," 8"," 22.2"," 7","  2.3","24","  7.0","999.9","  90.1"," ","  43.2"," "," 0.00","I","999.9","000000"
"68018099999","2024-07-31","-17.956461","19.719439","1105.5","RUNDU, WA","  67.4","22","  28.1","22","9999.9"," 0","892.2"," 7"," 20.2"," 8","  2.1","22","  7.0","999.9","  90.1"," ","  47.7"," "," 0.00","I","999.9","000000"
"68018099999","2024-08-01","-17.956461","19.719439","1105.5","RUNDU, WA","  67.2","23","  33.9","23","9999.9"," 0","893.8"," 8"," 16.8"," 7","  2.9","23","  8.9","999.9","  88.3"," ","  48.6"," "," 0.00","I","999.9","000000"
"68018099999","2024-08-02","-17.956461","19.719439","1105.5","RUNDU, WA","  69.0","20","  36.0","20","9999.9"," 0","894.7"," 7"," 21.1"," 5","  3.5","20"," 11.1","999.9","  87.6"," ","  51.4"," "," 0.00","I","999.9","000000"
"68018099999","2024-08-03","-17.956461","19.719439","1105.5","RUNDU, WA","  69.4","23","  36.0","23","9999.9"," 0","894.6"," 7","999.9"," 0","  3.7","23","  8.0","999.9","  87.8","*","  51.6"," "," 0.00","I","999.9","000000"
"68018099999","2024-08-04","-17.956461","19.719439","1105.5","RUNDU, WA","  68.3","22","  33.6","22","9999.9"," 0","894.1"," 8"," 24.8"," 4","  0.9","22","  2.9","999.9","  90.9"," ","  44.4"," "," 0.00","I","999.9","000000"
"68018099999","2024-08-05","-17.956461","19.719439","1105.5","RUNDU, WA","  70.6","21","  27.3","21","9999.9"," 0","893.9"," 8"," 31.0"," 6","  4.3","21","  8.0","999.9","  90.9"," ","  53.2"," "," 0.00","I","999.9","000000"
"68018099999","2024-08-06","-17.956461","19.719439","1105.5","RUNDU, WA","  68.1","21","  23.5","21","9999.9"," 0","894.0"," 8"," 27.5"," 7","  4.0","21","  8.0","999.9","  90.0"," ","  53.4"," "," 0.00","I","999.9","000000"
"68018099999","2024-08-07","-17.956461","19.719439","1105.5","RUNDU, WA","  71.6","24","  25.9","24","9999.9"," 0","892.9"," 8"," 22.8"," 9","  2.5","24","  7.0","999.9","  93.4"," ","  49.1"," "," 0.00","I","999.9","000000"
"68018099999","2024-08-08","-17.956461","19.719439","1105.5","RUNDU, WA","  70.6","23","  27.5","23","9999.9"," 0","893.3"," 8"," 27.5"," 7","  2.1","23","  7.0","999.9","  93.7"," ","  48.7"," "," 0.00","I","999.9","000000"
"68018099999","2024-08-09","-17.956461","19.719439","1105.5","RUNDU, WA","  72.2","23","  28.3","23","9999.9"," 0","893.7"," 8"," 22.2"," 7","  2.8","23","  8.0","999.9","  93.7"," ","  49.1"," "," 0.00","I","999.9","000000"
"68018099999","2024-08-10","-17.956461","19.719439","1105.5","RUNDU, WA","  72.8","24","  27.9","24","9999.9"," 0","894.6"," 8","999.9"," 0","  3.8","24","  9.9"," 20.0","  93.2"," ","  50.7"," "," 0.00","I","999.9","000000"
"68018099999","2024-08-11","-17.956461","19.719439","1105.5","RUNDU, WA","  75.2","19","  24.8","19","9999.9"," 0","893.7"," 7"," 18.6"," 6","  3.7","19","  8.0","999.9","  93.2","*","  50.7"," "," 0.00","I","999.9","000000"
"68018099999","2024-08-13","-17.956461","19.719439","1105.5","RUNDU, WA","  72.1","23","  17.9","23","9999.9"," 0","894.0"," 8"," 27.5"," 7","  3.0","23","  7.0","999.9","  92.7"," ","  50.0"," "," 0.00","I","999.9","000000"
"68018099999","2024-08-14","-17.956461","19.719439","1105.5","RUNDU, WA","  71.3","24","  16.0","24","9999.9"," 0","894.5"," 8"," 20.2"," 8","  3.9","24","  9.9"," 18.1","  92.5"," ","  47.8"," "," 0.00","I","999.9","000000"
"68018099999","2024-08-15","-17.956461","19.719439","1105.5","RUNDU, WA","  72.4","24","   9.0","24","9999.9"," 0","896.6"," 8"," 16.8"," 7","  4.8","24","  9.9","999.9","  92.3"," ","  53.1"," "," 0.00","I","999.9","000000"
"68018099999","2024-08-16","-17.956461","19.719439","1105.5","RUNDU, WA","  72.4","24","  12.7","24","9999.9"," 0","896.4"," 8"," 20.2"," 8","  4.4","24","  9.9","999.9","  90.3"," ","  52.9"," "," 0.00","I","999.9","000000"
"68018099999","2024-08-17","-17.956461","19.719439","1105.5","RUNDU, WA","  70.8","14","  25.8","14","9999.9"," 0","896.1"," 5","999.9"," 0","  3.6","14","  7.0","999.9","  91.4","*","  49.3"," "," 0.00","I","999.9","000000"
"68018099999","2024-08-18","-17.956461","19.719439","1105.5","RUNDU, WA","  80.5","11","  32.9","11","9999.9"," 0","896.3"," 5"," 21.1"," 5","  5.8","11"," 11.1","999.9","  90.3"," ","  55.6"," "," 0.00","I","999.9","000000"
"68018099999","2024-08-19","-17.956461","19.719439","1105.5","RUNDU, WA","  73.4","12","  29.2","12","9999.9"," 0","896.4"," 8"," 27.5"," 7","  5.7","12","  9.9","999.9","  90.3"," ","  57.9"," "," 0.00","I","999.9","000000"
"68018099999","2024-08-20","-17.956461","19.719439","1105.5","RUNDU, WA","  77.6"," 9","  22.2"," 9","9999.9"," 0","896.5"," 5"," 24.8"," 4","  5.9"," 9","  8.9","999.9","  91.4"," ","  52.2"," "," 0.00","I","999.9","000000"
"68018099999","2024-08-21","-17.956461","19.719439","1105.5","RUNDU, WA","  73.6","18","  23.8","18","9999.9"," 0","896.4"," 8"," 22.2"," 7","  3.9","18","  7.0","999.9","  91.4"," ","  50.2"," "," 0.00","I","999.9","000000"
"68018099999","2024-08-22","-17.956461","19.719439","1105.5","RUNDU, WA","  60.2"," 7","  25.5"," 7","9999.9"," 0","896.1"," 4","999.9"," 0","  2.4"," 7","  6.0","999.9","  89.8"," ","  46.4"," "," 0.00","I","999.9","000000"
"68018099999","2024-09-02","-17.956461","19.719439","1105.5","RUNDU, WA","  76.2","13","  33.8","13","9999.9"," 0","897.4"," 7"," 24.8"," 6","  6.5","13"," 12.0"," 15.9","  87.8"," ","  55.2"," "," 0.00","I","999.9","000000"
"68018099999","2024-09-03","-17.956461","19.719439","1105.5","RUNDU, WA","  73.9","22","  24.1","22","9999.9"," 0","896.9"," 8"," 22.8"," 9","  6.6","22"," 13.0","999.9","  88.2"," ","  57.2","*"," 0.00","I","999.9","000000"
"68018099999","2024-09-04","-17.956461","19.719439","1105.5","RUNDU, WA","  73.7","21","  22.8","21","9999.9"," 0","895.6"," 8"," 22.2"," 7","  5.8","21"," 12.0"," 18.1","  88.2"," ","  54.9"," "," 0.00","I","999.9","000000"
"68018099999","2024-09-05","-17.956461","19.719439","1105.5","RUNDU, WA","  72.3","18","  26.5","18","9999.9"," 0","893.6"," 8","999.9"," 0","  3.0","18","  9.9","999.9","  89.6"," ","  48.9"," "," 0.00","I","999.9","000000"
"68018099999","2024-09-06","-17.956461","19.719439","1105.5","RUNDU, WA","  73.7","18","  27.4","18","9999.9"," 0","893.3"," 8"," 24.8"," 4","  3.3","18","  8.0","999.9","  91.8"," ","  57.2","*"," 0.00","I","999.9","000000"
"68018099999","2024-09-07","-17.956461","19.719439","1105.5","RUNDU, WA","  80.2","15","  25.1","15","9999.9"," 0","893.6"," 8","999.9"," 0","  3.2","15","  8.0","999.9","  93.9"," ","  52.9"," "," 0.00","I","999.9","000000"
"68018099999","2024-09-08","-17.956461","19.719439","1105.5","RUNDU, WA","  79.1","16","  25.0","16","9999.9"," 0","892.7"," 8"," 22.2"," 7","  4.5","16","  9.9","999.9","  95.7"," ","  54.5"," "," 0.00","I","999.9","000000"
"68018099999","2024-09-09","-17.956461","19.719439","1105.5","RUNDU, WA","  82.9","17","  27.4","17","9999.9"," 0","892.0"," 7"," 24.8"," 4","  3.7","17","  6.0","999.9","  97.3"," ","  56.3"," "," 0.00","I","999.9","000000"
"68018099999","2024-09-10","-17.956461","19.719439","1105.5","RUNDU, WA","  80.0","14","  30.1","14","9999.9"," 0","891.4"," 8","999.9"," 0","  2.7","14","  6.0","999.9","  98.8"," ","  59.0"," "," 0.00","I","999.9","000000"
"68018099999","2024-09-11","-17.956461","19.719439","1105.5","RUNDU, WA","  85.6","17","  37.1","17","9999.9"," 0","891.1"," 8"," 22.2"," 7","  4.5","17","  7.0","999.9","  98.8"," ","  66.4"," "," 0.00","I","999.9","000000"
"68018099999","2024-09-12","-17.956461","19.719439","1105.5","RUNDU, WA","  84.9","21","  40.0","21","9999.9"," 0","891.3"," 8"," 22.2"," 7","  5.3","21"," 13.0","999.9","  98.2"," ","  68.0"," "," 0.00","I","999.9","000000"
"68018099999","2024-09-13","-17.956461","19.719439","1105.5","RUNDU, WA","  79.0","16","  39.5","16","9999.9"," 0","892.1"," 5"," 13.6"," 5","  4.4","16"," 11.1","999.9","  99.3"," ","  67.3"," "," 0.00","I","999.9","000000"
"68018099999","2024-09-14","-17.956461","19.719439","1105.5","RUNDU, WA","  82.9","24","  40.1","24","9999.9"," 0","891.4"," 8","999.9"," 0","  3.1","24"," 13.0","999.9","  99.5"," ","  65.3"," "," 0.00","I","999.9","000000"
"68018099999","2024-09-15","-17.956461","19.719439","1105.5","RUNDU, WA","  84.9","24","  39.6","24","9999.9"," 0","889.5"," 8"," 22.2"," 7","  2.0","24","  4.1","999.9"," 101.8"," ","  64.2"," "," 0.00","I","999.9","000000"
"68018099999","2024-09-16","-17.956461","19.719439","1105.5","RUNDU, WA","  87.4","24","  34.5","24","9999.9"," 0","888.4"," 8"," 27.5"," 7","  3.8","24","  9.9"," 18.1"," 102.2"," ","  70.7"," "," 0.00","I","999.9","000000"
"68018099999","2024-09-19","-17.956461","19.719439","1105.5","RUNDU, WA","  88.8","10","  33.7","10","9999.9"," 0","999.9"," 0","999.9"," 0","  4.4","10","  8.9","999.9","  96.6"," ","  83.3"," "," 0.00","I","999.9","000000"
"68018099999","2024-09-20","-17.956461","19.719439","1105.5","RUNDU, WA","  83.8","23","  30.3","23","9999.9"," 0","887.5"," 8"," 24.8"," 6","  3.7","23","  7.0","999.9","  98.1"," ","  73.4"," "," 0.00","I","999.9","000000"
"68018099999","2024-09-21","-17.956461","19.719439","1105.5","RUNDU, WA","  82.2","24","  33.3","24","9999.9"," 0","889.2"," 8","999.9"," 0","  4.4","24","  8.0","999.9","  98.4"," ","  67.1"," "," 0.00","I","999.9","000000"
"68018099999","2024-09-22","-17.956461","19.719439","1105.5","RUNDU, WA","  82.8","24","  48.8","24","9999.9"," 0","890.9"," 8"," 12.4"," 6","  6.4","24"," 13.0","999.9","  98.4"," ","  69.8"," "," 0.00","I","999.9","000000"
"68018099999","2024-09-23","-17.956461","19.719439","1105.5","RUNDU, WA","  83.2","24","  51.3","24","9999.9"," 0","892.3"," 8"," 22.2"," 7","  6.9","24"," 14.0"," 20.0","  96.8"," ","  72.3"," "," 0.00","I","999.9","000000"
"68018099999","2024-09-24","-17.956461","19.719439","1105.5","RUNDU, WA","  83.7","21","  46.6","21","9999.9"," 0","892.5"," 7"," 18.6"," 6","  3.4","21","  8.9","999.9","  96.6"," ","  69.1"," "," 0.00","I","999.9","000000"
"68018099999","2024-09-25","-17.956461","19.719439","1105.5","RUNDU, WA","  83.7","24","  44.9","24","9999.9"," 0","892.7"," 8"," 18.6"," 6","  5.1","24","  8.9","999.9","  97.9"," ","  67.6"," "," 0.00","I","999.9","000000"
"68018099999","2024-09-26","-17.956461","19.719439","1105.5","RUNDU, WA","  86.2","24","  41.4","24","9999.9"," 0","891.4"," 8"," 12.4"," 6","  4.2","24","  8.9"," 14.0","  99.9"," ","  71.8"," "," 0.00","I","999.9","000000"
"68018099999","2024-09-27","-17.956461","19.719439","1105.5","RUNDU, WA","  85.8","23","  37.7","23","9999.9"," 0","889.6"," 8"," 20.2"," 8","  4.1","23","  8.0","999.9"," 101.7"," ","  71.2"," "," 0.00","I","999.9","000000"
"68018099999","2024-09-29","-17.956461","19.719439","1105.5","RUNDU, WA","  91.2","12","  33.6","12","9999.9"," 0","887.4"," 4"," 15.5"," 4","  6.1","12","  8.0"," 20.0","  99.3"," ","  73.0"," "," 0.00","I","999.9","000000"
"68018099999","2024-09-30","-17.956461","19.719439","1105.5","RUNDU, WA","  81.5","23","  29.5","23","9999.9"," 0","889.5"," 8"," 28.6"," 5","  6.1","23"," 12.0","999.9","  99.3"," ","  70.7"," "," 0.00","I","999.9","000000"
"68018099999","2024-10-01","-17.956461","19.719439","1105.5","RUNDU, WA","  74.2","23","  12.7","23","9999.9"," 0","891.4"," 8"," 18.6"," 6","  6.4","23"," 11.1"," 19.0","  95.2"," ","  62.6"," "," 0.00","I","999.9","000000"
"68018099999","2024-10-02","-17.956461","19.719439","1105.5","RUNDU, WA","  79.7","24","  13.9","24","9999.9"," 0","891.0"," 8"," 16.8"," 7","  5.6","24","  8.9","999.9","  97.0"," ","  61.7"," "," 0.00","I","999.9","000000"
"68018099999","2024-10-03","-17.956461","19.719439","1105.5","RUNDU, WA","  82.4","24","  48.2","24","9999.9"," 0","893.4"," 8"," 20.2"," 8","  9.3","24"," 15.0"," 21.0","  97.0"," ","  70.5"," "," 0.00","I","999.9","000000"
"68018099999","2024-10-04","-17.956461","19.719439","1105.5","RUNDU, WA","  79.7","24","  51.2","24","9999.9"," 0","896.2"," 8"," 22.8"," 9","  9.8","24"," 15.0","999.9","  96.8"," ","  70.7"," "," 0.00","I","999.9","000000"
"68018099999","2024-10-05","-17.956461","19.719439","1105.5","RUNDU, WA","  76.5","24","  40.7","24","9999.9"," 0","895.7"," 8","999.9"," 0","  7.7","24"," 12.0","999.9","  90.7"," ","  66.0"," "," 0.00","I","999.9","000000"
"68018099999","2024-10-06","-17.956461","19.719439","1105.5","RUNDU, WA","  75.8","24","  31.0","24","9999.9"," 0","893.4"," 8"," 24.8"," 8","  5.0","24"," 13.0"," 15.9","  91.6"," ","  58.8"," "," 0.00","I","999.9","000000"
"68018099999","2024-10-07","-17.956461","19.719439","1105.5","RUNDU, WA","  78.9","22","  30.4","22","9999.9"," 0","891.8"," 8"," 22.2"," 7","  3.8","22","  8.0"," 14.0","  95.5"," ","  60.3"," "," 0.00","I","999.9","000000"
"68018099999","2024-10-08","-17.956461","19.719439","1105.5","RUNDU, WA","  82.8","24","  28.1","24","9999.9"," 0","892.4"," 8"," 22.2"," 7","  4.5","24","  8.9","999.9","  98.8"," ","  63.9"," "," 0.00","I","999.9","000000"
"68018099999","2024-10-09","-17.956461","19.719439","1105.5","RUNDU, WA","  84.2","24","  28.3","24","9999.9"," 0","892.6"," 8"," 16.8"," 7","  6.1","24"," 15.0"," 22.9","  99.9"," ","  66.4"," "," 0.00","I","999.9","000000"
"68018099999","2024-10-10","-17.956461","19.719439","1105.5","RUNDU, WA","  85.3","24","  28.6","24","9999.9"," 0","892.9"," 8"," 18.6"," 9","  7.6","24"," 15.0"," 26.0","  99.9"," ","  67.8"," "," 0.00","I","999.9","000000"
"68018099999","2024-10-11","-17.956461","19.719439","1105.5","RUNDU, WA","  83.2","22","  31.6","22","9999.9"," 0","894.1"," 7"," 20.2"," 8","  6.6","22"," 14.0"," 28.9","  99.5"," ","  66.2"," "," 0.00","I","999.9","000000"
"68018099999","2024-10-12","-17.956461","19.719439","1105.5","RUNDU, WA","  81.0","22","  27.9","22","9999.9"," 0","893.8"," 7","999.9"," 0","  6.2","22"," 15.0"," 28.9","  98.1"," ","  65.1"," "," 0.00","I","999.9","000000"
"68018099999","2024-10-13","-17.956461","19.719439","1105.5","RUNDU, WA","  76.7","23","  40.8","23","9999.9"," 0","893.1"," 8"," 20.2"," 8","  5.0","23"," 12.0"," 21.0","  97.0"," ","  65.8"," "," 0.00","I","999.9","000010"
"68018099999","2024-10-14","-17.956461","19.719439","1105.5","RUNDU, WA","  72.0","12","  51.2","12","9999.9"," 0","892.6"," 4"," 15.5"," 4","  4.6","12"," 12.0","999.9","  92.7"," ","  60.6"," "," 0.00","I","999.9","000000"
"68018099999","2024-10-15","-17.956461","19.719439","1105.5","RUNDU, WA","  85.2","17","  48.9","17","9999.9"," 0","890.4"," 5"," 22.2"," 7","  2.6","17","  6.0","999.9","  95.5"," ","  59.5"," "," 0.00","I","999.9","000000"
"68018099999","2024-10-16","-17.956461","19.719439","1105.5","RUNDU, WA","  84.2","21","  52.8","21","9999.9"," 0","890.9"," 7"," 11.5"," 7","  5.0","21"," 11.1"," 26.0","  96.3"," ","  66.4"," "," 0.00","I","999.9","000000"
"68018099999","2024-10-17","-17.956461","19.719439","1105.5","RUNDU, WA","  82.4","24","  55.6","24","9999.9"," 0","891.3"," 8"," 18.6"," 9","  6.4","24"," 12.0"," 22.9","  97.7"," ","  72.5"," "," 0.00","I","999.9","000000"
"68018099999","2024-10-18","-17.956461","19.719439","1105.5","RUNDU, WA","  80.6","24","  55.4","24","9999.9"," 0","890.1"," 8"," 22.8"," 9","  3.3","24","  8.0","999.9","  97.7"," ","  69.3"," "," 0.02","E","999.9","010000"
"68018099999","2024-10-19","-17.956461","19.719439","1105.5","RUNDU, WA","  84.4","22","  55.0","22","9999.9"," 0","889.9"," 8","999.9"," 0","  4.2","22"," 12.0","999.9","  97.3"," ","  71.6","*"," 0.00","I","999.9","000000"
"68018099999","2024-10-21","-17.956461","19.719439","1105.5","RUNDU, WA","  91.3","11","  40.1","11","9999.9"," 0","999.9"," 0","999.9"," 0","  3.5","11","  7.0"," 15.0"," 101.5"," ","  80.6","*"," 0.00","I","999.9","000000"
"68018099999","2024-10-22","-17.956461","19.719439","1105.5","RUNDU, WA","  90.1","19","  29.6","19","9999.9"," 0","889.9"," 7"," 24.8"," 8","  4.4","19","  8.9","999.9"," 101.7"," ","  68.0"," "," 0.00","I","999.9","000000"
"68018099999","2024-10-23","-17.956461","19.719439","1105.5","RUNDU, WA","  88.2","23","  35.5","23","9999.9"," 0","889.4"," 7","  6.2"," 6","  4.6","23","  9.9","999.9"," 102.9"," ","  67.5"," "," 0.00","I","999.9","000000"
"68018099999","2024-10-24","-17.956461","19.719439","1105.5","RUNDU, WA","  89.0","24","  25.6","24","9999.9"," 0","889.1"," 8"," 18.6"," 6","  4.6","24","  8.0","999.9"," 103.8"," ","  71.1"," "," 0.00","I","999.9","000000"
"68018099999","2024-10-25","-17.956461","19.719439","1105.5","RUNDU, WA","  88.2","24","  23.9","23","9999.9"," 0","888.5"," 8"," 18.6"," 6","  3.8","24","  7.0"," 17.1"," 105.8","*","  68.2"," "," 0.00","I","999.9","000000"
"68018099999","2024-10-26","-17.956461","19.719439","1105.5","RUNDU, WA","  88.6","23","  34.3","23","9999.9"," 0","887.3"," 7","999.9"," 0","  3.7","23","  7.0","999.9"," 105.6"," ","  68.7"," "," 0.00","I","999.9","000000"
"68018099999","2024-10-27","-17.956461","19.719439","1105.5","RUNDU, WA","  86.5","23","  29.0","23","9999.9"," 0","886.4"," 8"," 21.1"," 5","  6.7","23"," 11.1","999.9"," 104.7"," ","  69.1"," "," 0.00","I","999.9","000000"
"68018099999","2024-10-28","-17.956461","19.719439","1105.5","RUNDU, WA","  81.0","23","  15.3","23","9999.9"," 0","887.2"," 8"," 24.8"," 6","  6.5","23"," 12.0"," 21.0"," 102.4"," ","  61.7"," "," 0.00","I","999.9","000000"
"68018099999","2024-10-29","-17.956461","19.719439","1105.5","RUNDU, WA","  78.9","20","  16.4","20","9999.9"," 0","888.9"," 7"," 24.8"," 6","  4.3","20","  8.9"," 19.0","  97.0"," ","  66.7"," "," 0.00","I","999.9","000000"
"68018099999","2024-10-30","-17.956461","19.719439","1105.5","RUNDU, WA","  81.4","21","  24.1","21","9999.9"," 0","889.8"," 8"," 13.6"," 5","  4.3","21"," 11.1"," 21.0","  98.2"," ","  59.7"," "," 0.00","I","999.9","000000"
"68018099999","2024-10-31","-17.956461","19.719439","1105.5","RUNDU, WA","  84.0","23","  25.2","23","9999.9"," 0","889.5"," 8"," 13.6"," 5","  4.0","23","  9.9","999.9"," 100.8"," ","  60.4"," "," 0.00","I","999.9","000000"
"68018099999","2024-11-01","-17.956461","19.719439","1105.5","RUNDU, WA","  86.6","24","  38.8","24","9999.9"," 0","889.4"," 8"," 24.8"," 6","  4.9","24"," 11.1"," 22.9"," 101.5"," ","  62.8"," "," 0.00","I","999.9","000000"
"68018099999","2024-11-02","-17.956461","19.719439","1105.5","RUNDU, WA","  83.1","24","  54.6","24","9999.9"," 0","890.7"," 8","999.9"," 0","  4.8","24"," 14.0"," 22.0"," 101.5"," ","  73.4"," "," 0.00","I","999.9","000000"
"68018099999","2024-11-03","-17.956461","19.719439","1105.5","RUNDU, WA","  83.6","20","  55.3","20","9999.9"," 0","891.0"," 8"," 24.8"," 6","  4.0","20","  9.9","999.9","  98.8"," ","  69.4"," "," 0.00","I","999.9","000000"
"68018099999","2024-11-04","-17.956461","19.719439","1105.5","RUNDU, WA","  86.5","10","  58.9","10","9999.9"," 0","890.6"," 4"," 21.1"," 5","  8.5","10"," 11.1","999.9","  95.4"," ","  71.1"," "," 0.02","G","999.9","000000"
"68018099999","2024-11-05","-17.956461","19.719439","1105.5","RUNDU, WA","  88.6","16","  54.4","16","9999.9"," 0","887.1"," 6"," 31.1"," 6","  3.9","16","  7.0","999.9","  99.0"," ","  73.9"," "," 0.00","G","999.9","000000"
"68018099999","2024-11-06","-17.956461","19.719439","1105.5","RUNDU, WA","  83.1","24","  59.8","24","9999.9"," 0","888.7"," 8"," 21.1","10","  4.6","24"," 21.0"," 39.0","  99.0"," ","  73.4","*"," 0.00","I","999.9","000010"
"68018099999","2024-11-07","-17.956461","19.719439","1105.5","RUNDU, WA","  83.2","16","  60.0","16","9999.9"," 0","891.0"," 6"," 27.5"," 7","  6.6","16"," 13.0"," 24.1","  94.8"," ","  69.1"," "," 0.04","G","999.9","000000"
"68018099999","2024-11-08","-17.956461","19.719439","1105.5","RUNDU, WA","  74.3","23","  63.5","23","9999.9"," 0","892.7"," 8"," 12.4"," 6","  3.2","23","  9.9","999.9","  94.8"," ","  69.6"," "," 0.01","G","999.9","010000"
"68018099999","2024-11-09","-17.956461","19.719439","1105.5","RUNDU, WA","  77.3","24","  61.7","24","9999.9"," 0","891.3"," 8","999.9"," 0","  2.9","24","  7.0","999.9","  88.7"," ","  65.1"," "," 0.04","G","999.9","000000"
"68018099999","2024-11-10","-17.956461","19.719439","1105.5","RUNDU, WA","  80.8","18","  61.0","18","9999.9"," 0","888.6"," 7"," 31.0"," 6","  3.4","18","  8.9","999.9","  94.6"," ","  68.0","*"," 0.00","G","999.9","000000"
"68018099999","2024-11-11","-17.956461","19.719439","1105.5","RUNDU, WA","  66.9","17","  65.3","17","9999.9"," 0","892.5"," 5"," 18.6"," 6","  3.0","17","  7.0","999.9","  68.7"," ","  64.4","*"," 1.02","E","999.9","010000"
"68018099999","2024-11-12","-17.956461","19.719439","1105.5","RUNDU, WA","  75.8","24","  62.3","24","9999.9"," 0","892.4"," 8"," 20.2"," 8","  3.6","24"," 14.0","999.9","  90.0"," ","  64.2"," "," 0.01","E","999.9","000000"
"68018099999","2024-11-13","-17.956461","19.719439","1105.5","RUNDU, WA","  79.5","23","  60.9","23","9999.9"," 0","891.2"," 8"," 27.5"," 7","  3.6","23"," 11.1","999.9","  92.3"," ","  68.9"," "," 0.00","I","999.9","000000"
"68018099999","2024-11-14","-17.956461","19.719439","1105.5","RUNDU, WA","  80.0","24","  59.7","24","9999.9"," 0","890.2"," 7"," 12.4"," 6","  5.4","24","  9.9"," 26.0","  94.6"," ","  69.3"," "," 0.08","E","999.9","000000"
"68018099999","2024-11-15","-17.956461","19.719439","1105.5","RUNDU, WA","  78.6","23","  61.8","23","9999.9"," 0","891.0"," 8"," 22.2"," 7","  4.7","23"," 11.1"," 19.0","  94.6"," ","  69.1"," "," 0.01","E","999.9","000000"
"68018099999","2024-11-16","-17.956461","19.719439","1105.5","RUNDU, WA","  82.5","24","  59.4","24","9999.9"," 0","890.8"," 8","999.9"," 0","  4.8","24","  8.0","999.9","  94.6"," ","  71.6","*"," 0.00","I","999.9","000000"
"68018099999","2024-11-17","-17.956461","19.719439","1105.5","RUNDU, WA","  84.0","20","  57.4","20","9999.9"," 0","889.0"," 7"," 18.6"," 6","  2.9","20","  8.0","999.9","  97.0"," ","  70.5"," "," 0.00","I","999.9","000000"
"68018099999","2024-11-22","-17.956461","19.719439","1105.5","RUNDU, WA","  81.4","19","  60.3","19","9999.9"," 0","889.9"," 8"," 31.0"," 6","  6.9","19"," 13.0"," 25.1","  98.4"," ","  71.6","*"," 0.04","G","999.9","000000"
"68018099999","2024-11-23","-17.956461","19.719439","1105.5","RUNDU, WA","  80.5","23","  63.3","23","9999.9"," 0","890.5"," 8","999.9"," 0","  3.6","23","  8.9","999.9","  96.6"," ","  69.1"," "," 0.04","G","999.9","000000"
"68018099999","2024-11-24","-17.956461","19.719439","1105.5","RUNDU, WA","  79.5","23","  61.2","23","9999.9"," 0","891.4"," 8"," 24.8"," 6","  5.7","23"," 12.0"," 22.0","  94.8"," ","  69.4"," "," 0.02","G","999.9","000000"
"68018099999","2024-11-25","-17.956461","19.719439","1105.5","RUNDU, WA","  78.3","18","  61.1","18","9999.9"," 0","890.0"," 8"," 31.1"," 6","  4.4","18","  8.9"," 18.1","  92.1"," ","  66.9"," "," 0.12","G","999.9","000000"
"68018099999","2024-11-26","-17.956461","19.719439","1105.5","RUNDU, WA","  81.1","13","  61.2","13","9999.9"," 0","887.9"," 7"," 36.0"," 5","  5.5","13"," 13.0","999.9","  95.9"," ","  70.9"," "," 0.00","G","999.9","000000"
"68018099999","2024-11-27","-17.956461","19.719439","1105.5","RUNDU, WA","  84.7","17","  61.6","17","9999.9"," 0","887.5"," 6"," 18.6"," 9","  4.8","17","  8.0","999.9","  97.7"," ","  71.6"," "," 0.00","I","999.9","000000"
"68018099999","2024-11-28","-17.956461","19.719439","1105.5","RUNDU, WA","  85.8","17","  65.0","17","9999.9"," 0","889.7"," 6"," 22.2"," 7","  4.2","17","  8.9","999.9","  95.5"," ","  70.5"," "," 0.71","G","999.9","000000"
"68018099999","2024-11-29","-17.956461","19.719439","1105.5","RUNDU, WA","  82.9","24","  58.6","24","9999.9"," 0","891.7"," 8"," 22.2"," 7","  2.9","24","  7.0","999.9","  96.3"," ","  72.3"," "," 0.00","G","999.9","000000"
"68018099999","2024-11-30","-17.956461","19.719439","1105.5","RUNDU, WA","  67.9"," 7","  56.2"," 7","9999.9"," 0","999.9"," 0","999.9"," 0","  2.0"," 7","  4.1","999.9","  96.3"," ","  63.1"," "," 0.00","I","999.9","000000"
"68018099999","2024-12-02","-17.956461","19.719439","1105.5","RUNDU, WA","  84.6","24","  55.2","24","9999.9"," 0","888.5"," 8"," 11.5"," 7","  4.8","24"," 11.1","999.9","  98.8"," ","  72.1"," "," 0.02","E","999.9","000000"
"68018099999","2024-12-03","-17.956461","19.719439","1105.5","RUNDU, WA","  84.2","17","  53.2","17","9999.9"," 0","887.9"," 6"," 22.2"," 7","  2.8","17","  7.0","999.9","  98.6","*","  66.7"," "," 0.04","G","999.9","000000"
"68018099999","2024-12-04","-17.956461","19.719439","1105.5","RUNDU, WA","  84.3","22","  53.3","22","9999.9"," 0","888.3"," 8"," 21.1"," 5","  4.2","22","  9.9","999.9","  99.0"," ","  68.5"," "," 0.00","G","999.9","000000"
"68018099999","2024-12-05","-17.956461","19.719439","1105.5","RUNDU, WA","  82.6","15","  52.7","15","9999.9"," 0","889.4"," 6"," 20.2"," 8","  2.9","15","  8.0","999.9","  99.0"," ","  67.6"," "," 0.00","I","999.9","000000"
"68018099999","2024-12-06","-17.956461","19.719439","1105.5","RUNDU, WA","  91.8","17","  46.8","17","9999.9"," 0","887.4"," 5"," 16.8"," 7","  3.2","17","  8.0","999.9"," 102.7"," ","  76.3"," "," 0.00","I","999.9","000000"
"68018099999","2024-12-07","-17.956461","19.719439","1105.5","RUNDU, WA","  88.1","24","  47.6","24","9999.9"," 0","888.0"," 8","999.9"," 0","  3.5","24","  8.0","999.9"," 104.7"," ","  69.4"," "," 0.00","I","999.9","000000"
"68018099999","2024-12-08","-17.956461","19.719439","1105.5","RUNDU, WA","  80.8","24","  56.4","24","9999.9"," 0","892.0"," 8"," 16.8"," 7","  6.2","24"," 15.9"," 27.0"," 104.7"," ","  72.5"," "," 0.00","I","999.9","000000"
"68018099999","2024-12-09","-17.956461","19.719439","1105.5","RUNDU, WA","  79.2","12","  59.2","12","9999.9"," 0","892.6"," 6"," 34.2"," 4","  3.2","12","  6.0","999.9","  96.1"," ","  70.5"," "," 0.00","I","999.9","000000"
"68018099999","2024-12-10","-17.956461","19.719439","1105.5","RUNDU, WA","  90.7","15","  55.3","15","9999.9"," 0","889.4"," 5"," 24.9"," 6","  5.8","15"," 11.1","999.9","  99.9"," ","  68.4"," "," 0.00","I","999.9","000000"
"68018099999","2024-12-11","-17.956461","19.719439","1105.5","RUNDU, WA","  85.1","21","  57.9","21","9999.9"," 0","890.1"," 8"," 28.6"," 5","  4.0","21"," 15.9","999.9"," 100.8"," ","  70.5"," "," 0.00","I","999.9","000000"
"68018099999","2024-12-12","-17.956461","19.719439","1105.5","RUNDU, WA","  88.5"," 6","  57.2"," 6","9999.9"," 0","889.1"," 6","999.9"," 0","  5.2"," 6","  8.0","999.9","  99.0"," ","  73.6"," "," 0.00","I","999.9","000000"
"68018099999","2024-12-13","-17.956461","19.719439","1105.5","RUNDU, WA","  78.8"," 9","  61.3"," 9","9999.9"," 0","888.9"," 7"," 36.0"," 5","  6.2"," 9"," 12.0","999.9"," 100.2"," ","  66.2"," "," 1.06","E","999.9","000010"
"68018099999","2024-12-14","-17.956461","19.719439","1105.5","RUNDU, WA","  91.0"," 6","  59.5"," 6","9999.9"," 0","999.9"," 0","999.9"," 0","  4.0"," 6","  6.0","999.9","  95.0","*","  66.2"," "," 0.00","I","999.9","000000"
"68018099999","2024-12-15","-17.956461","19.719439","1105.5","RUNDU, WA","  89.8"," 7","  58.0"," 7","9999.9"," 0","999.9"," 0"," 13.6"," 5","  6.9"," 7"," 15.0","999.9","  96.6"," ","  72.3"," "," 0.00","I","999.9","000000"
"68018099999","2024-12-16","-17.956461","19.719439","1105.5","RUNDU, WA","  88.9","10","  60.9","10","9999.9"," 0","888.9"," 6"," 34.2"," 4","  3.9","10","  8.9"," 15.9","  98.1"," ","  70.7"," "," 0.00","I","999.9","000000"
"68018099999","2024-12-17","-17.956461","19.719439","1105.5","RUNDU, WA","  79.6"," 9","  64.4"," 9","9999.9"," 0","889.1"," 6"," 34.2"," 4","  5.1"," 9","  9.9"," 20.0","  98.1"," ","  70.7"," "," 0.04","G","999.9","000000"
"68018099999","2024-12-18","-17.956461","19.719439","1105.5","RUNDU, WA","  75.0","17","  64.5","17","9999.9"," 0","890.9"," 6","999.9"," 0","  3.2","17","  6.0","999.9","  92.1"," ","  66.6"," "," 0.43","G","999.9","000000"
"68018099999","2024-12-19","-17.956461","19.719439","1105.5","RUNDU, WA","  83.9","22","  61.0","22","9999.9"," 0","890.0"," 8"," 31.0"," 6","  3.8","22","  8.0"," 19.0","  95.5"," ","  71.6","*"," 0.01","G","999.9","000000"
"68018099999","2024-12-20","-17.956461","19.719439","1105.5","RUNDU, WA","  83.1","16","  64.2","16","9999.9"," 0","889.8"," 6"," 22.2"," 7","  3.8","16"," 15.9"," 26.0","  95.5"," ","  74.1"," "," 0.00","G","999.9","000010"
"68018099999","2024-12-21","-17.956461","19.719439","1105.5","RUNDU, WA","  75.3","11","  67.1","11","9999.9"," 0","891.7"," 4","999.9"," 0","  6.8","11","  8.9","999.9","  83.5"," ","  69.8"," "," 0.43","G","999.9","000000"
"68018099999","2024-12-22","-17.956461","19.719439","1105.5","RUNDU, WA","  74.3","17","  67.1","17","9999.9"," 0","892.0"," 6"," 22.2"," 7","  5.2","17"," 14.0"," 34.0","  88.2"," ","  68.4"," "," 0.01","G","999.9","010010"
"68018099999","2024-12-23","-17.956461","19.719439","1105.5","RUNDU, WA","  74.6","24","  66.5","24","9999.9"," 0","890.8"," 8"," 18.6"," 9","  4.8","24"," 12.0"," 26.0","  88.2"," ","  64.4","*"," 0.20","G","999.9","010000"
"68018099999","2024-12-24","-17.956461","19.719439","1105.5","RUNDU, WA","  75.3","23","  66.3","23","9999.9"," 0","891.2"," 8"," 22.2"," 7","  4.4","23","  8.9","999.9","  86.2"," ","  64.9"," "," 1.02","G","999.9","000010"
"68018099999","2024-12-25","-17.956461","19.719439","1105.5","RUNDU, WA","  77.4","23","  64.7","23","9999.9"," 0","892.4"," 7"," 24.9"," 6","  3.6","23","  8.9"," 17.1","  90.5"," ","  68.0","*"," 0.00","G","999.9","000000"
"68018099999","2024-12-26","-17.956461","19.719439","1105.5","RUNDU, WA","  76.8","21","  65.9","21","9999.9"," 0","892.1"," 8"," 31.1"," 6","  4.4","21","  8.0","999.9","  90.5"," ","  69.1"," "," 0.00","I","999.9","000000"
"68018099999","2024-12-27","-17.956461","19.719439","1105.5","RUNDU, WA","  74.3","23","  67.7","23","9999.9"," 0","892.2"," 8"," 22.2"," 7","  4.0","23","  9.9","999.9","  89.6"," ","  71.6","*"," 0.00","I","999.9","000010"
"68018099999","2024-12-28","-17.956461","19.719439","1105.5","RUNDU, WA","  76.9","24","  66.4","24","9999.9"," 0","891.4"," 8","999.9"," 0","  4.1","24","  8.0","999.9","  88.5"," ","  69.1"," "," 0.00","I","999.9","000000"
"68018099999","2024-12-29","-17.956461","19.719439","1105.5","RUNDU, WA","  79.8","24","  65.3","24","9999.9"," 0","890.5"," 8"," 20.2"," 8","  5.4","24","  9.9","999.9","  90.5"," ","  69.8","*"," 0.00","I","999.9","000000"
"68018099999","2024-12-30","-17.956461","19.719439","1105.5","RUNDU, WA","  81.8","23","  64.2","23","9999.9"," 0","889.4"," 8"," 20.2"," 8","  2.4","23","  5.1","999.9","  92.5"," ","  73.4","*"," 0.02","E","999.9","000000"
"68018099999","2024-12-31","-17.956461","19.719439","1105.5","RUNDU, WA","  75.5","14","  67.0","14","9999.9"," 0","889.9"," 5"," 24.9"," 6","  4.0","14","  8.9","999.9","  92.5"," ","  68.0","*"," 0.12","G","999.9","010000"
