"STATION","DATE","LATITUDE","LONGITUDE","ELEVATION","NAME","TEMP","TEMP_ATTRIBUTES","DEWP","DEWP_ATTRIBUTES","SLP","SLP_ATTRIBUTES","STP","STP_ATTRIBUTES","VISIB","VISIB_ATTRIBUTES","WDSP","WDSP_ATTRIBUTES","MXSPD","GUST","MAX","MAX_ATTRIBUTES","MIN","MIN_ATTRIBUTES","PRCP","PRCP_ATTRIBUTES","SNDP","FRSHTT"
"71885099999","2024-01-01","49.3333333","-113.5166666","1074.0","GLENWOOD, CA","  36.3","24","9999.9"," 0","9999.9"," 0","999.9"," 0","999.9"," 0","999.9"," 0","999.9","999.9","  44.8","*","  26.2","*"," 0.00","I","999.9","000000"
"71885099999","2024-01-02","49.3333333","-113.5166666","1074.0","GLENWOOD, CA","  30.3","24","9999.9"," 0","9999.9"," 0","999.9"," 0","999.9"," 0","999.9"," 0","999.9","999.9","  44.1","*","  19.8","*"," 0.00","I","999.9","000000"
"71885099999","2024-01-03","49.3333333","-113.5166666","1074.0","GLENWOOD, CA","  26.0","24","9999.9"," 0","9999.9"," 0","999.9"," 0","999.9"," 0","999.9"," 0","999.9","999.9","  47.7","*","  16.7","*"," 0.00","I","999.9","000000"
"71885099999","2024-01-04","49.3333333","-113.5166666","1074.0","GLENWOOD, CA","  31.5","24","9999.9"," 0","9999.9"," 0","999.9"," 0","999.9"," 0","999.9"," 0","999.9","999.9","  43.2","*","  19.9","*"," 0.00","I","999.9","000000"
"71885099999","2024-01-05","49.3333333","-113.5166666","1074.0","GLENWOOD, CA","  30.0","24","9999.9"," 0","9999.9"," 0","999.9"," 0","999.9"," 0","999.9"," 0","999.9","999.9","  38.5","*","  14.4","*"," 0.00","I","999.9","000000"
"71885099999","2024-01-06","49.3333333","-113.5166666","1074.0","GLENWOOD, CA","  29.7","24","9999.9"," 0","9999.9"," 0","999.9"," 0","999.9"," 0","999.9"," 0","999.9","999.9","  37.9","*","  24.4","*"," 0.00","I","999.9","000000"
"71885099999","2024-01-07","49.3333333","-113.5166666","1074.0","GLENWOOD, CA","  14.7","24","9999.9"," 0","9999.9"," 0","999.9"," 0","999.9"," 0","999.9"," 0","999.9","999.9","  32.7","*","   5.7","*"," 0.00","I","999.9","000000"
"71885099999","2024-01-08","49.3333333","-113.5166666","1074.0","GLENWOOD, CA","   7.9","24","9999.9"," 0","9999.9"," 0","999.9"," 0","999.9"," 0","999.9"," 0","999.9","999.9","  28.0","*","  -5.4","*"," 0.00","I","999.9","000000"
"71885099999","2024-01-09","49.3333333","-113.5166666","1074.0","GLENWOOD, CA","  29.4","24","9999.9"," 0","9999.9"," 0","999.9"," 0","999.9"," 0","999.9"," 0","999.9","999.9","  35.8","*","  19.8","*"," 0.00","I","999.9","000000"
"71885099999","2024-01-10","49.3333333","-113.5166666","1074.0","GLENWOOD, CA","   5.3","24","9999.9"," 0","9999.9"," 0","999.9"," 0","999.9"," 0","999.9"," 0","999.9","999.9","  29.1","*","  -5.8","*"," 0.00","I","999.9","000000"
"71885099999","2024-01-11","49.3333333","-113.5166666","1074.0","GLENWOOD, CA"," -13.8","24","9999.9"," 0","9999.9"," 0","999.9"," 0","999.9"," 0","999.9"," 0","999.9","999.9","  -5.4","*"," -21.8","*"," 0.00","I","999.9","000000"
"71885099999","2024-01-12","49.3333333","-113.5166666","1074.0","GLENWOOD, CA"," -26.7","24","9999.9"," 0","9999.9"," 0","999.9"," 0","999.9"," 0","999.9"," 0","999.9","999.9"," -22.5","*"," -33.3","*"," 0.00","I","999.9","000000"
"71885099999","2024-01-13","49.3333333","-113.5166666","1074.0","GLENWOOD, CA"," -30.7","24","9999.9"," 0","9999.9"," 0","999.9"," 0","999.9"," 0","999.9"," 0","999.9","999.9"," -13.0","*"," -40.4","*"," 0.00","I","999.9","000000"
"71885099999","2024-01-14","49.3333333","-113.5166666","1074.0","GLENWOOD, CA"," -28.7","24","9999.9"," 0","9999.9"," 0","999.9"," 0","999.9"," 0","999.9"," 0","999.9","999.9"," -21.6","*"," -34.6","*"," 0.00","I","999.9","000000"
"71885099999","2024-01-15","49.3333333","-113.5166666","1074.0","GLENWOOD, CA"," -19.1","24","9999.9"," 0","9999.9"," 0","999.9"," 0","999.9"," 0","999.9"," 0","999.9","999.9","   9.3","*"," -33.5","*"," 0.00","I","999.9","000000"
"71885099999","2024-01-16","49.3333333","-113.5166666","1074.0","GLENWOOD, CA","  13.1","24","9999.9"," 0","9999.9"," 0","999.9"," 0","999.9"," 0","999.9"," 0","999.9","999.9","  21.4","*","   5.9","*"," 0.00","I","999.9","000000"
"71885099999","2024-01-17","49.3333333","-113.5166666","1074.0","GLENWOOD, CA","   7.3","24","9999.9"," 0","9999.9"," 0","999.9"," 0","999.9"," 0","999.9"," 0","999.9","999.9","  19.8","*","  -0.6","*"," 0.00","I","999.9","000000"
"71885099999","2024-01-18","49.3333333","-113.5166666","1074.0","GLENWOOD, CA","  -6.1","24","9999.9"," 0","9999.9"," 0","999.9"," 0","999.9"," 0","999.9"," 0","999.9","999.9","   3.9","*"," -19.5","*"," 0.00","I","999.9","000000"
"71885099999","2024-01-19","49.3333333","-113.5166666","1074.0","GLENWOOD, CA","  -6.8","24","9999.9"," 0","9999.9"," 0","999.9"," 0","999.9"," 0","999.9"," 0","999.9","999.9","  11.5","*"," -16.4","*"," 0.00","I","999.9","000000"
"71885099999","2024-01-20","49.3333333","-113.5166666","1074.0","GLENWOOD, CA","  30.9","24","9999.9"," 0","9999.9"," 0","999.9"," 0","999.9"," 0","999.9"," 0","999.9","999.9","  42.1","*","  12.4","*"," 0.00","I","999.9","000000"
"71885099999","2024-01-21","49.3333333","-113.5166666","1074.0","GLENWOOD, CA","  19.4","23","9999.9"," 0","9999.9"," 0","999.9"," 0","999.9"," 0","999.9"," 0","999.9","999.9","  39.9","*","  10.0","*"," 0.00","I","999.9","000000"
"71885099999","2024-01-22","49.3333333","-113.5166666","1074.0","GLENWOOD, CA","   9.1","24","9999.9"," 0","9999.9"," 0","999.9"," 0","999.9"," 0","999.9"," 0","999.9","999.9","  15.3","*","   6.4","*"," 0.00","I","999.9","000000"
"71885099999","2024-01-23","49.3333333","-113.5166666","1074.0","GLENWOOD, CA","  32.4","23","9999.9"," 0","9999.9"," 0","999.9"," 0","999.9"," 0","999.9"," 0","999.9","999.9","  42.8","*","  10.4","*"," 0.00","I","999.9","000000"
"71885099999","2024-01-24","49.3333333","-113.5166666","1074.0","GLENWOOD, CA","  33.5","24","9999.9"," 0","9999.9"," 0","999.9"," 0","999.9"," 0","999.9"," 0","999.9","999.9","  41.2","*","  22.6","*"," 0.00","I","999.9","000000"
"71885099999","2024-01-25","49.3333333","-113.5166666","1074.0","GLENWOOD, CA","  34.6","24","9999.9"," 0","9999.9"," 0","999.9"," 0","999.9"," 0","999.9"," 0","999.9","999.9","  39.6","*","  29.8","*"," 0.00","I","999.9","000000"
"71885099999","2024-01-26","49.3333333","-113.5166666","1074.0","GLENWOOD, CA","  29.7","18","9999.9"," 0","9999.9"," 0","999.9"," 0","999.9"," 0","999.9"," 0","999.9","999.9","  39.6","*","  20.5","*"," 0.00","I","999.9","000000"
"71885099999","2024-01-27","49.3333333","-113.5166666","1074.0","GLENWOOD, CA","  36.2","23","9999.9"," 0","9999.9"," 0","999.9"," 0","999.9"," 0","999.9"," 0","999.9","999.9","  43.2","*","  28.9","*"," 0.00","I","999.9","000000"
"71885099999","2024-01-28","49.3333333","-113.5166666","1074.0","GLENWOOD, CA","  42.7","24","9999.9"," 0","9999.9"," 0","999.9"," 0","999.9"," 0","999.9"," 0","999.9","999.9","  51.1","*","  38.7","*"," 0.00","I","999.9","000000"
"71885099999","2024-01-29","49.3333333","-113.5166666","1074.0","GLENWOOD, CA","  43.3","24","9999.9"," 0","9999.9"," 0","999.9"," 0","999.9"," 0","999.9"," 0","999.9","999.9","  50.5","*","  38.5","*"," 0.00","I","999.9","000000"
"71885099999","2024-01-30","49.3333333","-113.5166666","1074.0","GLENWOOD, CA","  47.0","24","9999.9"," 0","9999.9"," 0","999.9"," 0","999.9"," 0","999.9"," 0","999.9","999.9","  58.1","*","  38.3","*"," 0.00","I","999.9","000000"
"71885099999","2024-01-31","49.3333333","-113.5166666","1074.0","GLENWOOD, CA","  43.5","24","9999.9"," 0","9999.9"," 0","999.9"," 0","999.9"," 0","999.9"," 0","999.9","999.9","  62.8","*","  30.7","*"," 0.00","I","999.9","000000"
"71885099999","2024-02-01","49.3333333","-113.5166666","1074.0","GLENWOOD, CA","  43.3","24","9999.9"," 0","9999.9"," 0","999.9"," 0","999.9"," 0","999.9"," 0","999.9","999.9","  57.7","*","  35.2","*"," 0.00","I","999.9","000000"
"71885099999","2024-02-02","49.3333333","-113.5166666","1074.0","GLENWOOD, CA","  42.4","24","9999.9"," 0","9999.9"," 0","999.9"," 0","999.9"," 0","999.9"," 0","999.9","999.9","  54.9","*","  30.9","*"," 0.00","I","999.9","000000"
"71885099999","2024-02-03","49.3333333","-113.5166666","1074.0","GLENWOOD, CA","  39.6","24","9999.9"," 0","9999.9"," 0","999.9"," 0","999.9"," 0","999.9"," 0","999.9","999.9","  47.8","*","  31.1","*"," 0.00","I","999.9","000000"
"71885099999","2024-02-04","49.3333333","-113.5166666","1074.0","GLENWOOD, CA","  23.0","24","9999.9"," 0","9999.9"," 0","999.9"," 0","999.9"," 0","999.9"," 0","999.9","999.9","  31.5","*","  19.0","*"," 0.00","I","999.9","000000"
"71885099999","2024-02-05","49.3333333","-113.5166666","1074.0","GLENWOOD, CA","  13.3","19","9999.9"," 0","9999.9"," 0","999.9"," 0","999.9"," 0","999.9"," 0","999.9","999.9","  20.3","*","   5.9","*"," 0.00","I","999.9","000000"
"71885099999","2024-02-06","49.3333333","-113.5166666","1074.0","GLENWOOD, CA","  16.8","24","9999.9"," 0","9999.9"," 0","999.9"," 0","999.9"," 0","999.9"," 0","999.9","999.9","  21.7","*","   9.7","*"," 0.00","I","999.9","000000"
"71885099999","2024-02-07","49.3333333","-113.5166666","1074.0","GLENWOOD, CA","  12.4","24","9999.9"," 0","9999.9"," 0","999.9"," 0","999.9"," 0","999.9"," 0","999.9","999.9","  20.3","*","   2.7","*"," 0.00","I","999.9","000000"
"71885099999","2024-02-08","49.3333333","-113.5166666","1074.0","GLENWOOD, CA","  20.4","23","9999.9"," 0","9999.9"," 0","999.9"," 0","999.9"," 0","999.9"," 0","999.9","999.9","  25.7","*","  17.1","*"," 0.00","I","999.9","000000"
"71885099999","2024-02-09","49.3333333","-113.5166666","1074.0","GLENWOOD, CA","  20.8","24","9999.9"," 0","9999.9"," 0","999.9"," 0","999.9"," 0","999.9"," 0","999.9","999.9","  26.1","*","  16.3","*"," 0.00","I","999.9","000000"
"71885099999","2024-02-10","49.3333333","-113.5166666","1074.0","GLENWOOD, CA","  15.1","24","9999.9"," 0","9999.9"," 0","999.9"," 0","999.9"," 0","999.9"," 0","999.9","999.9","  30.9","*","   3.9","*"," 0.00","I","999.9","000000"
"71885099999","2024-02-11","49.3333333","-113.5166666","1074.0","GLENWOOD, CA","  31.2","24","9999.9"," 0","9999.9"," 0","999.9"," 0","999.9"," 0","999.9"," 0","999.9","999.9","  34.5","*","  28.0","*"," 0.00","I","999.9","000000"
"71885099999","2024-02-12","49.3333333","-113.5166666","1074.0","GLENWOOD, CA","  30.7","24","9999.9"," 0","9999.9"," 0","999.9"," 0","999.9"," 0","999.9"," 0","999.9","999.9","  36.3","*","  24.3","*"," 0.00","I","999.9","000000"
"71885099999","2024-02-13","49.3333333","-113.5166666","1074.0","GLENWOOD, CA","  23.2","22","9999.9"," 0","9999.9"," 0","999.9"," 0","999.9"," 0","999.9"," 0","999.9","999.9","  29.8","*","  19.4","*"," 0.00","I","999.9","000000"
"71885099999","2024-02-14","49.3333333","-113.5166666","1074.0","GLENWOOD, CA","   8.9","24","9999.9"," 0","9999.9"," 0","999.9"," 0","999.9"," 0","999.9"," 0","999.9","999.9","  20.1","*","  -2.0","*"," 0.00","I","999.9","000000"
"71885099999","2024-02-15","49.3333333","-113.5166666","1074.0","GLENWOOD, CA","   7.4","23","9999.9"," 0","9999.9"," 0","999.9"," 0","999.9"," 0","999.9"," 0","999.9","999.9","  14.4","*","   3.9","*"," 0.00","I","999.9","000000"
"71885099999","2024-02-16","49.3333333","-113.5166666","1074.0","GLENWOOD, CA","   1.1","24","9999.9"," 0","9999.9"," 0","999.9"," 0","999.9"," 0","999.9"," 0","999.9","999.9","  24.8","*"," -11.4","*"," 0.00","I","999.9","000000"
"71885099999","2024-02-17","49.3333333","-113.5166666","1074.0","GLENWOOD, CA","  19.5","24","9999.9"," 0","9999.9"," 0","999.9"," 0","999.9"," 0","999.9"," 0","999.9","999.9","  34.2","*","   9.0","*"," 0.00","I","999.9","000000"
"71885099999","2024-02-18","49.3333333","-113.5166666","1074.0","GLENWOOD, CA","  23.7","24","9999.9"," 0","9999.9"," 0","999.9"," 0","999.9"," 0","999.9"," 0","999.9","999.9","  39.0","*","  12.9","*"," 0.00","I","999.9","000000"
"71885099999","2024-02-19","49.3333333","-113.5166666","1074.0","GLENWOOD, CA","  29.6","24","9999.9"," 0","9999.9"," 0","999.9"," 0","999.9"," 0","999.9"," 0","999.9","999.9","  42.8","*","  18.3","*"," 0.00","I","999.9","000000"
"71885099999","2024-02-20","49.3333333","-113.5166666","1074.0","GLENWOOD, CA","  36.1","24","9999.9"," 0","9999.9"," 0","999.9"," 0","999.9"," 0","999.9"," 0","999.9","999.9","  43.7","*","  29.7","*"," 0.00","I","999.9","000000"
"71885099999","2024-02-21","49.3333333","-113.5166666","1074.0","GLENWOOD, CA","  34.0","24","9999.9"," 0","9999.9"," 0","999.9"," 0","999.9"," 0","999.9"," 0","999.9","999.9","  41.9","*","  29.1","*"," 0.00","I","999.9","000000"
"71885099999","2024-02-22","49.3333333","-113.5166666","1074.0","GLENWOOD, CA","  34.8","24","9999.9"," 0","9999.9"," 0","999.9"," 0","999.9"," 0","999.9"," 0","999.9","999.9","  43.3","*","  27.1","*"," 0.00","I","999.9","000000"
"71885099999","2024-02-23","49.3333333","-113.5166666","1074.0","GLENWOOD, CA","  35.2","23","9999.9"," 0","9999.9"," 0","999.9"," 0","999.9"," 0","999.9"," 0","999.9","999.9","  42.1","*","  27.5","*"," 0.00","I","999.9","000000"
"71885099999","2024-02-24","49.3333333","-113.5166666","1074.0","GLENWOOD, CA","  34.9","24","9999.9"," 0","9999.9"," 0","999.9"," 0","999.9"," 0","999.9"," 0","999.9","999.9","  40.1","*","  28.4","*"," 0.00","I","999.9","000000"
"71885099999","2024-02-25","49.3333333","-113.5166666","1074.0","GLENWOOD, CA","  33.6","24","9999.9"," 0","9999.9"," 0","999.9"," 0","999.9"," 0","999.9"," 0","999.9","999.9","  43.0","*","  22.5","*"," 0.00","I","999.9","000000"
"71885099999","2024-02-26","49.3333333","-113.5166666","1074.0","GLENWOOD, CA","  22.0","23","9999.9"," 0","9999.9"," 0","999.9"," 0","999.9"," 0","999.9"," 0","999.9","999.9","  38.8","*","   3.7","*"," 0.00","I","999.9","000000"
"71885099999","2024-02-27","49.3333333","-113.5166666","1074.0","GLENWOOD, CA","  -3.8","24","9999.9"," 0","9999.9"," 0","999.9"," 0","999.9"," 0","999.9"," 0","999.9","999.9","   2.3","*"," -16.4","*"," 0.00","I","999.9","000000"
"71885099999","2024-02-28","49.3333333","-113.5166666","1074.0","GLENWOOD, CA","  15.4","22","9999.9"," 0","9999.9"," 0","999.9"," 0","999.9"," 0","999.9"," 0","999.9","999.9","  39.9","*"," -13.4","*"," 0.00","I","999.9","000000"
"71885099999","2024-02-29","49.3333333","-113.5166666","1074.0","GLENWOOD, CA","  38.3","24","9999.9"," 0","9999.9"," 0","999.9"," 0","999.9"," 0","999.9"," 0","999.9","999.9","  42.8","*","  35.1","*"," 0.00","I","999.9","000000"
"71885099999","2024-03-01","49.3333333","-113.5166666","1074.0","GLENWOOD, CA","  21.2","23","9999.9"," 0","9999.9"," 0","999.9"," 0","999.9"," 0","999.9"," 0","999.9","999.9","  40.6","*","  11.1","*"," 0.00","I","999.9","000000"
"71885099999","2024-03-02","49.3333333","-113.5166666","1074.0","GLENWOOD, CA","  11.9","24","9999.9"," 0","9999.9"," 0","999.9"," 0","999.9"," 0","999.9"," 0","999.9","999.9","  20.7","*","   3.2","*"," 0.00","I","999.9","000000"
"71885099999","2024-03-03","49.3333333","-113.5166666","1074.0","GLENWOOD, CA","  -5.0","24","9999.9"," 0","9999.9"," 0","999.9"," 0","999.9"," 0","999.9"," 0","999.9","999.9","   4.6","*"," -14.1","*"," 0.00","I","999.9","000000"
"71885099999","2024-03-04","49.3333333","-113.5166666","1074.0","GLENWOOD, CA","  -4.4","24","9999.9"," 0","9999.9"," 0","999.9"," 0","999.9"," 0","999.9"," 0","999.9","999.9","   4.5","*"," -11.9","*"," 0.00","I","999.9","000000"
"71885099999","2024-03-05","49.3333333","-113.5166666","1074.0","GLENWOOD, CA","  -1.8","24","9999.9"," 0","9999.9"," 0","999.9"," 0","999.9"," 0","999.9"," 0","999.9","999.9","   6.8","*"," -10.1","*"," 0.00","I","999.9","000000"
"71885099999","2024-03-06","49.3333333","-113.5166666","1074.0","GLENWOOD, CA","   6.4","24","9999.9"," 0","9999.9"," 0","999.9"," 0","999.9"," 0","999.9"," 0","999.9","999.9","  25.0","*","  -5.1","*"," 0.00","I","999.9","000000"
"71885099999","2024-03-07","49.3333333","-113.5166666","1074.0","GLENWOOD, CA","  12.5","23","9999.9"," 0","9999.9"," 0","999.9"," 0","999.9"," 0","999.9"," 0","999.9","999.9","  36.0","*","  -4.9","*"," 0.00","I","999.9","000000"
"71885099999","2024-03-08","49.3333333","-113.5166666","1074.0","GLENWOOD, CA","  30.1","24","9999.9"," 0","9999.9"," 0","999.9"," 0","999.9"," 0","999.9"," 0","999.9","999.9","  45.0","*","  20.1","*"," 0.00","I","999.9","000000"
"71885099999","2024-03-09","49.3333333","-113.5166666","1074.0","GLENWOOD, CA","  40.8","24","9999.9"," 0","9999.9"," 0","999.9"," 0","999.9"," 0","999.9"," 0","999.9","999.9","  52.2","*","  31.8","*"," 0.00","I","999.9","000000"
"71885099999","2024-03-10","49.3333333","-113.5166666","1074.0","GLENWOOD, CA","  40.0","24","9999.9"," 0","9999.9"," 0","999.9"," 0","999.9"," 0","999.9"," 0","999.9","999.9","  48.6","*","  32.4","*"," 0.00","I","999.9","000000"
"71885099999","2024-03-11","49.3333333","-113.5166666","1074.0","GLENWOOD, CA","  36.6","24","9999.9"," 0","9999.9"," 0","999.9"," 0","999.9"," 0","999.9"," 0","999.9","999.9","  45.3","*","  29.3","*"," 0.00","I","999.9","000000"
"71885099999","2024-03-12","49.3333333","-113.5166666","1074.0","GLENWOOD, CA","  36.9","22","9999.9"," 0","9999.9"," 0","999.9"," 0","999.9"," 0","999.9"," 0","999.9","999.9","  47.7","*","  28.9","*"," 0.00","I","999.9","000000"
"71885099999","2024-03-13","49.3333333","-113.5166666","1074.0","GLENWOOD, CA","  34.7","24","9999.9"," 0","9999.9"," 0","999.9"," 0","999.9"," 0","999.9"," 0","999.9","999.9","  45.7","*","  28.4","*"," 0.00","I","999.9","000000"
"71885099999","2024-03-14","49.3333333","-113.5166666","1074.0","GLENWOOD, CA","  34.7","24","9999.9"," 0","9999.9"," 0","999.9"," 0","999.9"," 0","999.9"," 0","999.9","999.9","  48.4","*","  24.3","*"," 0.00","I","999.9","000000"
"71885099999","2024-03-15","49.3333333","-113.5166666","1074.0","GLENWOOD, CA","  42.1","23","9999.9"," 0","9999.9"," 0","999.9"," 0","999.9"," 0","999.9"," 0","999.9","999.9","  56.7","*","  32.9","*"," 0.00","I","999.9","000000"
"71885099999","2024-03-16","49.3333333","-113.5166666","1074.0","GLENWOOD, CA","  40.4","24","9999.9"," 0","9999.9"," 0","999.9"," 0","999.9"," 0","999.9"," 0","999.9","999.9","  58.3","*","  26.2","*"," 0.00","I","999.9","000000"
"71885099999","2024-03-17","49.3333333","-113.5166666","1074.0","GLENWOOD, CA","  43.1","24","9999.9"," 0","9999.9"," 0","999.9"," 0","999.9"," 0","999.9"," 0","999.9","999.9","  68.2","*","  25.9","*"," 0.00","I","999.9","000000"
"71885099999","2024-03-18","49.3333333","-113.5166666","1074.0","GLENWOOD, CA","  52.6","24","9999.9"," 0","9999.9"," 0","999.9"," 0","999.9"," 0","999.9"," 0","999.9","999.9","  67.8","*","  39.4","*"," 0.00","I","999.9","000000"
"71885099999","2024-03-19","49.3333333","-113.5166666","1074.0","GLENWOOD, CA","  43.5","22","9999.9"," 0","9999.9"," 0","999.9"," 0","999.9"," 0","999.9"," 0","999.9","999.9","  65.8","*","  28.6","*"," 0.00","I","999.9","000000"
"71885099999","2024-03-20","49.3333333","-113.5166666","1074.0","GLENWOOD, CA","  28.3","23","9999.9"," 0","9999.9"," 0","999.9"," 0","999.9"," 0","999.9"," 0","999.9","999.9","  43.2","*","  19.9","*"," 0.00","I","999.9","000000"
"71885099999","2024-03-21","49.3333333","-113.5166666","1074.0","GLENWOOD, CA","  18.4","24","9999.9"," 0","9999.9"," 0","999.9"," 0","999.9"," 0","999.9"," 0","999.9","999.9","  21.6","*","  16.2","*"," 0.00","I","999.9","000000"
"71885099999","2024-03-22","49.3333333","-113.5166666","1074.0","GLENWOOD, CA","  18.3","24","9999.9"," 0","9999.9"," 0","999.9"," 0","999.9"," 0","999.9"," 0","999.9","999.9","  21.7","*","  15.6","*"," 0.00","I","999.9","000000"
"71885099999","2024-03-23","49.3333333","-113.5166666","1074.0","GLENWOOD, CA","  18.9","24","9999.9"," 0","9999.9"," 0","999.9"," 0","999.9"," 0","999.9"," 0","999.9","999.9","  22.1","*","  16.5","*"," 0.00","I","999.9","000000"
"71885099999","2024-03-24","49.3333333","-113.5166666","1074.0","GLENWOOD, CA","  15.9","24","9999.9"," 0","9999.9"," 0","999.9"," 0","999.9"," 0","999.9"," 0","999.9","999.9","  21.2","*","  12.6","*"," 0.00","I","999.9","000000"
"71885099999","2024-03-25","49.3333333","-113.5166666","1074.0","GLENWOOD, CA","   6.9","24","9999.9"," 0","9999.9"," 0","999.9"," 0","999.9"," 0","999.9"," 0","999.9","999.9","  25.9","*","  -5.8","*"," 0.00","I","999.9","000000"
"71885099999","2024-03-26","49.3333333","-113.5166666","1074.0","GLENWOOD, CA","  16.1","15","9999.9"," 0","9999.9"," 0","999.9"," 0","999.9"," 0","999.9"," 0","999.9","999.9","  25.7","*","  12.9","*"," 0.00","I","999.9","000000"
"71885099999","2024-03-27","49.3333333","-113.5166666","1074.0","GLENWOOD, CA","  29.1","16","9999.9"," 0","9999.9"," 0","999.9"," 0","999.9"," 0","999.9"," 0","999.9","999.9","  36.9","*","  23.2","*"," 0.00","I","999.9","000000"
"71885099999","2024-04-01","49.3333333","-113.5166666","1074.0","GLENWOOD, CA","  55.8"," 6","9999.9"," 0","9999.9"," 0","999.9"," 0","999.9"," 0","999.9"," 0","999.9","999.9","  59.4","*","  51.3","*"," 0.00","I","999.9","000000"
"71885099999","2024-04-02","49.3333333","-113.5166666","1074.0","GLENWOOD, CA","  53.4"," 6","9999.9"," 0","9999.9"," 0","999.9"," 0","999.9"," 0","999.9"," 0","999.9","999.9","  64.4","*","  41.4","*"," 0.00","I","999.9","000000"
"71885099999","2024-04-03","49.3333333","-113.5166666","1074.0","GLENWOOD, CA","  51.3","24","9999.9"," 0","9999.9"," 0","999.9"," 0","999.9"," 0","999.9"," 0","999.9","999.9","  64.0","*","  41.7","*"," 0.00","I","999.9","000000"
"71885099999","2024-04-04","49.3333333","-113.5166666","1074.0","GLENWOOD, CA","  34.5","24","9999.9"," 0","9999.9"," 0","999.9"," 0","999.9"," 0","999.9"," 0","999.9","999.9","  47.5","*","  30.2","*"," 0.00","I","999.9","000000"
"71885099999","2024-04-05","49.3333333","-113.5166666","1074.0","GLENWOOD, CA","  29.7","24","9999.9"," 0","9999.9"," 0","999.9"," 0","999.9"," 0","999.9"," 0","999.9","999.9","  34.2","*","  27.5","*"," 0.00","I","999.9","000000"
"71885099999","2024-04-06","49.3333333","-113.5166666","1074.0","GLENWOOD, CA","  31.2","24","9999.9"," 0","9999.9"," 0","999.9"," 0","999.9"," 0","999.9"," 0","999.9","999.9","  39.7","*","  27.7","*"," 0.00","I","999.9","000000"
"71885099999","2024-04-07","49.3333333","-113.5166666","1074.0","GLENWOOD, CA","  36.9","24","9999.9"," 0","9999.9"," 0","999.9"," 0","999.9"," 0","999.9"," 0","999.9","999.9","  47.1","*","  32.0","*"," 0.00","I","999.9","000000"
"71885099999","2024-04-08","49.3333333","-113.5166666","1074.0","GLENWOOD, CA","  39.2","24","9999.9"," 0","9999.9"," 0","999.9"," 0","999.9"," 0","999.9"," 0","999.9","999.9","  50.5","*","  30.9","*"," 0.00","I","999.9","000000"
"71885099999","2024-04-09","49.3333333","-113.5166666","1074.0","GLENWOOD, CA","  42.8","24","9999.9"," 0","9999.9"," 0","999.9"," 0","999.9"," 0","999.9"," 0","999.9","999.9","  53.4","*","  33.1","*"," 0.00","I","999.9","000000"
"71885099999","2024-04-10","49.3333333","-113.5166666","1074.0","GLENWOOD, CA","  38.0","24","9999.9"," 0","9999.9"," 0","999.9"," 0","999.9"," 0","999.9"," 0","999.9","999.9","  52.5","*","  26.6","*"," 0.00","I","999.9","000000"
"71885099999","2024-04-11","49.3333333","-113.5166666","1074.0","GLENWOOD, CA","  44.1","24","9999.9"," 0","9999.9"," 0","999.9"," 0","999.9"," 0","999.9"," 0","999.9","999.9","  59.9","*","  32.9","*"," 0.00","I","999.9","000000"
"71885099999","2024-04-12","49.3333333","-113.5166666","1074.0","GLENWOOD, CA","  47.4","24","9999.9"," 0","9999.9"," 0","999.9"," 0","999.9"," 0","999.9"," 0","999.9","999.9","  61.3","*","  30.9","*"," 0.00","I","999.9","000000"
"71885099999","2024-04-13","49.3333333","-113.5166666","1074.0","GLENWOOD, CA","  51.1","24","9999.9"," 0","9999.9"," 0","999.9"," 0","999.9"," 0","999.9"," 0","999.9","999.9","  67.1","*","  37.6","*"," 0.00","I","999.9","000000"
"71885099999","2024-04-14","49.3333333","-113.5166666","1074.0","GLENWOOD, CA","  49.8","24","9999.9"," 0","9999.9"," 0","999.9"," 0","999.9"," 0","999.9"," 0","999.9","999.9","  66.7","*","  29.3","*"," 0.00","I","999.9","000000"
"71885099999","2024-04-15","49.3333333","-113.5166666","1074.0","GLENWOOD, CA","  50.8","24","9999.9"," 0","9999.9"," 0","999.9"," 0","999.9"," 0","999.9"," 0","999.9","999.9","  65.3","*","  37.4","*"," 0.00","I","999.9","000000"
"71885099999","2024-04-16","49.3333333","-113.5166666","1074.0","GLENWOOD, CA","  43.7","14","9999.9"," 0","9999.9"," 0","999.9"," 0","999.9"," 0","999.9"," 0","999.9","999.9","  62.2","*","  33.3","*"," 0.00","I","999.9","000000"
"71885099999","2024-04-17","49.3333333","-113.5166666","1074.0","GLENWOOD, CA","  29.7","17","9999.9"," 0","9999.9"," 0","999.9"," 0","999.9"," 0","999.9"," 0","999.9","999.9","  35.1","*","  26.4","*"," 0.00","I","999.9","000000"
"71885099999","2024-04-18","49.3333333","-113.5166666","1074.0","GLENWOOD, CA","  30.4","18","9999.9"," 0","9999.9"," 0","999.9"," 0","999.9"," 0","999.9"," 0","999.9","999.9","  34.7","*","  26.1","*"," 0.00","I","999.9","000000"
"71885099999","2024-04-19","49.3333333","-113.5166666","1074.0","GLENWOOD, CA","  27.9","21","9999.9"," 0","9999.9"," 0","999.9"," 0","999.9"," 0","999.9"," 0","999.9","999.9","  34.2","*","  19.2","*"," 0.00","I","999.9","000000"
"71885099999","2024-04-20","49.3333333","-113.5166666","1074.0","GLENWOOD, CA","  28.3","24","9999.9"," 0","9999.9"," 0","999.9"," 0","999.9"," 0","999.9"," 0","999.9","999.9","  48.2","*","  14.0","*"," 0.00","I","999.9","000000"
"71885099999","2024-04-21","49.3333333","-113.5166666","1074.0","GLENWOOD, CA","  41.8","24","9999.9"," 0","9999.9"," 0","999.9"," 0","999.9"," 0","999.9"," 0","999.9","999.9","  51.3","*","  25.9","*"," 0.00","I","999.9","000000"
"71885099999","2024-04-22","49.3333333","-113.5166666","1074.0","GLENWOOD, CA","  43.6","24","9999.9"," 0","9999.9"," 0","999.9"," 0","999.9"," 0","999.9"," 0","999.9","999.9","  55.2","*","  34.7","*"," 0.00","I","999.9","000000"
"71885099999","2024-04-23","49.3333333","-113.5166666","1074.0","GLENWOOD, CA","  45.0","24","9999.9"," 0","9999.9"," 0","999.9"," 0","999.9"," 0","999.9"," 0","999.9","999.9","  62.1","*","  30.0","*"," 0.00","I","999.9","000000"
"71885099999","2024-04-24","49.3333333","-113.5166666","1074.0","GLENWOOD, CA","  50.6","24","9999.9"," 0","9999.9"," 0","999.9"," 0","999.9"," 0","999.9"," 0","999.9","999.9","  63.7","*","  36.0","*"," 0.00","I","999.9","000000"
"71885099999","2024-04-25","49.3333333","-113.5166666","1074.0","GLENWOOD, CA","  49.3","24","9999.9"," 0","9999.9"," 0","999.9"," 0","999.9"," 0","999.9"," 0","999.9","999.9","  62.2","*","  35.8","*"," 0.00","I","999.9","000000"
"71885099999","2024-04-26","49.3333333","-113.5166666","1074.0","GLENWOOD, CA","  43.7","24","9999.9"," 0","9999.9"," 0","999.9"," 0","999.9"," 0","999.9"," 0","999.9","999.9","  57.9","*","  37.4","*"," 0.00","I","999.9","000000"
"71885099999","2024-04-27","49.3333333","-113.5166666","1074.0","GLENWOOD, CA","  44.0","24","9999.9"," 0","9999.9"," 0","999.9"," 0","999.9"," 0","999.9"," 0","999.9","999.9","  56.8","*","  31.6","*"," 0.00","I","999.9","000000"
"71885099999","2024-04-28","49.3333333","-113.5166666","1074.0","GLENWOOD, CA","  46.0","24","9999.9"," 0","9999.9"," 0","999.9"," 0","999.9"," 0","999.9"," 0","999.9","999.9","  54.5","*","  36.9","*"," 0.00","I","999.9","000000"
"71885099999","2024-04-29","49.3333333","-113.5166666","1074.0","GLENWOOD, CA","  45.6","24","9999.9"," 0","9999.9"," 0","999.9"," 0","999.9"," 0","999.9"," 0","999.9","999.9","  52.2","*","  36.9","*"," 0.00","I","999.9","000000"
"71885099999","2024-04-30","49.3333333","-113.5166666","1074.0","GLENWOOD, CA","  34.7","22","9999.9"," 0","9999.9"," 0","999.9"," 0","999.9"," 0","999.9"," 0","999.9","999.9","  48.9","*","  29.3","*"," 0.00","I","999.9","000000"
"71885099999","2024-05-02","49.3333333","-113.5166666","1074.0","GLENWOOD, CA","  33.2","24","9999.9"," 0","9999.9"," 0","999.9"," 0","999.9"," 0","999.9"," 0","999.9","999.9","  41.2","*","  29.5","*"," 0.00","I","999.9","000000"
"71885099999","2024-05-03","49.3333333","-113.5166666","1074.0","GLENWOOD, CA","  38.0","24","9999.9"," 0","9999.9"," 0","999.9"," 0","999.9"," 0","999.9"," 0","999.9","999.9","  51.8","*","  30.4","*"," 0.00","I","999.9","000000"
"71885099999","2024-05-04","49.3333333","-113.5166666","1074.0","GLENWOOD, CA","  42.0","24","9999.9"," 0","9999.9"," 0","999.9"," 0","999.9"," 0","999.9"," 0","999.9","999.9","  57.9","*","  27.3","*"," 0.00","I","999.9","000000"
"71885099999","2024-05-05","49.3333333","-113.5166666","1074.0","GLENWOOD, CA","  42.1","24","9999.9"," 0","9999.9"," 0","999.9"," 0","999.9"," 0","999.9"," 0","999.9","999.9","  57.2","*","  29.1","*"," 0.00","I","999.9","000000"
"71885099999","2024-05-06","49.3333333","-113.5166666","1074.0","GLENWOOD, CA","  47.0","24","9999.9"," 0","9999.9"," 0","999.9"," 0","999.9"," 0","999.9"," 0","999.9","999.9","  55.6","*","  39.4","*"," 0.00","I","999.9","000000"
"71885099999","2024-05-07","49.3333333","-113.5166666","1074.0","GLENWOOD, CA","  44.4","22","9999.9"," 0","9999.9"," 0","999.9"," 0","999.9"," 0","999.9"," 0","999.9","999.9","  53.2","*","  39.6","*"," 0.00","I","999.9","000000"
"71885099999","2024-05-08","49.3333333","-113.5166666","1074.0","GLENWOOD, CA","  40.7","20","9999.9"," 0","9999.9"," 0","999.9"," 0","999.9"," 0","999.9"," 0","999.9","999.9","  48.0","*","  36.9","*"," 0.00","I","999.9","000000"
"71885099999","2024-05-09","49.3333333","-113.5166666","1074.0","GLENWOOD, CA","  48.7","24","9999.9"," 0","9999.9"," 0","999.9"," 0","999.9"," 0","999.9"," 0","999.9","999.9","  65.3","*","  36.0","*"," 0.00","I","999.9","000000"
"71885099999","2024-05-10","49.3333333","-113.5166666","1074.0","GLENWOOD, CA","  58.0","24","9999.9"," 0","9999.9"," 0","999.9"," 0","999.9"," 0","999.9"," 0","999.9","999.9","  76.5","*","  41.4","*"," 0.00","I","999.9","000000"
"71885099999","2024-05-11","49.3333333","-113.5166666","1074.0","GLENWOOD, CA","  63.3","24","9999.9"," 0","9999.9"," 0","999.9"," 0","999.9"," 0","999.9"," 0","999.9","999.9","  78.8","*","  46.8","*"," 0.00","I","999.9","000000"
"71885099999","2024-05-12","49.3333333","-113.5166666","1074.0","GLENWOOD, CA","  60.6","24","9999.9"," 0","9999.9"," 0","999.9"," 0","999.9"," 0","999.9"," 0","999.9","999.9","  77.9","*","  40.5","*"," 0.00","I","999.9","000000"
"71885099999","2024-05-13","49.3333333","-113.5166666","1074.0","GLENWOOD, CA","  58.8","24","9999.9"," 0","9999.9"," 0","999.9"," 0","999.9"," 0","999.9"," 0","999.9","999.9","  76.6","*","  44.6","*"," 0.00","I","999.9","000000"
"71885099999","2024-05-14","49.3333333","-113.5166666","1074.0","GLENWOOD, CA","  50.3","24","9999.9"," 0","9999.9"," 0","999.9"," 0","999.9"," 0","999.9"," 0","999.9","999.9","  60.6","*","  42.8","*"," 0.00","I","999.9","000000"
"71885099999","2024-05-15","49.3333333","-113.5166666","1074.0","GLENWOOD, CA","  53.4","24","9999.9"," 0","9999.9"," 0","999.9"," 0","999.9"," 0","999.9"," 0","999.9","999.9","  66.9","*","  41.2","*"," 0.00","I","999.9","000000"
"71885099999","2024-05-16","49.3333333","-113.5166666","1074.0","GLENWOOD, CA","  59.7","24","9999.9"," 0","9999.9"," 0","999.9"," 0","999.9"," 0","999.9"," 0","999.9","999.9","  68.2","*","  50.0","*"," 0.00","I","999.9","000000"
"71885099999","2024-05-17","49.3333333","-113.5166666","1074.0","GLENWOOD, CA","  45.0","24","9999.9"," 0","9999.9"," 0","999.9"," 0","999.9"," 0","999.9"," 0","999.9","999.9","  64.2","*","  32.9","*"," 0.00","I","999.9","000000"
"71885099999","2024-05-18","49.3333333","-113.5166666","1074.0","GLENWOOD, CA","  40.9","24","9999.9"," 0","9999.9"," 0","999.9"," 0","999.9"," 0","999.9"," 0","999.9","999.9","  53.6","*","  30.4","*"," 0.00","I","999.9","000000"
"71885099999","2024-05-19","49.3333333","-113.5166666","1074.0","GLENWOOD, CA","  41.0","24","9999.9"," 0","9999.9"," 0","999.9"," 0","999.9"," 0","999.9"," 0","999.9","999.9","  54.0","*","  34.0","*"," 0.00","I","999.9","000000"
"71885099999","2024-05-20","49.3333333","-113.5166666","1074.0","GLENWOOD, CA","  41.8","24","9999.9"," 0","9999.9"," 0","999.9"," 0","999.9"," 0","999.9"," 0","999.9","999.9","  48.6","*","  34.2","*"," 0.00","I","999.9","000000"
"71885099999","2024-05-21","49.3333333","-113.5166666","1074.0","GLENWOOD, CA","  46.3","24","9999.9"," 0","9999.9"," 0","999.9"," 0","999.9"," 0","999.9"," 0","999.9","999.9","  61.7","*","  32.4","*"," 0.00","I","999.9","000000"
"71885099999","2024-05-22","49.3333333","-113.5166666","1074.0","GLENWOOD, CA","  46.9","24","9999.9"," 0","9999.9"," 0","999.9"," 0","999.9"," 0","999.9"," 0","999.9","999.9","  60.1","*","  39.9","*"," 0.00","I","999.9","000000"
"71885099999","2024-05-23","49.3333333","-113.5166666","1074.0","GLENWOOD, CA","  43.7","24","9999.9"," 0","9999.9"," 0","999.9"," 0","999.9"," 0","999.9"," 0","999.9","999.9","  53.8","*","  33.8","*"," 0.00","I","999.9","000000"
"71885099999","2024-05-24","49.3333333","-113.5166666","1074.0","GLENWOOD, CA","  48.5","24","9999.9"," 0","9999.9"," 0","999.9"," 0","999.9"," 0","999.9"," 0","999.9","999.9","  61.0","*","  37.8","*"," 0.00","I","999.9","000000"
"71885099999","2024-05-25","49.3333333","-113.5166666","1074.0","GLENWOOD, CA","  49.0","24","9999.9"," 0","9999.9"," 0","999.9"," 0","999.9"," 0","999.9"," 0","999.9","999.9","  61.5","*","  36.7","*"," 0.00","I","999.9","000000"
"71885099999","2024-05-26","49.3333333","-113.5166666","1074.0","GLENWOOD, CA","  51.3","24","9999.9"," 0","9999.9"," 0","999.9"," 0","999.9"," 0","999.9"," 0","999.9","999.9","  60.3","*","  41.2","*"," 0.00","I","999.9","000000"
"71885099999","2024-05-27","49.3333333","-113.5166666","1074.0","GLENWOOD, CA","  52.8","24","9999.9"," 0","9999.9"," 0","999.9"," 0","999.9"," 0","999.9"," 0","999.9","999.9","  67.5","*","  39.2","*"," 0.00","I","999.9","000000"
"71885099999","2024-05-28","49.3333333","-113.5166666","1074.0","GLENWOOD, CA","  59.6","24","9999.9"," 0","9999.9"," 0","999.9"," 0","999.9"," 0","999.9"," 0","999.9","999.9","  76.5","*","  46.4","*"," 0.00","I","999.9","000000"
"71885099999","2024-05-29","49.3333333","-113.5166666","1074.0","GLENWOOD, CA","  55.8","23","9999.9"," 0","9999.9"," 0","999.9"," 0","999.9"," 0","999.9"," 0","999.9","999.9","  76.8","*","  49.8","*"," 0.00","I","999.9","000000"
"71885099999","2024-05-30","49.3333333","-113.5166666","1074.0","GLENWOOD, CA","  46.8","24","9999.9"," 0","9999.9"," 0","999.9"," 0","999.9"," 0","999.9"," 0","999.9","999.9","  58.5","*","  37.2","*"," 0.00","I","999.9","000000"
"71885099999","2024-05-31","49.3333333","-113.5166666","1074.0","GLENWOOD, CA","  48.8","24","9999.9"," 0","9999.9"," 0","999.9"," 0","999.9"," 0","999.9"," 0","999.9","999.9","  60.1","*","  37.2","*"," 0.00","I","999.9","000000"
"71885099999","2024-06-01","49.3333333","-113.5166666","1074.0","GLENWOOD, CA","  52.7","24","9999.9"," 0","9999.9"," 0","999.9"," 0","999.9"," 0","999.9"," 0","999.9","999.9","  66.0","*","  36.7","*"," 0.00","I","999.9","000000"
"71885099999","2024-06-02","49.3333333","-113.5166666","1074.0","GLENWOOD, CA","  55.5","24","9999.9"," 0","9999.9"," 0","999.9"," 0","999.9"," 0","999.9"," 0","999.9","999.9","  66.9","*","  43.2","*"," 0.00","I","999.9","000000"
"71885099999","2024-06-03","49.3333333","-113.5166666","1074.0","GLENWOOD, CA","  54.9","23","9999.9"," 0","9999.9"," 0","999.9"," 0","999.9"," 0","999.9"," 0","999.9","999.9","  64.8","*","  42.3","*"," 0.00","I","999.9","000000"
"71885099999","2024-06-04","49.3333333","-113.5166666","1074.0","GLENWOOD, CA","  53.3","24","9999.9"," 0","9999.9"," 0","999.9"," 0","999.9"," 0","999.9"," 0","999.9","999.9","  62.1","*","  46.4","*"," 0.00","I","999.9","000000"
"71885099999","2024-06-05","49.3333333","-113.5166666","1074.0","GLENWOOD, CA","  54.2","23","9999.9"," 0","9999.9"," 0","999.9"," 0","999.9"," 0","999.9"," 0","999.9","999.9","  66.0","*","  41.4","*"," 0.00","I","999.9","000000"
"71885099999","2024-06-06","49.3333333","-113.5166666","1074.0","GLENWOOD, CA","  56.6","24","9999.9"," 0","9999.9"," 0","999.9"," 0","999.9"," 0","999.9"," 0","999.9","999.9","  73.8","*","  42.8","*"," 0.00","I","999.9","000000"
"71885099999","2024-06-07","49.3333333","-113.5166666","1074.0","GLENWOOD, CA","  57.3","24","9999.9"," 0","9999.9"," 0","999.9"," 0","999.9"," 0","999.9"," 0","999.9","999.9","  74.3","*","  47.7","*"," 0.00","I","999.9","000000"
"71885099999","2024-06-08","49.3333333","-113.5166666","1074.0","GLENWOOD, CA","  53.5","24","9999.9"," 0","9999.9"," 0","999.9"," 0","999.9"," 0","999.9"," 0","999.9","999.9","  67.1","*","  43.0","*"," 0.00","I","999.9","000000"
"71885099999","2024-06-09","49.3333333","-113.5166666","1074.0","GLENWOOD, CA","  50.5","24","9999.9"," 0","9999.9"," 0","999.9"," 0","999.9"," 0","999.9"," 0","999.9","999.9","  65.5","*","  42.3","*"," 0.00","I","999.9","000000"
"71885099999","2024-06-10","49.3333333","-113.5166666","1074.0","GLENWOOD, CA","  61.3","24","9999.9"," 0","9999.9"," 0","999.9"," 0","999.9"," 0","999.9"," 0","999.9","999.9","  74.1","*","  49.3","*"," 0.00","I","999.9","000000"
"71885099999","2024-06-11","49.3333333","-113.5166666","1074.0","GLENWOOD, CA","  64.5","23","9999.9"," 0","9999.9"," 0","999.9"," 0","999.9"," 0","999.9"," 0","999.9","999.9","  79.7","*","  49.3","*"," 0.00","I","999.9","000000"
"71885099999","2024-06-12","49.3333333","-113.5166666","1074.0","GLENWOOD, CA","  63.2","24","9999.9"," 0","9999.9"," 0","999.9"," 0","999.9"," 0","999.9"," 0","999.9","999.9","  77.2","*","  47.5","*"," 0.00","I","999.9","000000"
"71885099999","2024-06-13","49.3333333","-113.5166666","1074.0","GLENWOOD, CA","  56.2","24","9999.9"," 0","9999.9"," 0","999.9"," 0","999.9"," 0","999.9"," 0","999.9","999.9","  72.0","*","  36.7","*"," 0.00","I","999.9","000000"
"71885099999","2024-06-14","49.3333333","-113.5166666","1074.0","GLENWOOD, CA","  62.3","24","9999.9"," 0","9999.9"," 0","999.9"," 0","999.9"," 0","999.9"," 0","999.9","999.9","  77.5","*","  45.9","*"," 0.00","I","999.9","000000"
"71885099999","2024-06-15","49.3333333","-113.5166666","1074.0","GLENWOOD, CA","  53.8","24","9999.9"," 0","9999.9"," 0","999.9"," 0","999.9"," 0","999.9"," 0","999.9","999.9","  74.7","*","  42.3","*"," 0.00","I","999.9","000000"
"71885099999","2024-06-16","49.3333333","-113.5166666","1074.0","GLENWOOD, CA","  47.1","24","9999.9"," 0","9999.9"," 0","999.9"," 0","999.9"," 0","999.9"," 0","999.9","999.9","  53.1","*","  41.4","*"," 0.00","I","999.9","000000"
"71885099999","2024-06-17","49.3333333","-113.5166666","1074.0","GLENWOOD, CA","  39.7","24","9999.9"," 0","9999.9"," 0","999.9"," 0","999.9"," 0","999.9"," 0","999.9","999.9","  49.1","*","  30.0","*"," 0.00","I","999.9","000000"
"71885099999","2024-06-18","49.3333333","-113.5166666","1074.0","GLENWOOD, CA","  39.5","24","9999.9"," 0","9999.9"," 0","999.9"," 0","999.9"," 0","999.9"," 0","999.9","999.9","  50.9","*","  31.6","*"," 0.00","I","999.9","000000"
"71885099999","2024-06-19","49.3333333","-113.5166666","1074.0","GLENWOOD, CA","  46.8","24","9999.9"," 0","9999.9"," 0","999.9"," 0","999.9"," 0","999.9"," 0","999.9","999.9","  59.9","*","  35.8","*"," 0.00","I","999.9","000000"
"71885099999","2024-06-20","49.3333333","-113.5166666","1074.0","GLENWOOD, CA","  52.2","24","9999.9"," 0","9999.9"," 0","999.9"," 0","999.9"," 0","999.9"," 0","999.9","999.9","  69.3","*","  34.2","*"," 0.00","I","999.9","000000"
"71885099999","2024-06-21","49.3333333","-113.5166666","1074.0","GLENWOOD, CA","  55.0","22","9999.9"," 0","9999.9"," 0","999.9"," 0","999.9"," 0","999.9"," 0","999.9","999.9","  70.2","*","  40.3","*"," 0.00","I","999.9","000000"
"71885099999","2024-06-22","49.3333333","-113.5166666","1074.0","GLENWOOD, CA","  59.4","24","9999.9"," 0","9999.9"," 0","999.9"," 0","999.9"," 0","999.9"," 0","999.9","999.9","  80.4","*","  42.6","*"," 0.00","I","999.9","000000"
"71885099999","2024-06-23","49.3333333","-113.5166666","1074.0","GLENWOOD, CA","  67.6","24","9999.9"," 0","9999.9"," 0","999.9"," 0","999.9"," 0","999.9"," 0","999.9","999.9","  82.4","*","  49.8","*"," 0.00","I","999.9","000000"
"71885099999","2024-06-24","49.3333333","-113.5166666","1074.0","GLENWOOD, CA","  64.1","22","9999.9"," 0","9999.9"," 0","999.9"," 0","999.9"," 0","999.9"," 0","999.9","999.9","  78.3","*","  46.8","*"," 0.00","I","999.9","000000"
"71885099999","2024-06-25","49.3333333","-113.5166666","1074.0","GLENWOOD, CA","  60.7","16","9999.9"," 0","9999.9"," 0","999.9"," 0","999.9"," 0","999.9"," 0","999.9","999.9","  74.7","*","  41.4","*"," 0.00","I","999.9","000000"
"71885099999","2024-06-26","49.3333333","-113.5166666","1074.0","GLENWOOD, CA","  55.1","16","9999.9"," 0","9999.9"," 0","999.9"," 0","999.9"," 0","999.9"," 0","999.9","999.9","  76.3","*","  38.3","*"," 0.00","I","999.9","000000"
"71885099999","2024-06-27","49.3333333","-113.5166666","1074.0","GLENWOOD, CA","  59.5","24","9999.9"," 0","9999.9"," 0","999.9"," 0","999.9"," 0","999.9"," 0","999.9","999.9","  72.5","*","  50.9","*"," 0.00","I","999.9","000000"
"71885099999","2024-06-28","49.3333333","-113.5166666","1074.0","GLENWOOD, CA","  52.4","24","9999.9"," 0","9999.9"," 0","999.9"," 0","999.9"," 0","999.9"," 0","999.9","999.9","  62.8","*","  44.4","*"," 0.00","I","999.9","000000"
"71885099999","2024-06-29","49.3333333","-113.5166666","1074.0","GLENWOOD, CA","  54.2","24","9999.9"," 0","9999.9"," 0","999.9"," 0","999.9"," 0","999.9"," 0","999.9","999.9","  69.8","*","  39.6","*"," 0.00","I","999.9","000000"
"71885099999","2024-06-30","49.3333333","-113.5166666","1074.0","GLENWOOD, CA","  59.0","24","9999.9"," 0","9999.9"," 0","999.9"," 0","999.9"," 0","999.9"," 0","999.9","999.9","  70.5","*","  50.0","*"," 0.00","I","999.9","000000"
"71885099999","2024-07-01","49.3333333","-113.5166666","1074.0","GLENWOOD, CA","  55.8","24","9999.9"," 0","9999.9"," 0","999.9"," 0","999.9"," 0","999.9"," 0","999.9","999.9","  64.2","*","  49.1","*"," 0.00","I","999.9","000000"
"71885099999","2024-07-02","49.3333333","-113.5166666","1074.0","GLENWOOD, CA","  58.3","24","9999.9"," 0","9999.9"," 0","999.9"," 0","999.9"," 0","999.9"," 0","999.9","999.9","  70.5","*","  46.6","*"," 0.00","I","999.9","000000"
"71885099999","2024-07-03","49.3333333","-113.5166666","1074.0","GLENWOOD, CA","  55.0","24","9999.9"," 0","9999.9"," 0","999.9"," 0","999.9"," 0","999.9"," 0","999.9","999.9","  66.7","*","  49.1","*"," 0.00","I","999.9","000000"
"71885099999","2024-07-04","49.3333333","-113.5166666","1074.0","GLENWOOD, CA","  57.7","24","9999.9"," 0","9999.9"," 0","999.9"," 0","999.9"," 0","999.9"," 0","999.9","999.9","  71.1","*","  50.9","*"," 0.00","I","999.9","000000"
"71885099999","2024-07-05","49.3333333","-113.5166666","1074.0","GLENWOOD, CA","  59.6","24","9999.9"," 0","9999.9"," 0","999.9"," 0","999.9"," 0","999.9"," 0","999.9","999.9","  74.8","*","  46.0","*"," 0.00","I","999.9","000000"
"71885099999","2024-07-06","49.3333333","-113.5166666","1074.0","GLENWOOD, CA","  62.9","24","9999.9"," 0","9999.9"," 0","999.9"," 0","999.9"," 0","999.9"," 0","999.9","999.9","  72.5","*","  53.1","*"," 0.00","I","999.9","000000"
"71885099999","2024-07-07","49.3333333","-113.5166666","1074.0","GLENWOOD, CA","  63.6","24","9999.9"," 0","9999.9"," 0","999.9"," 0","999.9"," 0","999.9"," 0","999.9","999.9","  79.9","*","  44.6","*"," 0.00","I","999.9","000000"
"71885099999","2024-07-08","49.3333333","-113.5166666","1074.0","GLENWOOD, CA","  70.9","24","9999.9"," 0","9999.9"," 0","999.9"," 0","999.9"," 0","999.9"," 0","999.9","999.9","  85.1","*","  55.4","*"," 0.00","I","999.9","000000"
"71885099999","2024-07-09","49.3333333","-113.5166666","1074.0","GLENWOOD, CA","  69.4","24","9999.9"," 0","9999.9"," 0","999.9"," 0","999.9"," 0","999.9"," 0","999.9","999.9","  87.1","*","  51.6","*"," 0.00","I","999.9","000000"
"71885099999","2024-07-10","49.3333333","-113.5166666","1074.0","GLENWOOD, CA","  71.1","20","9999.9"," 0","9999.9"," 0","999.9"," 0","999.9"," 0","999.9"," 0","999.9","999.9","  92.1","*","  56.3","*"," 0.00","I","999.9","000000"
"71885099999","2024-07-11","49.3333333","-113.5166666","1074.0","GLENWOOD, CA","  76.1","10","9999.9"," 0","9999.9"," 0","999.9"," 0","999.9"," 0","999.9"," 0","999.9","999.9","  92.8","*","  61.9","*"," 0.00","I","999.9","000000"
"71885099999","2024-07-12","49.3333333","-113.5166666","1074.0","GLENWOOD, CA","  65.9"," 9","9999.9"," 0","9999.9"," 0","999.9"," 0","999.9"," 0","999.9"," 0","999.9","999.9","  75.2","*","  59.2","*"," 0.00","I","999.9","000000"
"71885099999","2024-07-13","49.3333333","-113.5166666","1074.0","GLENWOOD, CA","  63.2","13","9999.9"," 0","9999.9"," 0","999.9"," 0","999.9"," 0","999.9"," 0","999.9","999.9","  84.6","*","  50.0","*"," 0.00","I","999.9","000000"
"71885099999","2024-07-14","49.3333333","-113.5166666","1074.0","GLENWOOD, CA","  70.6","10","9999.9"," 0","9999.9"," 0","999.9"," 0","999.9"," 0","999.9"," 0","999.9","999.9","  85.6","*","  54.5","*"," 0.00","I","999.9","000000"
"71885099999","2024-07-15","49.3333333","-113.5166666","1074.0","GLENWOOD, CA","  63.2","15","9999.9"," 0","9999.9"," 0","999.9"," 0","999.9"," 0","999.9"," 0","999.9","999.9","  86.4","*","  46.8","*"," 0.00","I","999.9","000000"
"71885099999","2024-07-16","49.3333333","-113.5166666","1074.0","GLENWOOD, CA","  68.5","13","9999.9"," 0","9999.9"," 0","999.9"," 0","999.9"," 0","999.9"," 0","999.9","999.9","  84.6","*","  54.3","*"," 0.00","I","999.9","000000"
"71885099999","2024-07-17","49.3333333","-113.5166666","1074.0","GLENWOOD, CA","  70.7","16","9999.9"," 0","9999.9"," 0","999.9"," 0","999.9"," 0","999.9"," 0","999.9","999.9","  89.6","*","  53.4","*"," 0.00","I","999.9","000000"
"71885099999","2024-07-18","49.3333333","-113.5166666","1074.0","GLENWOOD, CA","  71.8","15","9999.9"," 0","9999.9"," 0","999.9"," 0","999.9"," 0","999.9"," 0","999.9","999.9","  90.0","*","  57.6","*"," 0.00","I","999.9","000000"
"71885099999","2024-07-19","49.3333333","-113.5166666","1074.0","GLENWOOD, CA","  69.5","14","9999.9"," 0","9999.9"," 0","999.9"," 0","999.9"," 0","999.9"," 0","999.9","999.9","  88.2","*","  52.2","*"," 0.00","I","999.9","000000"
"71885099999","2024-07-20","49.3333333","-113.5166666","1074.0","GLENWOOD, CA","  69.2","10","9999.9"," 0","9999.9"," 0","999.9"," 0","999.9"," 0","999.9"," 0","999.9","999.9","  86.2","*","  56.1","*"," 0.00","I","999.9","000000"
"71885099999","2024-07-21","49.3333333","-113.5166666","1074.0","GLENWOOD, CA","  68.7","11","9999.9"," 0","9999.9"," 0","999.9"," 0","999.9"," 0","999.9"," 0","999.9","999.9","  87.8","*","  52.2","*"," 0.00","I","999.9","000000"
"71885099999","2024-07-22","49.3333333","-113.5166666","1074.0","GLENWOOD, CA","  72.0","14","9999.9"," 0","9999.9"," 0","999.9"," 0","999.9"," 0","999.9"," 0","999.9","999.9","  90.3","*","  54.3","*"," 0.00","I","999.9","000000"
"71885099999","2024-07-23","49.3333333","-113.5166666","1074.0","GLENWOOD, CA","  75.2","19","9999.9"," 0","9999.9"," 0","999.9"," 0","999.9"," 0","999.9"," 0","999.9","999.9","  93.0","*","  57.6","*"," 0.00","I","999.9","000000"
"71885099999","2024-07-24","49.3333333","-113.5166666","1074.0","GLENWOOD, CA","  72.5","24","9999.9"," 0","9999.9"," 0","999.9"," 0","999.9"," 0","999.9"," 0","999.9","999.9","  93.6","*","  51.3","*"," 0.00","I","999.9","000000"
"71885099999","2024-07-25","49.3333333","-113.5166666","1074.0","GLENWOOD, CA","  75.3","23","9999.9"," 0","9999.9"," 0","999.9"," 0","999.9"," 0","999.9"," 0","999.9","999.9","  89.1","*","  57.6","*"," 0.00","I","999.9","000000"
"71885099999","2024-07-26","49.3333333","-113.5166666","1074.0","GLENWOOD, CA","  62.0","24","9999.9"," 0","9999.9"," 0","999.9"," 0","999.9"," 0","999.9"," 0","999.9","999.9","  77.2","*","  45.7","*"," 0.00","I","999.9","000000"
"71885099999","2024-07-27","49.3333333","-113.5166666","1074.0","GLENWOOD, CA","  61.0","24","9999.9"," 0","9999.9"," 0","999.9"," 0","999.9"," 0","999.9"," 0","999.9","999.9","  75.0","*","  43.9","*"," 0.00","I","999.9","000000"
"71885099999","2024-07-28","49.3333333","-113.5166666","1074.0","GLENWOOD, CA","  63.3","24","9999.9"," 0","9999.9"," 0","999.9"," 0","999.9"," 0","999.9"," 0","999.9","999.9","  80.8","*","  47.5","*"," 0.00","I","999.9","000000"
"71885099999","2024-07-29","49.3333333","-113.5166666","1074.0","GLENWOOD, CA","  68.0","24","9999.9"," 0","9999.9"," 0","999.9"," 0","999.9"," 0","999.9"," 0","999.9","999.9","  83.7","*","  52.2","*"," 0.00","I","999.9","000000"
"71885099999","2024-07-30","49.3333333","-113.5166666","1074.0","GLENWOOD, CA","  68.4","24","9999.9"," 0","9999.9"," 0","999.9"," 0","999.9"," 0","999.9"," 0","999.9","999.9","  79.0","*","  52.7","*"," 0.00","I","999.9","000000"
"71885099999","2024-07-31","49.3333333","-113.5166666","1074.0","GLENWOOD, CA","  68.5","23","9999.9"," 0","9999.9"," 0","999.9"," 0","999.9"," 0","999.9"," 0","999.9","999.9","  82.8","*","  57.2","*"," 0.00","I","999.9","000000"
"71885099999","2024-08-01","49.3333333","-113.5166666","1074.0","GLENWOOD, CA","  65.2","14","9999.9"," 0","9999.9"," 0","999.9"," 0","999.9"," 0","999.9"," 0","999.9","999.9","  82.9","*","  47.1","*"," 0.00","I","999.9","000000"
