"STATION","DATE","LATITUDE","LONGITUDE","ELEVATION","NAME","TEMP","TEMP_ATTRIBUTES","DEWP","DEWP_ATTRIBUTES","SLP","SLP_ATTRIBUTES","STP","STP_ATTRIBUTES","VISIB","VISIB_ATTRIBUTES","WDSP","WDSP_ATTRIBUTES","MXSPD","GUST","MAX","MAX_ATTRIBUTES","MIN","MIN_ATTRIBUTES","PRCP","PRCP_ATTRIBUTES","SNDP","FRSHTT"
"72254203999","2024-01-01","30.74067","-98.23539","386.1","BURNET MUNICIPAL AIRPORT, TX US","  47.6","24","  37.8","24","1023.3","24","978.3","18"," 10.0","24","  6.0","24"," 12.0"," 20.0","  64.9"," ","  37.0"," "," 0.00","G","999.9","000000"
"72254203999","2024-01-02","30.74067","-98.23539","386.1","BURNET MUNICIPAL AIRPORT, TX US","  42.0","24","  35.9","24","1024.0","18","976.7","23","  9.1","24","  5.6","24","  9.9","999.9","  50.0"," ","  36.0"," "," 0.00","G","999.9","010000"
"72254203999","2024-01-03","30.74067","-98.23539","386.1","BURNET MUNICIPAL AIRPORT, TX US","  44.0","24","  42.7","24","1021.1","14","974.4","23","  8.6","24","  5.3","24","  8.9","999.9","  48.9"," ","  42.1"," "," 0.68","G","999.9","010000"
"72254203999","2024-01-04","30.74067","-98.23539","386.1","BURNET MUNICIPAL AIRPORT, TX US","  46.7","24","  43.3","24","1019.7","15","973.2","23","  9.8","24","  4.9","24","  8.9"," 14.0","  52.0"," ","  43.0"," "," 0.00","G","999.9","000000"
"72254203999","2024-01-05","30.74067","-98.23539","386.1","BURNET MUNICIPAL AIRPORT, TX US","  51.4","24","  44.4","24","1012.0","16","966.7","24","  6.6","24","  5.0","24"," 13.0"," 19.0","  61.0"," ","  45.0"," "," 0.50","G","999.9","110000"
"72254203999","2024-01-06","30.74067","-98.23539","386.1","BURNET MUNICIPAL AIRPORT, TX US","  45.6","24","  37.3","24","1013.4","24","967.3","23"," 10.0","24","  2.7","24","  6.0","999.9","  60.1"," ","  33.1"," "," 0.13","G","999.9","000000"
"72254203999","2024-01-07","30.74067","-98.23539","386.1","BURNET MUNICIPAL AIRPORT, TX US","  45.0","24","  35.8","24","1018.5","24","972.0","23"," 10.0","24","  4.0","24"," 11.1"," 22.0","  61.0"," ","  32.0"," "," 0.00","G","999.9","000000"
"72254203999","2024-01-08","30.74067","-98.23539","386.1","BURNET MUNICIPAL AIRPORT, TX US","  54.9","24","  45.2","24","1006.3","15","960.0","24","  8.3","24"," 12.7","24"," 19.0"," 38.1","  61.0"," ","  48.9"," "," 0.01","G","999.9","110010"
"72254203999","2024-01-09","30.74067","-98.23539","386.1","BURNET MUNICIPAL AIRPORT, TX US","  45.8","24","  21.3","24","1011.5","24","965.6","23","  9.9","24"," 15.8","24"," 24.1"," 44.1","  55.0"," ","  37.9"," "," 0.34","G","999.9","010000"
"72254203999","2024-01-10","30.74067","-98.23539","386.1","BURNET MUNICIPAL AIRPORT, TX US","  45.1","24","  25.1","24","1011.4","24","965.1","23"," 10.0","24","  4.5","24"," 15.9"," 27.0","  66.0"," ","  32.0"," "," 0.00","G","999.9","000000"
"72254203999","2024-01-11","30.74067","-98.23539","386.1","BURNET MUNICIPAL AIRPORT, TX US","  51.7","23","  37.4","23","1006.7","23","961.0","22"," 10.0","23","  3.2","23"," 14.0"," 28.0","  73.0","*","  37.0","*"," 0.00","G","999.9","000000"
"72254203999","2024-01-12","30.74067","-98.23539","386.1","BURNET MUNICIPAL AIRPORT, TX US","  51.7","24","  31.4","24","1009.1","23","963.5","23"," 10.0","24"," 11.0","24"," 21.0"," 35.9","  63.0"," ","  35.1"," "," 0.00","G","999.9","000000"
"72254203999","2024-01-13","30.74067","-98.23539","386.1","BURNET MUNICIPAL AIRPORT, TX US","  42.7","24","  26.6","24","1016.0","24","969.5","23"," 10.0","24","  4.1","24"," 12.0"," 22.0","  60.1"," ","  32.0"," "," 0.00","G","999.9","000000"
"72254203999","2024-01-14","30.74067","-98.23539","386.1","BURNET MUNICIPAL AIRPORT, TX US","  26.1","24","  16.2","24","1022.0","22","974.9","23","  9.9","24","  8.5","24"," 13.0"," 25.1","  54.0"," ","  18.0"," "," 0.00","G","999.9","000000"
"72254203999","2024-01-15","30.74067","-98.23539","386.1","BURNET MUNICIPAL AIRPORT, TX US","  17.6","24","  13.2","24","1023.4","14","975.5","24","  8.0","24","  8.4","24"," 12.0"," 18.1","  24.1"," ","  14.0"," "," 0.00","G","999.9","001000"
"72254203999","2024-01-16","30.74067","-98.23539","386.1","BURNET MUNICIPAL AIRPORT, TX US","  21.3","24","   4.7","24","1030.7","23","981.8","24"," 10.0","24","  9.4","24"," 14.0"," 25.1","  32.0"," ","  16.0"," "," 0.00","G","999.9","000000"
"72254203999","2024-01-17","30.74067","-98.23539","386.1","BURNET MUNICIPAL AIRPORT, TX US","  27.3","24","   8.4","24","1026.3","24","978.3","23"," 10.0","24","  4.6","24"," 14.0"," 22.9","  46.9"," ","  16.0"," "," 0.00","G","999.9","000000"
"72254203999","2024-01-18","30.74067","-98.23539","386.1","BURNET MUNICIPAL AIRPORT, TX US","  44.3","23","  21.1","23","1015.8","23","969.1","22"," 10.0","23","  6.0","23","  9.9"," 15.0","  71.1","*","  30.9","*"," 0.00","G","999.9","000000"
"72254203999","2024-01-19","30.74067","-98.23539","386.1","BURNET MUNICIPAL AIRPORT, TX US","  40.2"," 5","  11.4"," 5","1030.9"," 5","983.7"," 5"," 10.0"," 5","  9.9"," 5"," 14.0"," 19.0","  42.1","*","  37.0","*"," 0.00","G","999.9","000000"
"72254203999","2024-01-20","30.74067","-98.23539","386.1","BURNET MUNICIPAL AIRPORT, TX US","  30.2","24","   8.5","24","1032.9","24","985.3","23"," 10.0","24","  7.1","24"," 12.0"," 18.1","  41.0"," ","  21.9"," "," 0.00","G","999.9","000000"
"72254203999","2024-01-21","30.74067","-98.23539","386.1","BURNET MUNICIPAL AIRPORT, TX US","  36.6","24","  20.4","24","1028.9","19","980.8","23","  9.0","24","  5.8","24","  9.9","999.9","  39.9"," ","  35.1"," "," 0.00","G","999.9","000000"
"72254203999","2024-01-22","30.74067","-98.23539","386.1","BURNET MUNICIPAL AIRPORT, TX US","  42.8","24","  42.7","24","1018.8","10","971.7","24","  4.3","24","  4.5","24","  8.0","999.9","  54.0"," ","  35.1"," "," 0.51","G","999.9","110000"
"72254203999","2024-01-23","30.74067","-98.23539","386.1","BURNET MUNICIPAL AIRPORT, TX US","  53.3","24","  53.2","24","1015.0","11","968.6","24","  2.7","24","  3.4","24","  7.0","999.9","  60.1"," ","  50.0"," "," 0.50","G","999.9","110010"
"72254203999","2024-01-24","30.74067","-98.23539","386.1","BURNET MUNICIPAL AIRPORT, TX US","  52.6","24","  52.6","24","1015.2"," 9","969.3","24","  2.7","24","  4.6","24","  8.9","999.9","  57.9","*","  51.1","*"," 0.04","G","999.9","110000"
"72254203999","2024-01-25","30.74067","-98.23539","386.1","BURNET MUNICIPAL AIRPORT, TX US","  53.6","24","  51.3","24","1016.9","13","971.5","24","  7.3","24","  3.4","24","  8.9","999.9","  63.0","*","  48.2","*"," 0.21","G","999.9","110000"
"72254203999","2024-01-26","30.74067","-98.23539","386.1","BURNET MUNICIPAL AIRPORT, TX US","  51.5","24","  50.3","24","1016.1","12","970.3","24","  4.1","24","  4.0","24","  8.9","999.9","  59.0"," ","  46.9"," "," 0.00","G","999.9","100000"
"72254203999","2024-01-27","30.74067","-98.23539","386.1","BURNET MUNICIPAL AIRPORT, TX US","  51.5","24","  45.9","24","1022.7","18","975.5","24","  7.9","20","  9.4","24"," 15.9"," 25.1","  62.1"," ","  46.0"," "," 0.00","G","999.9","000000"
"72254203999","2024-01-28","30.74067","-98.23539","386.1","BURNET MUNICIPAL AIRPORT, TX US","  50.4","24","  37.6","24","1028.6","24","982.0","23","999.9"," 0","  4.0","24","  8.9","999.9","  64.9"," ","  37.0"," "," 0.00","G","999.9","000000"
"72254203999","2024-01-29","30.74067","-98.23539","386.1","BURNET MUNICIPAL AIRPORT, TX US","  50.8","24","  36.7","24","1027.3","22","980.7","21","  9.6"," 5","  1.8","23","  7.0","999.9","  70.0"," ","  36.0"," "," 0.00","G","999.9","000000"
"72254203999","2024-01-30","30.74067","-98.23539","386.1","BURNET MUNICIPAL AIRPORT, TX US","  54.5","24","  38.9","24","1023.8","24","977.6","23"," 10.0","24","  1.8","23","  8.9","999.9","  71.1"," ","  41.0"," "," 0.00","G","999.9","000000"
"72254203999","2024-01-31","30.74067","-98.23539","386.1","BURNET MUNICIPAL AIRPORT, TX US","  54.6","24","  39.2","24","1022.9","24","976.7","23"," 10.0","24","  2.5","24","  8.0"," 17.1","  73.0"," ","  39.9"," "," 0.00","G","999.9","000000"
"72254203999","2024-02-01","30.74067","-98.23539","386.1","BURNET MUNICIPAL AIRPORT, TX US","  57.1","24","  45.6","24","1018.9","24","972.9","23"," 10.0","24","  3.7","24"," 12.0"," 21.0","  70.0"," ","  46.0"," "," 0.00","G","999.9","000000"
"72254203999","2024-02-02","30.74067","-98.23539","386.1","BURNET MUNICIPAL AIRPORT, TX US","  61.4","24","  58.3","24","1010.9","17","965.1","23","  8.8","24","  7.5","24"," 15.9"," 31.1","  66.9"," ","  55.9"," "," 0.00","G","999.9","010000"
"72254203999","2024-02-03","30.74067","-98.23539","386.1","BURNET MUNICIPAL AIRPORT, TX US","  59.8","24","  50.1","24","1003.9","22","958.9","24"," 10.0","24","  6.8","24"," 18.1"," 28.0","  69.1"," ","  52.0"," "," 0.13","G","999.9","010000"
"72254203999","2024-02-04","30.74067","-98.23539","386.1","BURNET MUNICIPAL AIRPORT, TX US","  55.6","24","  35.5","24","1003.4","24","958.3","23"," 10.0","24","  9.7","24"," 22.0"," 40.0","  64.9"," ","  48.0"," "," 0.09","G","999.9","000000"
"72254203999","2024-02-05","30.74067","-98.23539","386.1","BURNET MUNICIPAL AIRPORT, TX US","  55.5","24","  42.5","24","1016.3","22","970.8","23"," 10.0","24"," 11.2","24"," 15.9"," 26.0","  64.9"," ","  48.9"," "," 0.00","G","999.9","000000"
"72254203999","2024-02-06","30.74067","-98.23539","386.1","BURNET MUNICIPAL AIRPORT, TX US","  54.0","24","  39.6","24","1020.9","24","974.9","23"," 10.0","24","  3.7","24","  6.0","999.9","  68.0"," ","  41.0"," "," 0.00","G","999.9","000000"
"72254203999","2024-02-07","30.74067","-98.23539","386.1","BURNET MUNICIPAL AIRPORT, TX US","  55.7","24","  43.5","24","1015.6","24","969.7","23"," 10.0","24","  6.1","24"," 18.1"," 27.0","  66.0"," ","  46.9"," "," 0.00","G","999.9","000000"
"72254203999","2024-02-08","30.74067","-98.23539","386.1","BURNET MUNICIPAL AIRPORT, TX US","  62.2","24","  50.8","24","1013.8","22","968.5","23"," 10.0","24","  3.7","24","  8.9"," 19.0","  70.0"," ","  55.0"," "," 0.00","G","999.9","010000"
"72254203999","2024-02-09","30.74067","-98.23539","386.1","BURNET MUNICIPAL AIRPORT, TX US","  61.9","24","  52.7","24","1013.6","22","968.1","23","  9.2","24","  1.9","24","  7.0","999.9","  72.0"," ","  55.0"," "," 0.00","G","999.9","000000"
"72254203999","2024-02-10","30.74067","-98.23539","386.1","BURNET MUNICIPAL AIRPORT, TX US","  61.0","24","  59.0","24","1011.2","12","965.7","24","  8.7","24","  5.2","24"," 12.0"," 19.0","  68.0","*","  55.4","*"," 0.12","G","999.9","010010"
"72254203999","2024-02-11","30.74067","-98.23539","386.1","BURNET MUNICIPAL AIRPORT, TX US","  53.2","24","  51.5","24","1008.8","14","962.8","23","  7.9","24","  8.1","24"," 15.0"," 26.0","  57.9"," ","  48.0"," "," 1.11","G","999.9","110010"
"72254203999","2024-02-12","30.74067","-98.23539","386.1","BURNET MUNICIPAL AIRPORT, TX US","  45.4","24","  34.8","24","1018.3","20","971.6","24"," 10.0","24"," 13.2","24"," 17.1"," 29.9","  57.0"," ","  39.0"," "," 0.29","G","999.9","000000"
"72254203999","2024-02-13","30.74067","-98.23539","386.1","BURNET MUNICIPAL AIRPORT, TX US","  47.8","24","  35.2","24","1021.2","24","974.7","23"," 10.0","24","  3.0","24","  9.9"," 14.0","  66.9"," ","  34.0"," "," 0.00","G","999.9","000000"
"72254203999","2024-02-14","30.74067","-98.23539","386.1","BURNET MUNICIPAL AIRPORT, TX US","  53.9","24","  43.5","24","1020.3","23","974.1","23"," 10.0","24","  4.5","24","  9.9"," 18.1","  64.0"," ","  45.0"," "," 0.00","G","999.9","000000"
"72254203999","2024-02-15","30.74067","-98.23539","386.1","BURNET MUNICIPAL AIRPORT, TX US","  60.6","24","  54.3","24","1019.7","19","974.1","24"," 10.0","24","  5.4","24","  8.0","999.9","  68.0"," ","  55.9"," "," 0.00","G","999.9","000000"
"72254203999","2024-02-16","30.74067","-98.23539","386.1","BURNET MUNICIPAL AIRPORT, TX US","  63.0","24","  55.5","24","1015.0","24","969.6","23"," 10.0","24","  5.8","24"," 13.0"," 19.0","  73.9"," ","  57.9"," "," 0.00","G","999.9","000000"
"72254203999","2024-02-17","30.74067","-98.23539","386.1","BURNET MUNICIPAL AIRPORT, TX US","  43.1","24","  30.9","24","1022.3","22","976.2","23"," 10.0","24"," 11.1","24"," 15.9"," 27.0","  59.0"," ","  35.1"," "," 0.00","G","999.9","000000"
"72254203999","2024-02-18","30.74067","-98.23539","386.1","BURNET MUNICIPAL AIRPORT, TX US","  40.2","24","  22.5","24","1025.7","24","978.6","23"," 10.0","24","  5.3","24","  8.0"," 15.9","  55.0"," ","  30.0"," "," 0.00","G","999.9","000000"
"72254203999","2024-02-19","30.74067","-98.23539","386.1","BURNET MUNICIPAL AIRPORT, TX US","  48.5","24","  32.0","24","1020.4","24","973.9","23"," 10.0","24","  4.0","24"," 11.1"," 17.1","  70.0"," ","  36.0"," "," 0.00","G","999.9","000000"
"72254203999","2024-02-20","30.74067","-98.23539","386.1","BURNET MUNICIPAL AIRPORT, TX US","  59.8","24","  43.7","24","1021.2","24","975.2","23"," 10.0","24","  3.8","24"," 11.1"," 21.0","  81.0"," ","  43.0"," "," 0.00","G","999.9","000000"
"72254203999","2024-02-21","30.74067","-98.23539","386.1","BURNET MUNICIPAL AIRPORT, TX US","  66.1","24","  55.1","24","1018.1","20","972.9","23","  9.8","24","  7.9","24"," 17.1"," 29.9","  79.0"," ","  55.9"," "," 0.00","G","999.9","000000"
"72254203999","2024-02-22","30.74067","-98.23539","386.1","BURNET MUNICIPAL AIRPORT, TX US","  69.4","24","  53.2","24","1010.6","20","965.8","23"," 10.0","24","  9.7","24"," 19.0"," 32.1","  84.0"," ","  62.1"," "," 0.00","G","999.9","000000"
"72254203999","2024-02-23","30.74067","-98.23539","386.1","BURNET MUNICIPAL AIRPORT, TX US","  64.8","24","  36.9","24","1016.2","24","971.1","23"," 10.0","24","  7.6","24"," 12.0"," 22.0","  78.1"," ","  54.0"," "," 0.00","G","999.9","000000"
"72254203999","2024-02-24","30.74067","-98.23539","386.1","BURNET MUNICIPAL AIRPORT, TX US","  61.4","24","  36.8","24","1020.7","24","975.0","23"," 10.0","24","  4.1","24"," 11.1"," 15.9","  77.0"," ","  43.0"," "," 0.00","G","999.9","000000"
"72254203999","2024-02-25","30.74067","-98.23539","386.1","BURNET MUNICIPAL AIRPORT, TX US","  66.2","24","  44.5","24","1016.2","24","970.8","23"," 10.0","24","  6.5","24"," 12.0"," 20.0","  86.0"," ","  50.0"," "," 0.00","G","999.9","000000"
"72254203999","2024-02-26","30.74067","-98.23539","386.1","BURNET MUNICIPAL AIRPORT, TX US","  70.6","24","  52.0","24","1012.6","24","967.6","23"," 10.0","24","  3.8","24"," 12.0"," 21.0","  91.9"," ","  54.0"," "," 0.00","G","999.9","000000"
"72254203999","2024-02-27","30.74067","-98.23539","386.1","BURNET MUNICIPAL AIRPORT, TX US","  71.7","24","  64.5","24","1006.9","22","962.4","23","  8.1","24","  5.6","23","  9.9"," 17.1","  84.9"," ","  64.9"," "," 0.00","G","999.9","000000"
"72254203999","2024-02-28","30.74067","-98.23539","386.1","BURNET MUNICIPAL AIRPORT, TX US","  58.6","24","  42.8","24","1016.3","24","971.3","23","  9.3","24","  8.4","24"," 15.9"," 28.0","  79.0"," ","  46.9"," "," 0.00","G","999.9","000000"
"72254203999","2024-02-29","30.74067","-98.23539","386.1","BURNET MUNICIPAL AIRPORT, TX US","  43.4","24","  26.6","24","1026.6","21","979.3","23"," 10.0","24","  6.8","24"," 13.0"," 20.0","  46.9"," ","  39.0"," "," 0.00","G","999.9","010000"
"72254203999","2024-03-01","30.74067","-98.23539","386.1","BURNET MUNICIPAL AIRPORT, TX US","  50.1","24","  38.5","24","1019.6","23","973.3","24"," 10.0","24","  3.0","24","  6.0","999.9","  75.0"," ","  34.0"," "," 0.00","G","999.9","000000"
"72254203999","2024-03-02","30.74067","-98.23539","386.1","BURNET MUNICIPAL AIRPORT, TX US","  62.1","24","  47.2","24","1015.9","24","970.2","23"," 10.0","24","  4.0","23"," 11.1"," 17.1","  82.9"," ","  44.1"," "," 0.00","G","999.9","000000"
"72254203999","2024-03-03","30.74067","-98.23539","386.1","BURNET MUNICIPAL AIRPORT, TX US","  68.3","24","  58.2","24","1011.5","22","966.6","23"," 10.0","24","  8.5","24"," 13.0"," 22.9","  79.0"," ","  61.0"," "," 0.00","G","999.9","000000"
"72254203999","2024-03-04","30.74067","-98.23539","386.1","BURNET MUNICIPAL AIRPORT, TX US","  70.9","24","  62.1","24","1009.4","16","965.0","23","  9.0","24","  6.8","24"," 12.0"," 27.0","  81.0"," ","  64.0"," "," 0.00","G","999.9","000000"
"72254203999","2024-03-05","30.74067","-98.23539","386.1","BURNET MUNICIPAL AIRPORT, TX US","  70.6","24","  52.8","24","1009.4","23","964.6","23","  8.7","24","  4.7","24"," 12.0"," 17.1","  87.1"," ","  57.0"," "," 0.00","G","999.9","000000"
"72254203999","2024-03-06","30.74067","-98.23539","386.1","BURNET MUNICIPAL AIRPORT, TX US","  69.1","24","  51.5","24","1010.5","24","965.6","23","  9.9","24","  5.5","24"," 11.1"," 22.0","  84.0"," ","  57.0"," "," 0.00","G","999.9","000000"
"72254203999","2024-03-07","30.74067","-98.23539","386.1","BURNET MUNICIPAL AIRPORT, TX US","  68.0","24","  61.5","24","1007.6","19","962.9","23","  8.8","24","  6.4","24","  9.9"," 26.0","  79.0"," ","  64.0"," "," 0.00","G","999.9","000000"
"72254203999","2024-03-08","30.74067","-98.23539","386.1","BURNET MUNICIPAL AIRPORT, TX US","  67.9","24","  58.5","24","1006.6","17","961.4","24","  9.0","24","  8.9","24"," 22.0"," 41.0","  78.1"," ","  57.9"," "," 0.04","G","999.9","010010"
"72254203999","2024-03-09","30.74067","-98.23539","386.1","BURNET MUNICIPAL AIRPORT, TX US","  50.2","24","  40.0","24","1020.2","19","974.1","23"," 10.0","24"," 11.6","24"," 15.0"," 26.0","  64.0"," ","  43.0"," "," 0.08","G","999.9","000000"
"72254203999","2024-03-10","30.74067","-98.23539","386.1","BURNET MUNICIPAL AIRPORT, TX US","  52.8","24","  35.3","24","1024.2","24","977.9","23"," 10.0","24","  3.2","23","  7.0"," 15.9","  66.9"," ","  39.0"," "," 0.00","G","999.9","000000"
"72254203999","2024-03-11","30.74067","-98.23539","386.1","BURNET MUNICIPAL AIRPORT, TX US","  60.0","24","  40.8","24","1022.1","24","976.2","23"," 10.0","24","  3.6","23","  8.0"," 19.0","  72.0"," ","  51.1"," "," 0.00","G","999.9","000000"
"72254203999","2024-03-12","30.74067","-98.23539","386.1","BURNET MUNICIPAL AIRPORT, TX US","  65.3","24","  55.9","24","1016.7","22","971.3","23"," 10.0","24","  8.3","24"," 13.0"," 22.9","  77.0"," ","  57.0"," "," 0.00","G","999.9","000000"
"72254203999","2024-03-13","30.74067","-98.23539","386.1","BURNET MUNICIPAL AIRPORT, TX US","  70.4","24","  62.4","24","1009.5","18","965.0","24"," 10.0","24","  8.4","24"," 13.0"," 20.0","  82.9","*","  64.4","*"," 0.00","G","999.9","000000"
"72254203999","2024-03-14","30.74067","-98.23539","386.1","BURNET MUNICIPAL AIRPORT, TX US","  73.0","24","  66.3","24","1006.9","21","962.3","23"," 10.0","24","  9.7","23"," 14.0"," 28.0","  81.0"," ","  69.1"," "," 0.00","G","999.9","010000"
"72254203999","2024-03-15","30.74067","-98.23539","386.1","BURNET MUNICIPAL AIRPORT, TX US","  68.2","24","  63.1","24","1013.5","13","967.6","23","  8.1","24","  6.4","24"," 19.0"," 28.9","  73.9"," ","  62.1"," "," 0.00","G","999.9","010000"
"72254203999","2024-03-16","30.74067","-98.23539","386.1","BURNET MUNICIPAL AIRPORT, TX US","  61.1","22","  58.5","22","1015.4","12","969.5","21","  7.5","22","  7.2","21"," 11.1"," 20.0","  68.0","*","  57.2","*"," 0.00","G","999.9","010000"
"72254203999","2024-03-17","30.74067","-98.23539","386.1","BURNET MUNICIPAL AIRPORT, TX US","  59.9","24","  59.0","24","1013.5"," 9","968.2","24","  7.9","24","  7.1","24"," 13.0"," 22.0","  64.0"," ","  57.0"," "," 0.45","G","999.9","010010"
"72254203999","2024-03-18","30.74067","-98.23539","386.1","BURNET MUNICIPAL AIRPORT, TX US","  56.1","24","  43.4","24","1022.2","21","975.5","24"," 10.0","24","  7.7","24"," 12.0"," 22.0","  64.0"," ","  50.0"," "," 0.34","G","999.9","010000"
"72254203999","2024-03-19","30.74067","-98.23539","386.1","BURNET MUNICIPAL AIRPORT, TX US","  53.4","24","  38.0","24","1023.6","24","977.3","23"," 10.0","24","  3.3","24","  8.9"," 15.9","  66.0"," ","  43.0"," "," 0.00","G","999.9","000000"
"72254203999","2024-03-20","30.74067","-98.23539","386.1","BURNET MUNICIPAL AIRPORT, TX US","  56.1","24","  45.4","24","1017.8","22","971.6","23"," 10.0","24","  5.2","23"," 11.1"," 18.1","  66.2","*","  46.0","*"," 0.00","G","999.9","000000"
"72254203999","2024-03-21","30.74067","-98.23539","386.1","BURNET MUNICIPAL AIRPORT, TX US","  60.2","24","  57.7","24","1013.6","14","967.9","23","  6.3","24","  4.1","24","  9.9","999.9","  63.0","*","  57.2","*"," 0.00","G","999.9","010000"
"72254203999","2024-03-22","30.74067","-98.23539","386.1","BURNET MUNICIPAL AIRPORT, TX US","  60.9","24","  54.3","24","1011.5","22","965.9","24","  5.8","24","  6.1","24"," 13.0"," 28.9","  77.0"," ","  51.1"," "," 0.13","G","999.9","110000"
"72254203999","2024-03-23","30.74067","-98.23539","386.1","BURNET MUNICIPAL AIRPORT, TX US","  58.8","24","  52.1","24","1017.5","22","972.1","23"," 10.0","24","  3.4","24","  9.9"," 15.0","  71.1"," ","  50.0"," "," 0.00","G","999.9","000000"
"72254203999","2024-03-24","30.74067","-98.23539","386.1","BURNET MUNICIPAL AIRPORT, TX US","  63.0","24","  54.3","24","1007.6","20","961.8","23"," 10.0","24","  9.5","24"," 18.1"," 33.0","  72.0"," ","  57.9"," "," 0.00","G","999.9","000000"
"72254203999","2024-03-25","30.74067","-98.23539","386.1","BURNET MUNICIPAL AIRPORT, TX US","  64.0","24","  51.1","24"," 999.9","17","955.3","23","  9.5","24","  8.8","24"," 14.0"," 28.0","  73.9"," ","  53.1"," "," 0.74","G","999.9","010010"
"72254203999","2024-03-26","30.74067","-98.23539","386.1","BURNET MUNICIPAL AIRPORT, TX US","  55.1","24","  34.8","24","1010.8","24","965.4","23"," 10.0","24","  5.9","24","  9.9"," 15.9","  70.0"," ","  39.9"," "," 0.08","G","999.9","000000"
"72254203999","2024-03-27","30.74067","-98.23539","386.1","BURNET MUNICIPAL AIRPORT, TX US","  54.5","24","  42.2","24","1016.6","24","970.8","23"," 10.0","24","  4.3","24","  9.9"," 17.1","  64.9","*","  46.0","*"," 0.00","G","999.9","010000"
"72254203999","2024-03-28","30.74067","-98.23539","386.1","BURNET MUNICIPAL AIRPORT, TX US","  58.4","24","  45.4","24","1021.1","24","975.1","24"," 10.0","24","  3.8","23","  9.9"," 19.0","  75.9","*","  44.1","*"," 0.05","G","999.9","000000"
"72254203999","2024-03-29","30.74067","-98.23539","386.1","BURNET MUNICIPAL AIRPORT, TX US","  65.9","24","  53.5","24","1015.9","23","970.6","24"," 10.0","24","  9.9","24"," 15.9"," 28.0","  75.9","*","  57.9","*"," 0.00","G","999.9","000000"
"72254203999","2024-03-30","30.74067","-98.23539","386.1","BURNET MUNICIPAL AIRPORT, TX US","  67.2","24","  61.4"," 5","1013.0","23","967.9","24"," 10.0","24","  8.6","24"," 14.0"," 24.1","  72.0","*","  64.0","*"," 0.00","G","999.9","000000"
"72254203999","2024-03-31","30.74067","-98.23539","386.1","BURNET MUNICIPAL AIRPORT, TX US","  68.8","24","  64.2","24","1010.2","21","965.5","24"," 10.0","24","  8.5","24"," 13.0"," 24.1","  73.9","*","  64.0","*"," 0.00","G","999.9","000000"
"72254203999","2024-04-01","30.74067","-98.23539","386.1","BURNET MUNICIPAL AIRPORT, TX US","  73.0","22","  67.3","22","1005.1","15","960.8","22","  9.1","22","  9.2","22"," 14.0"," 27.0","  82.0","*","  69.1","*"," 0.00","G","999.9","000000"
"72254203999","2024-04-02","30.74067","-98.23539","386.1","BURNET MUNICIPAL AIRPORT, TX US","  65.7","24","  46.8","24","1010.0","21","964.7","24","  9.8","24"," 10.4","24"," 15.9"," 31.1","  78.1","*","  59.0","*"," 0.06","G","999.9","010000"
"72254203999","2024-04-03","30.74067","-98.23539","386.1","BURNET MUNICIPAL AIRPORT, TX US","  60.5","24","  37.6","24","1015.8","24","970.2","23"," 10.0","24","  8.0","24"," 15.0"," 21.0","  81.0"," ","  44.1"," "," 0.00","G","999.9","000000"
"72254203999","2024-04-04","30.74067","-98.23539","386.1","BURNET MUNICIPAL AIRPORT, TX US","  65.2","24","  38.5","24","1014.4","24","969.1","23"," 10.0","24","  2.6","24","  7.0","999.9","  87.1"," ","  46.9"," "," 0.00","G","999.9","000000"
"72254203999","2024-04-05","30.74067","-98.23539","386.1","BURNET MUNICIPAL AIRPORT, TX US","  69.2","24","  39.9","24","1014.8","24","969.8","23"," 10.0","24","  5.2","24"," 15.0"," 28.0","  84.9"," ","  51.1"," "," 0.00","G","999.9","000000"
"72254203999","2024-04-06","30.74067","-98.23539","386.1","BURNET MUNICIPAL AIRPORT, TX US","  68.1","24","  56.3","24","1011.2","22","966.3","23"," 10.0","24","  9.5","24"," 18.1"," 29.9","  80.1"," ","  61.0"," "," 0.00","G","999.9","000000"
"72254203999","2024-04-07","30.74067","-98.23539","386.1","BURNET MUNICIPAL AIRPORT, TX US","  69.6","24","  43.5","24","1011.5","24","966.7","23"," 10.0","24","  6.1","23"," 12.0"," 22.9","  79.0"," ","  57.9"," "," 0.00","G","999.9","000000"
"72254203999","2024-04-08","30.74067","-98.23539","386.1","BURNET MUNICIPAL AIRPORT, TX US","  67.7","24","  56.5","24","1010.9","16","965.2","23","  8.8","24","  3.0","24","  9.9"," 18.1","  79.0"," ","  57.0"," "," 0.00","G","999.9","010000"
"72254203999","2024-04-09","30.74067","-98.23539","386.1","BURNET MUNICIPAL AIRPORT, TX US","  72.0","24","  68.7","24","1004.3"," 9","960.3","24","  6.9","24","  5.6","24"," 13.0"," 25.1","  77.0"," ","  64.0"," "," 0.00","G","999.9","110010"
"72254203999","2024-04-10","30.74067","-98.23539","386.1","BURNET MUNICIPAL AIRPORT, TX US","  61.2","24","  55.3","24","1008.5","14","962.1","24","  8.6","24"," 11.4","24"," 18.1"," 28.9","  70.0"," ","  54.0"," "," 2.35","G","999.9","010010"
"72254203999","2024-04-11","30.74067","-98.23539","386.1","BURNET MUNICIPAL AIRPORT, TX US","  63.6","24","  44.4","24","1016.4","24","970.9","23"," 10.0","24","  6.4","24","  9.9"," 18.1","  81.0"," ","  50.0"," "," 0.00","G","999.9","000000"
"72254203999","2024-04-12","30.74067","-98.23539","386.1","BURNET MUNICIPAL AIRPORT, TX US","  66.5","24","  47.6","24","1021.7","24","976.2","23"," 10.0","24","  5.0","24","  9.9"," 21.0","  81.0"," ","  53.1"," "," 0.00","G","999.9","000000"
"72254203999","2024-04-13","30.74067","-98.23539","386.1","BURNET MUNICIPAL AIRPORT, TX US","  69.2","24","  55.9","24","1020.8","24","975.4","23","  9.8","24","  6.7","24"," 14.0"," 24.1","  80.1"," ","  59.0"," "," 0.00","G","999.9","000000"
"72254203999","2024-04-14","30.74067","-98.23539","386.1","BURNET MUNICIPAL AIRPORT, TX US","  71.5","24","  62.0","24","1015.6","21","970.6","23"," 10.0","24","  8.9","24"," 14.0"," 25.1","  82.9"," ","  64.9"," "," 0.00","G","999.9","000000"
"72254203999","2024-04-15","30.74067","-98.23539","386.1","BURNET MUNICIPAL AIRPORT, TX US","  73.7","24","  67.0","24","1010.3","21","965.5","23","  9.5","24","  8.7","24"," 13.0"," 22.9","  82.0"," ","  68.0"," "," 0.00","G","999.9","000000"
"72254203999","2024-04-16","30.74067","-98.23539","386.1","BURNET MUNICIPAL AIRPORT, TX US","  74.0","24","  68.4","24","1009.1","16","964.3","23","  8.0","24","  7.8","24"," 15.9"," 32.1","  82.9"," ","  69.1"," "," 0.00","G","999.9","010000"
"72254203999","2024-04-17","30.74067","-98.23539","386.1","BURNET MUNICIPAL AIRPORT, TX US","  75.4","24","  70.6","24","1011.8","14","967.3","24","  8.8","24","  5.3","24","  8.9"," 15.0","  84.0"," ","  71.1"," "," 0.01","G","999.9","000000"
"72254203999","2024-04-18","30.74067","-98.23539","386.1","BURNET MUNICIPAL AIRPORT, TX US","  76.2","24","  70.0","24","1011.7","20","967.2","23","  9.8","24","  7.0","24"," 11.1"," 19.0","  86.0"," ","  70.0"," "," 0.00","G","999.9","000000"
"72254203999","2024-04-19","30.74067","-98.23539","386.1","BURNET MUNICIPAL AIRPORT, TX US","  69.7","24","  59.2","24","1015.6","24","970.7","23"," 10.0","24","  7.3","24"," 11.1"," 20.0","  82.0","*","  61.0","*"," 0.00","G","999.9","000000"
"72254203999","2024-04-20","30.74067","-98.23539","386.1","BURNET MUNICIPAL AIRPORT, TX US","  63.2","24","  59.7","24","1016.6","12","971.1","24","  8.6","24","  8.4","24"," 15.0"," 27.0","  69.1","*","  53.6","*"," 0.00","G","999.9","010010"
"72254203999","2024-04-21","30.74067","-98.23539","386.1","BURNET MUNICIPAL AIRPORT, TX US","  55.7","24","  48.8","24","1024.5","16","977.0","24","  9.0","24","  9.3","24"," 13.0"," 29.9","  68.0"," ","  48.9"," "," 0.80","G","999.9","010010"
"72254203999","2024-04-22","30.74067","-98.23539","386.1","BURNET MUNICIPAL AIRPORT, TX US","  58.2","24","  44.5","24","1023.4","24","977.3","23"," 10.0","24","  4.3","23","  9.9"," 18.1","  72.0"," ","  46.0"," "," 0.02","G","999.9","000000"
"72254203999","2024-04-23","30.74067","-98.23539","386.1","BURNET MUNICIPAL AIRPORT, TX US","  64.2","24","  55.5","24","1016.8","20","971.2","23"," 10.0","24","  8.0","24"," 14.0"," 22.9","  77.0"," ","  55.9"," "," 0.00","G","999.9","000000"
"72254203999","2024-04-24","30.74067","-98.23539","386.1","BURNET MUNICIPAL AIRPORT, TX US","  71.6","24","  66.4","24","1016.1","13","971.1","24","  8.6","24","  5.9","24","  9.9"," 19.0","  82.0"," ","  66.9"," "," 0.00","G","999.9","010000"
"72254203999","2024-04-25","30.74067","-98.23539","386.1","BURNET MUNICIPAL AIRPORT, TX US","  73.0","24","  67.3","24","1013.9","16","968.8","23","  9.1","24","  7.7","24"," 12.0"," 22.0","  81.0"," ","  66.9"," "," 0.00","G","999.9","010000"
"72254203999","2024-04-26","30.74067","-98.23539","386.1","BURNET MUNICIPAL AIRPORT, TX US","  74.3","24","  68.8","24","1007.0","19","962.9","24","  9.0","24"," 10.1","24"," 15.9"," 32.1","  82.0"," ","  72.0"," "," 0.02","G","999.9","010000"
"72254203999","2024-04-27","30.74067","-98.23539","386.1","BURNET MUNICIPAL AIRPORT, TX US","  75.9","24","  68.9","24","1006.8","13","962.4","23","  9.1","24"," 10.4","24"," 15.9"," 29.9","  82.0"," ","  73.0"," "," 0.03","G","999.9","000000"
"72254203999","2024-04-28","30.74067","-98.23539","386.1","BURNET MUNICIPAL AIRPORT, TX US","  74.0","24","  68.5","24","1006.5","15","962.6","23","  9.0","24","  9.2","23"," 22.9"," 42.9","  81.0","*","  66.2","*"," 0.95","G","999.9","010010"
"72254203999","2024-04-29","30.74067","-98.23539","386.1","BURNET MUNICIPAL AIRPORT, TX US","  75.6","24","  67.8","24","1009.9","16","965.6","23","  8.0","24","  3.0","23","  9.9"," 18.1","  87.1"," ","  68.0"," "," 0.11","G","999.9","100000"
"72254203999","2024-04-30","30.74067","-98.23539","386.1","BURNET MUNICIPAL AIRPORT, TX US","  76.3","24","  67.7","24","1011.1","20","966.8","23","  9.6","24","  7.3","24"," 12.0"," 22.0","  86.0","*","  68.0","*"," 0.00","G","999.9","000000"
"72254203999","2024-05-01","30.74067","-98.23539","386.1","BURNET MUNICIPAL AIRPORT, TX US","  73.9","24","  69.7","24","1009.1","21","964.8","24","  9.0","24","  6.7","24","  9.9"," 19.0","  80.1","*","  71.1","*"," 0.00","G","999.9","010000"
"72254203999","2024-05-02","30.74067","-98.23539","386.1","BURNET MUNICIPAL AIRPORT, TX US","  71.1","24","  69.1","24","1007.3","13","962.4","24","  7.7","24","  6.4","24"," 22.0"," 35.0","  75.0"," ","  66.0"," "," 1.27","G","999.9","110010"
"72254203999","2024-05-03","30.74067","-98.23539","386.1","BURNET MUNICIPAL AIRPORT, TX US","  71.5","24","  70.6","24","1009.0","16","964.8","23","  5.7","24","  5.6","24"," 12.0"," 22.9","  73.9"," ","  68.0"," "," 0.02","G","999.9","010000"
"72254203999","2024-05-04","30.74067","-98.23539","386.1","BURNET MUNICIPAL AIRPORT, TX US","  71.5","24","  70.2","24","1011.6","14","966.8","24","  9.5","24","  6.2","24"," 12.0"," 21.0","  75.0","*","  69.8","*"," 0.02","G","999.9","010010"
"72254203999","2024-05-05","30.74067","-98.23539","386.1","BURNET MUNICIPAL AIRPORT, TX US","  70.6","24","  66.4","24","1011.1","17","966.2","24","  9.7","24","  6.3","24"," 26.0"," 35.9","  78.1"," ","  62.1"," "," 1.08","G","999.9","010010"
"72254203999","2024-05-06","30.74067","-98.23539","386.1","BURNET MUNICIPAL AIRPORT, TX US","  75.2","24","  70.9","24","1008.4","17","963.9","24","  9.3","24","  6.9","24"," 12.0"," 20.0","  84.9"," ","  70.0"," "," 1.05","G","999.9","000000"
"72254203999","2024-05-07","30.74067","-98.23539","386.1","BURNET MUNICIPAL AIRPORT, TX US","  78.6","24","  70.7","24","1005.3","20","961.2","23","  9.6","24","  6.7","24"," 11.1"," 15.0","  90.0"," ","  69.1"," "," 0.00","G","999.9","000000"
"72254203999","2024-05-08","30.74067","-98.23539","386.1","BURNET MUNICIPAL AIRPORT, TX US","  80.1","24","  74.3","24","1002.0","15","958.3","23","  6.4","24","  6.8","24"," 11.1"," 22.0","  90.0","*","  73.4","*"," 0.00","G","999.9","010000"
"72254203999","2024-05-09","30.74067","-98.23539","386.1","BURNET MUNICIPAL AIRPORT, TX US","  81.6","24","  73.9","24","1004.4","16","960.3","24","  5.8","24","  4.4","24","  8.9"," 19.0","  91.9"," ","  75.0"," "," 0.00","G","999.9","000000"
"72254203999","2024-05-10","30.74067","-98.23539","386.1","BURNET MUNICIPAL AIRPORT, TX US","  73.2","24","  61.8","24","1013.0","20","967.4","24","  9.9","24","  9.9","24"," 15.0"," 28.0","  84.9"," ","  64.9"," "," 0.13","G","999.9","010010"
"72254203999","2024-05-11","30.74067","-98.23539","386.1","BURNET MUNICIPAL AIRPORT, TX US","  71.0","24","  58.0","24","1014.2","24","969.3","23"," 10.0","24","  7.6","24"," 13.0"," 20.0","  79.0"," ","  66.0"," "," 0.00","G","999.9","000000"
"72254203999","2024-05-12","30.74067","-98.23539","386.1","BURNET MUNICIPAL AIRPORT, TX US","  67.5","24","  64.6","24","1010.2","14","964.6","23","  7.6","24","  5.9","24"," 12.0"," 20.0","  73.9"," ","  64.0"," "," 0.10","G","999.9","010000"
"72254203999","2024-05-13","30.74067","-98.23539","386.1","BURNET MUNICIPAL AIRPORT, TX US","  69.1","24","  67.0","24","1006.8","10","962.4","24","  5.4","24","  3.6","24","  9.9"," 17.1","  82.0","*","  64.4","*"," 0.27","G","999.9","010000"
"72254203999","2024-05-14","30.74067","-98.23539","386.1","BURNET MUNICIPAL AIRPORT, TX US","  74.3","24","  58.0","24","1009.1","24","964.5","23","  9.9","24","  2.6","24","  8.0","999.9","  90.0"," ","  59.0"," "," 0.01","G","999.9","000000"
"72254203999","2024-05-15","30.74067","-98.23539","386.1","BURNET MUNICIPAL AIRPORT, TX US","  77.5","24","  57.1","24","1008.6","24","964.2","23"," 10.0","24","  4.6","24"," 15.0"," 22.9","  91.9"," ","  63.0"," "," 0.00","G","999.9","000000"
"72254203999","2024-05-16","30.74067","-98.23539","386.1","BURNET MUNICIPAL AIRPORT, TX US","  71.8","24","  66.0","24","1006.3","12","961.6","23","  8.7","24","  7.2","24"," 25.1"," 42.9","  87.1"," ","  62.1"," "," 0.07","G","999.9","110010"
"72254203999","2024-05-17","30.74067","-98.23539","386.1","BURNET MUNICIPAL AIRPORT, TX US","  68.0","24","  63.2","24","1008.5","16","963.8","23","  9.5","24","  4.1","22"," 25.1"," 38.1","  82.9"," ","  60.1"," "," 1.39","G","999.9","010010"
"72254203999","2024-05-18","30.74067","-98.23539","386.1","BURNET MUNICIPAL AIRPORT, TX US","  78.4","24","  66.7","24","1009.8","20","965.4","23","  9.7","24","  4.2","24","  8.9"," 17.1","  93.9"," ","  68.0"," "," 0.00","G","999.9","000000"
"72254203999","2024-05-19","30.74067","-98.23539","386.1","BURNET MUNICIPAL AIRPORT, TX US","  80.3","24","  68.2","24","1011.9","23","967.6","23","  9.5","24","  6.5","24","  9.9"," 24.1","  91.9"," ","  71.1"," "," 0.00","G","999.9","000000"
"72254203999","2024-05-20","30.74067","-98.23539","386.1","BURNET MUNICIPAL AIRPORT, TX US","  80.0","24","  67.8","24","1009.2","23","965.0","23"," 10.0","24","  6.8","24"," 12.0"," 19.0","  91.9"," ","  66.9"," "," 0.00","G","999.9","000000"
"72254203999","2024-05-21","30.74067","-98.23539","386.1","BURNET MUNICIPAL AIRPORT, TX US","  82.2","24","  71.3","24","1007.5","23","963.3","23","  9.3","24","  7.9","24"," 14.0"," 25.1","  91.9"," ","  73.9"," "," 0.00","G","999.9","000000"
"72254203999","2024-05-22","30.74067","-98.23539","386.1","BURNET MUNICIPAL AIRPORT, TX US","  82.1","24","  73.3","24","1007.7","17","963.9","23","  8.3","24","  7.5","24"," 12.0"," 26.0","  89.1","*","  75.2","*"," 0.00","G","999.9","000000"
"72254203999","2024-05-23","30.74067","-98.23539","386.1","BURNET MUNICIPAL AIRPORT, TX US","  76.9","24","  72.8","24","1008.2","19","964.2","23","  9.2","24","  7.6","24"," 19.0"," 29.9","  89.1"," ","  70.0"," "," 0.00","G","999.9","110010"
"72254203999","2024-05-24","30.74067","-98.23539","386.1","BURNET MUNICIPAL AIRPORT, TX US","  80.8","24","  73.9","24","1006.5","21","962.3","24","  8.2","24","  7.7","24"," 12.0"," 22.9","  89.1"," ","  75.0"," "," 1.04","G","999.9","000000"
"72254203999","2024-05-25","30.74067","-98.23539","386.1","BURNET MUNICIPAL AIRPORT, TX US","  84.2","24","  75.0","24","1006.7","23","962.6","23","  7.6","24","  6.2","23"," 11.1"," 22.9","  96.1"," ","  75.9"," "," 0.00","G","999.9","000000"
"72254203999","2024-05-26","30.74067","-98.23539","386.1","BURNET MUNICIPAL AIRPORT, TX US","  82.8","24","  72.1","24","1006.2","23","962.2","23","  9.8","24","  8.1","23"," 14.0"," 22.9","  93.9"," ","  75.0"," "," 0.00","G","999.9","000000"
"72254203999","2024-05-27","30.74067","-98.23539","386.1","BURNET MUNICIPAL AIRPORT, TX US","  84.6","24","  72.5","24","1009.5","18","965.6","23","  7.3","24","  3.5","24","  8.9"," 18.1","  99.0"," ","  75.0"," "," 0.00","G","999.9","110010"
"72254203999","2024-05-28","30.74067","-98.23539","386.1","BURNET MUNICIPAL AIRPORT, TX US","  80.6","24","  71.9","24","1014.4","16","969.8","24","  6.6","24","  9.2","24"," 26.0"," 51.1","  86.0"," ","  73.9"," "," 0.04","G","999.9","010000"
"72254203999","2024-05-29","30.74067","-98.23539","386.1","BURNET MUNICIPAL AIRPORT, TX US","  77.8","24","  66.8","24","1016.1","21","971.4","23"," 10.0","24","  6.0","24"," 20.0"," 36.9","  89.1"," ","  68.0"," "," 0.06","G","999.9","010010"
"72254203999","2024-05-30","30.74067","-98.23539","386.1","BURNET MUNICIPAL AIRPORT, TX US","  81.0","24","  71.9","24","1012.7","21","968.3","23","  9.8","24","  5.7","23"," 12.0"," 20.0","  90.0"," ","  75.0"," "," 0.00","G","999.9","000000"
"72254203999","2024-05-31","30.74067","-98.23539","386.1","BURNET MUNICIPAL AIRPORT, TX US","  75.0","24","  68.5","24","1011.4","20","967.1","23","  9.6","24","  7.1","24"," 17.1"," 33.0","  90.0"," ","  63.0"," "," 1.40","G","999.9","110010"
"72254203999","2024-06-01","30.74067","-98.23539","386.1","BURNET MUNICIPAL AIRPORT, TX US","  77.5","24","  70.8","24","1013.3","20","968.7","23"," 10.0","24","  4.0","24","  9.9"," 22.9","  89.1"," ","  70.0"," "," 0.10","G","999.9","010000"
"72254203999","2024-06-02","30.74067","-98.23539","386.1","BURNET MUNICIPAL AIRPORT, TX US","  82.4","24","  74.6","24","1010.7","18","966.7","23"," 10.0","24","  6.2","24","  8.9"," 21.0","  91.0"," ","  75.9"," "," 0.00","G","999.9","000000"
"72254203999","2024-06-03","30.74067","-98.23539","386.1","BURNET MUNICIPAL AIRPORT, TX US","  83.7","24","  74.0","24","1007.0","21","962.9","23","  9.9","24","  9.0","24"," 15.0"," 26.0","  93.0"," ","  77.0"," "," 0.00","G","999.9","000000"
"72254203999","2024-06-04","30.74067","-98.23539","386.1","BURNET MUNICIPAL AIRPORT, TX US","  85.6","24","  75.3","24","1003.4","17","959.7","23","  9.5","24"," 10.7","24"," 15.9"," 26.0","  98.1"," ","  78.1"," "," 0.00","G","999.9","000000"
"72254203999","2024-06-05","30.74067","-98.23539","386.1","BURNET MUNICIPAL AIRPORT, TX US","  83.2","24","  73.8","24","1005.7","21","961.9","24","  9.4","24","  7.3","24"," 18.1"," 28.9","  96.1"," ","  69.1"," "," 0.00","G","999.9","010000"
"72254203999","2024-06-06","30.74067","-98.23539","386.1","BURNET MUNICIPAL AIRPORT, TX US","  82.8","24","  69.3","24","1010.5","24","966.1","23"," 10.0","24","  2.3","24","  8.0","999.9","  96.1"," ","  70.0"," "," 0.01","G","999.9","000000"
"72254203999","2024-06-07","30.74067","-98.23539","386.1","BURNET MUNICIPAL AIRPORT, TX US","  83.0","24","  67.5","24","1012.5","24","968.1","23"," 10.0","24","  4.0","24","  9.9"," 17.1","  96.1"," ","  70.0"," "," 0.00","G","999.9","000000"
"72254203999","2024-06-08","30.74067","-98.23539","386.1","BURNET MUNICIPAL AIRPORT, TX US","  84.1","24","  69.0","24","1011.5","24","967.3","23"," 10.0","24","  5.8","24","  9.9"," 19.0","  95.0"," ","  73.0"," "," 0.00","G","999.9","000000"
"72254203999","2024-06-09","30.74067","-98.23539","386.1","BURNET MUNICIPAL AIRPORT, TX US","  82.6","24","  70.1","24","1010.3","20","966.1","23"," 10.0","24","  6.4","23","  9.9"," 17.1","  93.9"," ","  73.0"," "," 0.00","G","999.9","000000"
"72254203999","2024-06-10","30.74067","-98.23539","386.1","BURNET MUNICIPAL AIRPORT, TX US","  84.2","24","  69.6","24","1009.9","23","965.8","23"," 10.0","24","  4.1","24","  8.9","999.9","  96.1"," ","  77.0"," "," 0.00","G","999.9","000000"
"72254203999","2024-06-11","30.74067","-98.23539","386.1","BURNET MUNICIPAL AIRPORT, TX US","  76.9","24","  70.1","24","1011.3","19","967.1","23","  9.7","24","  5.6","23"," 15.0"," 22.9","  89.1"," ","  71.1"," "," 0.00","G","999.9","010010"
"72254203999","2024-06-12","30.74067","-98.23539","386.1","BURNET MUNICIPAL AIRPORT, TX US","  77.0","24","  71.6","24","1013.0","18","968.7","23","  9.3","24","  3.9","24","  8.9","999.9","  88.0","*","  71.6","*"," 0.38","G","999.9","010000"
"72254203999","2024-06-13","30.74067","-98.23539","386.1","BURNET MUNICIPAL AIRPORT, TX US","  82.3","23","  71.7","23","1013.2","21","968.7","22"," 10.0","23","  3.3","22","  9.9"," 15.0","  95.0"," ","  73.0"," "," 0.01","G","999.9","000000"
"72254203999","2024-06-14","30.74067","-98.23539","386.1","BURNET MUNICIPAL AIRPORT, TX US","  83.3","24","  70.1","24","1013.2","24","968.9","23"," 10.0","24","  3.8","24","  8.9","999.9","  95.0"," ","  75.0"," "," 0.00","G","999.9","000000"
"72254203999","2024-06-15","30.74067","-98.23539","386.1","BURNET MUNICIPAL AIRPORT, TX US","  83.3","24","  68.8","24","1012.3","24","967.9","23"," 10.0","24","  4.5","24","  8.0"," 18.1","  93.9"," ","  73.9"," "," 0.00","G","999.9","000000"
"72254203999","2024-06-16","30.74067","-98.23539","386.1","BURNET MUNICIPAL AIRPORT, TX US","  84.2","24","  71.0","24","1009.9","20","965.8","23"," 10.0","24","  7.5","23"," 12.0"," 21.0","  93.9","*","  75.2","*"," 0.00","G","999.9","000000"
"72254203999","2024-06-17","30.74067","-98.23539","386.1","BURNET MUNICIPAL AIRPORT, TX US","  84.9","24","  71.8","24","1008.4","20","964.3","23"," 10.0","24","  8.5","24"," 14.0"," 28.9","  95.0"," ","  77.0"," "," 0.00","G","999.9","000000"
"72254203999","2024-06-18","30.74067","-98.23539","386.1","BURNET MUNICIPAL AIRPORT, TX US","  82.1","24","  70.9","24","1009.0","19","964.8","23"," 10.0","24","  9.5","24"," 15.9"," 28.9","  93.0"," ","  75.0"," "," 0.00","G","999.9","010000"
"72254203999","2024-06-19","30.74067","-98.23539","386.1","BURNET MUNICIPAL AIRPORT, TX US","  76.8","24","  70.3","24","1013.4","17","968.9","23","  9.6","24","  8.8","24"," 13.0"," 25.1","  89.1"," ","  71.1"," "," 0.00","G","999.9","010000"
"72254203999","2024-06-20","30.74067","-98.23539","386.1","BURNET MUNICIPAL AIRPORT, TX US","  77.3","24","  72.9","24","1018.0","13","973.1","23","  9.4","24","  8.9","24"," 12.0"," 26.0","  87.1"," ","  71.1"," "," 0.60","G","999.9","010000"
"72254203999","2024-06-21","30.74067","-98.23539","386.1","BURNET MUNICIPAL AIRPORT, TX US","  80.0","24","  72.2","24","1019.1","21","974.4","23"," 10.0","24","  5.4","24","  8.9"," 18.1","  89.1","*","  73.4","*"," 0.02","G","999.9","000000"
"72254203999","2024-06-22","30.74067","-98.23539","386.1","BURNET MUNICIPAL AIRPORT, TX US","  81.5","24","  70.5","24","1017.1","20","972.7","23"," 10.0","24","  3.7","23","  8.9","999.9","  91.9"," ","  73.0"," "," 0.00","G","999.9","000000"
"72254203999","2024-06-23","30.74067","-98.23539","386.1","BURNET MUNICIPAL AIRPORT, TX US","  83.3","24","  68.8","24","1014.7","24","970.2","23"," 10.0","24","  2.9","22","  8.9"," 15.9","  93.9"," ","  72.0"," "," 0.00","G","999.9","000000"
"72254203999","2024-06-24","30.74067","-98.23539","386.1","BURNET MUNICIPAL AIRPORT, TX US","  84.2","24","  70.8","24","1013.2","23","968.9","23"," 10.0","24","  4.4","24","  8.9","999.9","  95.0"," ","  75.9"," "," 0.00","G","999.9","000000"
"72254203999","2024-06-25","30.74067","-98.23539","386.1","BURNET MUNICIPAL AIRPORT, TX US","  85.6","24","  73.7","24","1012.2","21","968.1","23"," 10.0","24","  6.2","24"," 11.1"," 18.1","  95.0"," ","  78.1"," "," 0.00","G","999.9","000000"
"72254203999","2024-06-26","30.74067","-98.23539","386.1","BURNET MUNICIPAL AIRPORT, TX US","  86.4","24","  73.9","24","1011.4","23","967.2","23"," 10.0","24","  7.3","23"," 11.1"," 18.1","  96.1"," ","  79.0"," "," 0.00","G","999.9","000000"
"72254203999","2024-06-27","30.74067","-98.23539","386.1","BURNET MUNICIPAL AIRPORT, TX US","  86.7","24","  72.8","24","1010.2","24","966.1","23"," 10.0","24","  2.3","24","  6.0","999.9","  99.0"," ","  75.9"," "," 0.00","G","999.9","000000"
"72254203999","2024-06-28","30.74067","-98.23539","386.1","BURNET MUNICIPAL AIRPORT, TX US","  87.7","24","  71.7","24","1008.2","24","964.2","23"," 10.0","24","  6.8","24"," 11.1"," 19.0","  97.0"," ","  78.1"," "," 0.00","G","999.9","000000"
"72254203999","2024-06-29","30.74067","-98.23539","386.1","BURNET MUNICIPAL AIRPORT, TX US","  87.3","24","  72.9","24","1012.0","23","967.9","23"," 10.0","24","  8.3","23"," 13.0"," 22.0","  97.0"," ","  79.0"," "," 0.00","G","999.9","000000"
"72254203999","2024-06-30","30.74067","-98.23539","386.1","BURNET MUNICIPAL AIRPORT, TX US","  86.2","24","  72.5","24","1018.3","20","974.0","23","  9.8","24","  6.2","24"," 11.1"," 21.0","  96.1"," ","  75.9"," "," 0.00","G","999.9","000000"
"72254203999","2024-07-01","30.74067","-98.23539","386.1","BURNET MUNICIPAL AIRPORT, TX US","  86.6","24","  69.3","24","1017.5","24","972.9","23"," 10.0","24","  4.7","23","  8.0"," 20.0","  98.1"," ","  73.9"," "," 0.00","G","999.9","000000"
"72254203999","2024-07-02","30.74067","-98.23539","386.1","BURNET MUNICIPAL AIRPORT, TX US","  87.9","24","  67.5","24","1013.4","24","969.1","23","  9.8","24","  5.4","24","  9.9"," 20.0","  99.0"," ","  75.9"," "," 0.00","G","999.9","000000"
"72254203999","2024-07-03","30.74067","-98.23539","386.1","BURNET MUNICIPAL AIRPORT, TX US","  87.3","24","  68.2","24","1013.1","24","968.9","23","  9.3","24","  7.0","24"," 12.0"," 25.1","  97.0"," ","  77.0"," "," 0.00","G","999.9","000000"
"72254203999","2024-07-04","30.74067","-98.23539","386.1","BURNET MUNICIPAL AIRPORT, TX US","  87.2","24","  71.0","24","1012.6","24","968.3","23"," 10.0","24","  6.8","24","  9.9"," 20.0","  98.1","*","  78.1","*"," 0.00","G","999.9","000000"
"72254203999","2024-07-05","30.74067","-98.23539","386.1","BURNET MUNICIPAL AIRPORT, TX US","  86.1","24","  71.4","24","1012.3","23","968.1","23"," 10.0","24","  6.4","24"," 20.0"," 28.9","  99.0"," ","  75.9"," "," 0.00","G","999.9","010000"
"72254203999","2024-07-06","30.74067","-98.23539","386.1","BURNET MUNICIPAL AIRPORT, TX US","  78.9","24","  67.4","24","1014.5","22","969.9","23","  9.7","24","  5.8","24"," 19.0"," 29.9","  93.9"," ","  72.0"," "," 0.00","G","999.9","010010"
"72254203999","2024-07-07","30.74067","-98.23539","386.1","BURNET MUNICIPAL AIRPORT, TX US","  78.6","24","  72.1","24","1012.2","24","967.8","24","  9.8","24","  5.0","24"," 11.1"," 21.0","  93.0"," ","  72.0"," "," 0.55","G","999.9","010000"
"72254203999","2024-07-08","30.74067","-98.23539","386.1","BURNET MUNICIPAL AIRPORT, TX US","  81.2","24","  70.5","24","1009.9","22","965.6","23","  9.7","24","  8.5","24"," 15.0"," 26.0","  93.9"," ","  73.0"," "," 0.12","G","999.9","010000"
"72254203999","2024-07-09","30.74067","-98.23539","386.1","BURNET MUNICIPAL AIRPORT, TX US","  82.6","24","  68.4","24","1013.3","24","968.9","23","  9.8","24","  3.2","24","  9.9"," 17.1","  96.1"," ","  71.1"," "," 0.00","I","999.9","000000"
"72254203999","2024-07-10","30.74067","-98.23539","386.1","BURNET MUNICIPAL AIRPORT, TX US","  83.9","24","  67.5","24","1015.2","23","970.8","23","  8.6","24","  2.5","23"," 11.1","999.9","  96.1"," ","  73.0"," "," 0.00","G","999.9","000000"
"72254203999","2024-07-11","30.74067","-98.23539","386.1","BURNET MUNICIPAL AIRPORT, TX US","  83.4","24","  65.6","24","1016.0","23","971.5","23","  9.1","24","  3.3","22","  8.0"," 17.1","  96.1"," ","  71.1"," "," 0.00","G","999.9","000000"
"72254203999","2024-07-12","30.74067","-98.23539","386.1","BURNET MUNICIPAL AIRPORT, TX US","  80.9","24","  69.8","24","1017.0","23","972.5","23","  8.4","24","  4.1","22","  9.9"," 22.0","  93.0"," ","  71.1"," "," 0.00","G","999.9","010010"
"72254203999","2024-07-13","30.74067","-98.23539","386.1","BURNET MUNICIPAL AIRPORT, TX US","  78.7","24","  69.9","24","1020.0","21","975.3","23"," 10.0","24","  5.4","24"," 12.0"," 21.0","  89.1","*","  71.6","*"," 0.04","G","999.9","000000"
"72254203999","2024-07-14","30.74067","-98.23539","386.1","BURNET MUNICIPAL AIRPORT, TX US","  82.5","24","  70.9","24","1019.6","22","974.9","24"," 10.0","24","  6.7","24"," 13.0"," 21.0","  93.0","*","  73.9","*"," 0.00","G","999.9","000000"
"72254203999","2024-07-15","30.74067","-98.23539","386.1","BURNET MUNICIPAL AIRPORT, TX US","  84.3","24","  70.2","24","1016.2","22","971.9","23"," 10.0","24","  7.0","24"," 12.0"," 21.0","  97.0"," ","  73.9"," "," 0.00","G","999.9","000000"
"72254203999","2024-07-16","30.74067","-98.23539","386.1","BURNET MUNICIPAL AIRPORT, TX US","  86.0","24","  67.8","24","1013.6","24","969.4","23"," 10.0","24","  6.9","22","  9.9"," 18.1","  98.1"," ","  73.9"," "," 0.00","G","999.9","000000"
"72254203999","2024-07-17","30.74067","-98.23539","386.1","BURNET MUNICIPAL AIRPORT, TX US","  85.7","24","  70.9","24","1014.2","24","969.9","23"," 10.0","24","  5.8","23","  9.9"," 19.0","  96.1"," ","  75.9"," "," 0.00","G","999.9","000000"
"72254203999","2024-07-18","30.74067","-98.23539","386.1","BURNET MUNICIPAL AIRPORT, TX US","  83.7","24","  71.1","24","1015.9","21","971.7","23","  9.4","24","  4.9","22"," 13.0"," 21.0","  95.0"," ","  70.0"," "," 0.49","G","999.9","010010"
"72254203999","2024-07-19","30.74067","-98.23539","386.1","BURNET MUNICIPAL AIRPORT, TX US","  82.9","24","  68.9","24","1016.3","24","971.8","23"," 10.0","24","  4.8","24","  8.0","999.9","  95.0"," ","  73.0"," "," 0.60","G","999.9","000000"
"72254203999","2024-07-20","30.74067","-98.23539","386.1","BURNET MUNICIPAL AIRPORT, TX US","  83.0","24","  67.8","24","1016.0","24","971.5","23"," 10.0","24","  4.0","24","  8.9","999.9","  95.0"," ","  73.0"," "," 0.00","G","999.9","000000"
"72254203999","2024-07-21","30.74067","-98.23539","386.1","BURNET MUNICIPAL AIRPORT, TX US","  80.5","24","  70.6","24","1015.4","22","970.9","23","  9.3","24","  3.4","24"," 17.1"," 26.0","  93.0"," ","  73.9"," "," 0.00","G","999.9","110010"
"72254203999","2024-07-22","30.74067","-98.23539","386.1","BURNET MUNICIPAL AIRPORT, TX US","  75.8","24","  73.2","24","1015.0","21","970.3","23","  9.9","24","  2.1","24","  7.0","999.9","  82.9"," ","  73.0"," "," 1.44","G","999.9","010010"
"72254203999","2024-07-23","30.74067","-98.23539","386.1","BURNET MUNICIPAL AIRPORT, TX US","  74.8","24","  72.8","24","1016.1","11","971.7","23","  8.9","24","  2.8","24"," 12.0"," 19.0","  82.0"," ","  71.1"," "," 0.35","G","999.9","010010"
"72254203999","2024-07-24","30.74067","-98.23539","386.1","BURNET MUNICIPAL AIRPORT, TX US","  79.1","24","  70.6","24","1018.4","22","973.6","23"," 10.0","24","  3.7","24","  8.0"," 17.1","  91.0"," ","  71.1"," "," 0.60","G","999.9","000000"
"72254203999","2024-07-25","30.74067","-98.23539","386.1","BURNET MUNICIPAL AIRPORT, TX US","  80.5","24","  70.7","24","1018.3","24","973.6","23"," 10.0","24","  4.5","24"," 11.1"," 15.9","  89.1"," ","  72.0"," "," 0.00","G","999.9","000000"
"72254203999","2024-07-26","30.74067","-98.23539","386.1","BURNET MUNICIPAL AIRPORT, TX US","  78.2","24","  71.8","24","1015.8","19","971.4","24"," 10.0","24","  4.1","24"," 13.0"," 24.1","  89.1"," ","  71.1"," "," 0.00","G","999.9","010000"
"72254203999","2024-07-27","30.74067","-98.23539","386.1","BURNET MUNICIPAL AIRPORT, TX US","  78.4","24","  71.4","24","1013.4","17","969.3","23","  9.7","24","  5.2","23","  8.9","999.9","  89.1"," ","  71.1"," "," 0.00","G","999.9","000000"
"72254203999","2024-07-28","30.74067","-98.23539","386.1","BURNET MUNICIPAL AIRPORT, TX US","  78.7","24","  72.2","24","1014.5","14","970.2","24"," 10.0","24","  7.1","24"," 17.1"," 28.9","  88.0"," ","  73.0"," "," 0.00","G","999.9","000000"
"72254203999","2024-07-29","30.74067","-98.23539","386.1","BURNET MUNICIPAL AIRPORT, TX US","  83.3","24","  73.1","24","1014.9","19","970.7","24"," 10.0","24","  8.3","24"," 15.9"," 26.0","  93.0"," ","  77.0"," "," 0.01","G","999.9","000000"
"72254203999","2024-07-30","30.74067","-98.23539","386.1","BURNET MUNICIPAL AIRPORT, TX US","  83.7","24","  72.8","24","1014.3","23","969.9","23"," 10.0","24","  7.7","24"," 11.1"," 20.0","  93.0"," ","  75.0"," "," 0.00","G","999.9","000000"
"72254203999","2024-07-31","30.74067","-98.23539","386.1","BURNET MUNICIPAL AIRPORT, TX US","  84.9","24","  71.8","24","1014.1","22","969.8","23"," 10.0","24","  9.3","24"," 14.0"," 22.9","  95.0"," ","  77.0"," "," 0.00","G","999.9","000000"
"72254203999","2024-08-01","30.74067","-98.23539","386.1","BURNET MUNICIPAL AIRPORT, TX US","  83.3","24","  69.5","24","1017.2","21","972.8","23"," 10.0","24","  6.8","24","  9.9"," 20.0","  96.1"," ","  73.0"," "," 0.00","G","999.9","000000"
"72254203999","2024-08-02","30.74067","-98.23539","386.1","BURNET MUNICIPAL AIRPORT, TX US","  84.5","24","  70.4","24","1018.5","24","973.9","23"," 10.0","24","  3.4","24","  7.0","999.9","  98.1"," ","  73.0"," "," 0.00","G","999.9","000000"
"72254203999","2024-08-03","30.74067","-98.23539","386.1","BURNET MUNICIPAL AIRPORT, TX US","  86.3","24","  70.8","24","1015.2","24","970.8","23","  9.9","24","  2.5","24","  6.0","999.9","  98.1"," ","  75.0"," "," 0.00","G","999.9","000000"
"72254203999","2024-08-04","30.74067","-98.23539","386.1","BURNET MUNICIPAL AIRPORT, TX US","  85.1","24","  72.6","24","1013.3","21","969.0","23"," 10.0","24","  3.0","23"," 12.0"," 22.0","  97.0"," ","  75.9"," "," 0.01","G","999.9","010010"
"72254203999","2024-08-05","30.74067","-98.23539","386.1","BURNET MUNICIPAL AIRPORT, TX US","  84.3","24","  70.0","24","1015.3","24","970.8","23"," 10.0","24","  3.0","24","  7.0","999.9","  96.1"," ","  73.0"," "," 0.00","G","999.9","000000"
"72254203999","2024-08-06","30.74067","-98.23539","386.1","BURNET MUNICIPAL AIRPORT, TX US","  86.2","24","  68.4","24","1016.0","24","971.6","23"," 10.0","24","  3.0","23","  7.0","999.9","  98.1"," ","  73.9"," "," 0.00","G","999.9","000000"
"72254203999","2024-08-07","30.74067","-98.23539","386.1","BURNET MUNICIPAL AIRPORT, TX US","  87.8","24","  67.7","24","1012.2","24","968.0","23"," 10.0","24","  2.3","24","  6.0","999.9"," 102.9"," ","  73.9"," "," 0.00","G","999.9","000000"
"72254203999","2024-08-08","30.74067","-98.23539","386.1","BURNET MUNICIPAL AIRPORT, TX US","  88.4","24","  68.6","24","1009.7","24","965.7","23"," 10.0","24","  3.7","22","  8.0","999.9"," 100.0"," ","  77.0"," "," 0.00","G","999.9","000000"
"72254203999","2024-08-09","30.74067","-98.23539","386.1","BURNET MUNICIPAL AIRPORT, TX US","  86.0","24","  69.8","24","1013.8","22","969.8","23"," 10.0","24","  2.9","24"," 11.1"," 24.1","  97.0"," ","  75.0"," "," 0.00","G","999.9","010010"
"72254203999","2024-08-10","30.74067","-98.23539","386.1","BURNET MUNICIPAL AIRPORT, TX US","  83.8","24","  72.1","24","1018.2","21","973.4","24"," 10.0","24","  4.6","24","  9.9"," 17.1","  97.0"," ","  75.9"," "," 0.00","G","999.9","010000"
"72254203999","2024-08-11","30.74067","-98.23539","386.1","BURNET MUNICIPAL AIRPORT, TX US","  85.7","24","  72.0","24","1017.0","23","972.6","23"," 10.0","24","  5.8","24","  9.9"," 15.9","  97.0","*","  75.9","*"," 0.00","G","999.9","000000"
"72254203999","2024-08-12","30.74067","-98.23539","386.1","BURNET MUNICIPAL AIRPORT, TX US","  85.5","24","  71.0","24","1015.1","22","970.8","24"," 10.0","24","  6.5","24"," 12.0"," 19.0","  97.0","*","  75.0","*"," 0.00","G","999.9","000000"
"72254203999","2024-08-13","30.74067","-98.23539","386.1","BURNET MUNICIPAL AIRPORT, TX US","  86.7","24","  71.3","24","1015.4","24","971.1","23"," 10.0","24","  7.0","24"," 11.1"," 21.0","  97.0"," ","  75.9"," "," 0.00","G","999.9","000000"
"72254203999","2024-08-14","30.74067","-98.23539","386.1","BURNET MUNICIPAL AIRPORT, TX US","  86.5","24","  70.5","24","1015.2","24","970.8","23"," 10.0","24","  6.4","22","  9.9"," 20.0","  97.0"," ","  75.9"," "," 0.00","G","999.9","000000"
"72254203999","2024-08-15","30.74067","-98.23539","386.1","BURNET MUNICIPAL AIRPORT, TX US","  87.3","24","  70.7","24","1013.9","24","969.6","23"," 10.0","24","  6.8","23","  9.9"," 19.0"," 100.0"," ","  75.9"," "," 0.00","G","999.9","000000"
"72254203999","2024-08-16","30.74067","-98.23539","386.1","BURNET MUNICIPAL AIRPORT, TX US","  87.8","24","  70.3","24","1014.2","24","969.9","23"," 10.0","24","  6.2","22","  8.9"," 18.1"," 100.9"," ","  75.9"," "," 0.00","G","999.9","000000"
"72254203999","2024-08-17","30.74067","-98.23539","386.1","BURNET MUNICIPAL AIRPORT, TX US","  87.3","24","  69.3","24","1014.6","24","970.3","23"," 10.0","24","  4.5","24","  8.0"," 17.1"," 100.9"," ","  75.0"," "," 0.00","G","999.9","000000"
"72254203999","2024-08-18","30.74067","-98.23539","386.1","BURNET MUNICIPAL AIRPORT, TX US","  88.0","24","  68.2","24","1014.9","24","970.6","23"," 10.0","24","  3.4","24","  6.0","999.9"," 100.0"," ","  75.0"," "," 0.00","G","999.9","000000"
"72254203999","2024-08-19","30.74067","-98.23539","386.1","BURNET MUNICIPAL AIRPORT, TX US","  89.0","24","  65.5","24","1015.4","24","971.1","23"," 10.0","24","  3.4","24","  8.0","999.9"," 102.0","*","  75.0","*"," 0.00","G","999.9","000000"
"72254203999","2024-08-20","30.74067","-98.23539","386.1","BURNET MUNICIPAL AIRPORT, TX US","  89.8","24","  62.2","24","1015.4","24","971.1","24"," 10.0","24","  2.9","23","  8.9"," 14.0"," 107.1"," ","  73.0"," "," 0.00","G","999.9","000000"
"72254203999","2024-08-21","30.74067","-98.23539","386.1","BURNET MUNICIPAL AIRPORT, TX US","  92.3","24","  61.1","24","1014.3","23","970.1","23"," 10.0","24","  4.0","23"," 11.1"," 26.0"," 109.9"," ","  75.9"," "," 0.00","G","999.9","000000"
"72254203999","2024-08-22","30.74067","-98.23539","386.1","BURNET MUNICIPAL AIRPORT, TX US","  90.9","24","  67.0","24","1013.2","24","969.2","23"," 10.0","24","  4.6","23","  8.9"," 17.1"," 106.0"," ","  79.0"," "," 0.00","G","999.9","000000"
"72254203999","2024-08-23","30.74067","-98.23539","386.1","BURNET MUNICIPAL AIRPORT, TX US","  90.8","24","  69.8","24","1014.7","24","970.6","23"," 10.0","24","  7.4","24"," 11.1"," 20.0"," 102.0"," ","  78.1"," "," 0.00","G","999.9","000000"
"72254203999","2024-08-24","30.74067","-98.23539","386.1","BURNET MUNICIPAL AIRPORT, TX US","  84.8","24","  70.8","24","1017.1","21","972.7","23"," 10.0","24","  6.4","24"," 19.0"," 33.0","  96.1"," ","  77.0"," "," 0.00","G","999.9","010010"
"72254203999","2024-08-25","30.74067","-98.23539","386.1","BURNET MUNICIPAL AIRPORT, TX US","  84.2","24","  67.8","24","1017.7","20","973.4","23"," 10.0","24","  4.6","24","  8.9"," 18.1","  96.1"," ","  73.9"," "," 0.00","G","999.9","000000"
"72254203999","2024-08-26","30.74067","-98.23539","386.1","BURNET MUNICIPAL AIRPORT, TX US","  82.5","24","  67.3","24","1018.8","22","974.1","23"," 10.0","24","  4.7","24"," 15.0"," 27.0","  93.0"," ","  73.0"," "," 0.00","G","999.9","010010"
"72254203999","2024-08-27","30.74067","-98.23539","386.1","BURNET MUNICIPAL AIRPORT, TX US","  77.8","24","  70.4","24","1017.9","16","973.4","23","  9.9","24","  4.2","24"," 12.0"," 22.9","  89.1","*","  71.6","*"," 0.09","G","999.9","010010"
"72254203999","2024-08-28","30.74067","-98.23539","386.1","BURNET MUNICIPAL AIRPORT, TX US","  79.9","24","  71.4","24","1016.9","19","972.4","23"," 10.0","24","  4.0","23","  9.9"," 20.0","  93.0"," ","  73.0"," "," 0.04","G","999.9","010000"
"72254203999","2024-08-29","30.74067","-98.23539","386.1","BURNET MUNICIPAL AIRPORT, TX US","  78.8","24","  70.2","24","1015.7","19","971.4","23"," 10.0","24","  2.9","22","  8.9"," 21.0","  91.9"," ","  70.0"," "," 0.02","G","999.9","010000"
"72254203999","2024-08-30","30.74067","-98.23539","386.1","BURNET MUNICIPAL AIRPORT, TX US","  82.4","24","  71.1","24","1014.7","18","970.4","23"," 10.0","24","  4.8","24","  9.9"," 18.1","  91.9"," ","  75.0"," "," 0.00","G","999.9","000000"
"72254203999","2024-08-31","30.74067","-98.23539","386.1","BURNET MUNICIPAL AIRPORT, TX US","  83.1","24","  69.1","24","1014.7","24","970.2","23"," 10.0","24","  5.9","24"," 13.0"," 19.0","  93.9"," ","  73.0"," "," 0.00","G","999.9","000000"
"72254203999","2024-09-01","30.74067","-98.23539","386.1","BURNET MUNICIPAL AIRPORT, TX US","  82.0","24","  70.1","24","1013.8","23","969.4","23"," 10.0","24","  6.0","24"," 20.0"," 31.1","  91.9"," ","  73.0"," "," 0.00","G","999.9","000000"
"72254203999","2024-09-02","30.74067","-98.23539","386.1","BURNET MUNICIPAL AIRPORT, TX US","  77.7","24","  73.3","24","1014.2","17","969.8","23","  9.2","24","  6.3","24"," 12.0"," 17.1","  82.9","*","  73.4","*"," 0.01","G","999.9","010000"
"72254203999","2024-09-03","30.74067","-98.23539","386.1","BURNET MUNICIPAL AIRPORT, TX US","  76.4","24","  73.1","24","1014.7","19","970.1","23","  9.6","24","  7.4","24"," 12.0"," 22.0","  84.9"," ","  73.0"," "," 0.92","G","999.9","010000"
"72254203999","2024-09-04","30.74067","-98.23539","386.1","BURNET MUNICIPAL AIRPORT, TX US","  74.2","24","  71.3","24","1016.8","18","972.1","23","  9.8","24","  8.4","24"," 14.0"," 26.0","  82.0"," ","  71.1"," "," 0.89","G","999.9","010000"
"72254203999","2024-09-05","30.74067","-98.23539","386.1","BURNET MUNICIPAL AIRPORT, TX US","  75.9","24","  69.7","24","1017.4","17","972.5","23"," 10.0","24","  8.0","24"," 13.0"," 24.1","  87.1"," ","  71.1"," "," 0.02","G","999.9","000000"
"72254203999","2024-09-06","30.74067","-98.23539","386.1","BURNET MUNICIPAL AIRPORT, TX US","  79.4","24","  69.8","24","1016.0","22","971.4","23"," 10.0","24","  8.6","24"," 14.0"," 27.0","  88.0","*","  71.6","*"," 0.00","G","999.9","000000"
"72254203999","2024-09-07","30.74067","-98.23539","386.1","BURNET MUNICIPAL AIRPORT, TX US","  78.3","24","  62.5","24","1016.7","24","972.0","23"," 10.0","24","  8.3","24"," 15.0"," 32.1","  88.0"," ","  69.1"," "," 0.00","G","999.9","000000"
"72254203999","2024-09-08","30.74067","-98.23539","386.1","BURNET MUNICIPAL AIRPORT, TX US","  72.9","24","  52.4","24","1017.6","24","972.7","23"," 10.0","24","  7.1","24"," 15.0"," 22.9","  84.0"," ","  60.1"," "," 0.00","G","999.9","000000"
"72254203999","2024-09-09","30.74067","-98.23539","386.1","BURNET MUNICIPAL AIRPORT, TX US","  70.7","24","  46.8","24","1018.2","24","973.0","23"," 10.0","24","  5.2","24","  9.9"," 17.1","  86.0"," ","  57.9"," "," 0.00","G","999.9","000000"
"72254203999","2024-09-10","30.74067","-98.23539","386.1","BURNET MUNICIPAL AIRPORT, TX US","  73.7","24","  51.3","24","1014.8","24","969.9","23"," 10.0","24","  4.8","24","  8.9","999.9","  89.1"," ","  61.0"," "," 0.00","G","999.9","000000"
"72254203999","2024-09-11","30.74067","-98.23539","386.1","BURNET MUNICIPAL AIRPORT, TX US","  79.2","24","  65.5","24","1010.4","20","966.1","23"," 10.0","24","  5.5","23"," 11.1"," 17.1","  91.0"," ","  71.1"," "," 0.00","G","999.9","000000"
"72254203999","2024-09-12","30.74067","-98.23539","386.1","BURNET MUNICIPAL AIRPORT, TX US","  78.6","24","  66.7","24","1009.2","22","964.9","23"," 10.0","24","  3.9","24","  7.0","999.9","  93.0"," ","  71.1"," "," 0.00","G","999.9","000000"
"72254203999","2024-09-13","30.74067","-98.23539","386.1","BURNET MUNICIPAL AIRPORT, TX US","  79.4","24","  66.6","24","1010.8","24","966.3","23"," 10.0","24","  3.8","23","  8.9"," 15.9","  93.9","*","  69.1","*"," 0.00","G","999.9","000000"
"72254203999","2024-09-14","30.74067","-98.23539","386.1","BURNET MUNICIPAL AIRPORT, TX US","  83.4","24","  68.4","24","1011.1","24","966.8","23"," 10.0","24","  3.0","24","  8.9"," 15.0","  93.9"," ","  72.0"," "," 0.00","G","999.9","000000"
"72254203999","2024-09-15","30.74067","-98.23539","386.1","BURNET MUNICIPAL AIRPORT, TX US","  85.5","24","  67.1","24","1011.5","24","967.2","23"," 10.0","24","  1.8","22","  8.0","999.9","  98.1"," ","  73.0"," "," 0.00","G","999.9","000000"
"72254203999","2024-09-16","30.74067","-98.23539","386.1","BURNET MUNICIPAL AIRPORT, TX US","  81.7","24","  66.9","24","1012.9","23","968.4","23"," 10.0","24","  4.2","24"," 18.1"," 27.0","  93.9"," ","  70.0"," "," 0.00","G","999.9","010000"
"72254203999","2024-09-17","30.74067","-98.23539","386.1","BURNET MUNICIPAL AIRPORT, TX US","  82.1","23","  67.9","23","1012.6","23","968.2","22"," 10.0","23","  4.0","23","  7.0","999.9","  93.9"," ","  71.1"," "," 0.00","G","999.9","000000"
"72254203999","2024-09-18","30.74067","-98.23539","386.1","BURNET MUNICIPAL AIRPORT, TX US","  83.0","24","  69.7","24","1010.5","21","966.4","23"," 10.0","24","  5.2","24","  9.9"," 15.9","  95.0"," ","  73.9"," "," 0.00","G","999.9","000000"
"72254203999","2024-09-19","30.74067","-98.23539","386.1","BURNET MUNICIPAL AIRPORT, TX US","  85.1","24","  71.2","24","1010.9","21","966.8","23"," 10.0","24","  5.7","24","  8.0"," 18.1","  97.0"," ","  75.9"," "," 0.00","G","999.9","000000"
"72254203999","2024-09-20","30.74067","-98.23539","386.1","BURNET MUNICIPAL AIRPORT, TX US","  85.0","24","  71.1","24","1010.7","21","966.6","23"," 10.0","24","  4.5","24","  7.0","999.9","  97.0"," ","  75.0"," "," 0.00","G","999.9","000000"
"72254203999","2024-09-21","30.74067","-98.23539","386.1","BURNET MUNICIPAL AIRPORT, TX US","  83.5","24","  68.3","24","1010.8","20","966.8","23"," 10.0","24","  5.4","24"," 13.0"," 19.0","  93.9"," ","  73.9"," "," 0.00","G","999.9","000000"
"72254203999","2024-09-22","30.74067","-98.23539","386.1","BURNET MUNICIPAL AIRPORT, TX US","  82.3","24","  68.0","24","1010.8","22","966.7","23"," 10.0","24","  4.9","23"," 12.0"," 21.0","  93.0"," ","  73.0"," "," 0.00","G","999.9","000000"
"72254203999","2024-09-23","30.74067","-98.23539","386.1","BURNET MUNICIPAL AIRPORT, TX US","  79.8","24","  68.7","24","1012.1","23","967.9","23"," 10.0","24","  4.4","24"," 11.1"," 17.1","  90.0"," ","  75.9"," "," 0.00","G","999.9","010000"
"72254203999","2024-09-24","30.74067","-98.23539","386.1","BURNET MUNICIPAL AIRPORT, TX US","  77.8","24","  68.6","24","1012.1","22","967.6","23","  9.9","24","  3.1","23","  6.0","999.9","  91.9"," ","  70.0"," "," 0.00","G","999.9","000000"
"72254203999","2024-09-25","30.74067","-98.23539","386.1","BURNET MUNICIPAL AIRPORT, TX US","  79.8","24","  65.7","24","1011.4","24","966.9","23"," 10.0","24","  6.6","24"," 14.0"," 22.9","  89.1"," ","  71.1"," "," 0.00","G","999.9","000000"
"72254203999","2024-09-26","30.74067","-98.23539","386.1","BURNET MUNICIPAL AIRPORT, TX US","  74.5","24","  54.9","24","1012.9","24","968.2","23"," 10.0","24","  6.3","24"," 13.0"," 19.0","  88.0"," ","  63.0"," "," 0.00","G","999.9","000000"
"72254203999","2024-09-27","30.74067","-98.23539","386.1","BURNET MUNICIPAL AIRPORT, TX US","  74.6","24","  53.2","24","1010.8","24","966.2","23"," 10.0","24","  4.3","23"," 14.0"," 22.0","  93.0"," ","  60.1"," "," 0.00","G","999.9","000000"
"72254203999","2024-09-28","30.74067","-98.23539","386.1","BURNET MUNICIPAL AIRPORT, TX US","  77.5","24","  52.6","24","1012.7","24","968.2","23"," 10.0","24","  4.2","24"," 12.0"," 17.1","  93.0"," ","  61.0"," "," 0.00","G","999.9","000000"
"72254203999","2024-09-29","30.74067","-98.23539","386.1","BURNET MUNICIPAL AIRPORT, TX US","  76.7","24","  50.5","24","1014.1","24","969.4","23"," 10.0","24","  3.3","22"," 11.1"," 15.9","  93.0"," ","  61.0"," "," 0.00","G","999.9","000000"
"72254203999","2024-09-30","30.74067","-98.23539","386.1","BURNET MUNICIPAL AIRPORT, TX US","  77.8","24","  55.4","24","1013.7","24","969.1","23"," 10.0","24","  2.0","24","  4.1","999.9","  93.9"," ","  63.0"," "," 0.00","G","999.9","000000"
"72254203999","2024-10-01","30.74067","-98.23539","386.1","BURNET MUNICIPAL AIRPORT, TX US","  80.2","24","  55.6","24","1016.3","24","971.8","23"," 10.0","24","  4.1","24","  9.9"," 21.0","  93.9"," ","  63.0"," "," 0.00","G","999.9","000000"
"72254203999","2024-10-02","30.74067","-98.23539","386.1","BURNET MUNICIPAL AIRPORT, TX US","  78.6","24","  57.6","24","1016.8","24","972.0","23"," 10.0","24","  3.9","24","  8.0","999.9","  91.9"," ","  66.9"," "," 0.00","G","999.9","000000"
"72254203999","2024-10-03","30.74067","-98.23539","386.1","BURNET MUNICIPAL AIRPORT, TX US","  79.1","24","  58.7","24","1013.2","24","968.7","23"," 10.0","24","  2.6","24","  8.9"," 15.0","  91.9"," ","  66.0"," "," 0.00","G","999.9","000000"
"72254203999","2024-10-04","30.74067","-98.23539","386.1","BURNET MUNICIPAL AIRPORT, TX US","  78.8","24","  55.6","24","1016.2","24","971.5","23"," 10.0","24","  5.3","24"," 13.0"," 22.0","  91.0"," ","  64.9"," "," 0.00","G","999.9","000000"
"72254203999","2024-10-05","30.74067","-98.23539","386.1","BURNET MUNICIPAL AIRPORT, TX US","  78.2","24","  55.5","24","1017.4","24","972.6","23"," 10.0","24","  4.8","24","  8.9","999.9","  91.9"," ","  68.0"," "," 0.00","G","999.9","000000"
"72254203999","2024-10-06","30.74067","-98.23539","386.1","BURNET MUNICIPAL AIRPORT, TX US","  79.0","24","  61.0","24","1016.4","24","971.8","23"," 10.0","24","  3.6","24"," 12.0"," 18.1","  91.9"," ","  66.0"," "," 0.00","G","999.9","000000"
"72254203999","2024-10-07","30.74067","-98.23539","386.1","BURNET MUNICIPAL AIRPORT, TX US","  79.0","24","  57.4","24","1016.9","24","972.2","23"," 10.0","24","  4.5","24","  8.9"," 15.0","  91.9"," ","  66.9"," "," 0.00","G","999.9","000000"
"72254203999","2024-10-08","30.74067","-98.23539","386.1","BURNET MUNICIPAL AIRPORT, TX US","  79.2","24","  57.1","24","1014.8","24","970.2","22"," 10.0","24","  3.9","23","  8.0"," 15.9","  91.9"," ","  68.0"," "," 0.00","G","999.9","000000"
"72254203999","2024-10-09","30.74067","-98.23539","386.1","BURNET MUNICIPAL AIRPORT, TX US","  76.9","24","  49.7","24","1015.9","24","971.2","23"," 10.0","24","  2.3","24","  6.0","999.9","  93.0"," ","  62.1"," "," 0.00","G","999.9","000000"
"72254203999","2024-10-10","30.74067","-98.23539","386.1","BURNET MUNICIPAL AIRPORT, TX US","  77.8","24","  49.2","24","1017.1","24","972.4","23"," 10.0","24","  1.8","24","  6.0","999.9","  95.0"," ","  63.0"," "," 0.00","G","999.9","000000"
"72254203999","2024-10-11","30.74067","-98.23539","386.1","BURNET MUNICIPAL AIRPORT, TX US","  78.9","24","  55.0","24","1019.4","24","974.6","23"," 10.0","24","  4.3","24","  8.9","999.9","  93.0"," ","  66.0"," "," 0.00","G","999.9","000000"
"72254203999","2024-10-12","30.74067","-98.23539","386.1","BURNET MUNICIPAL AIRPORT, TX US","  77.4","24","  51.3","24","1018.7","24","973.8","23"," 10.0","24","  4.8","24"," 11.1"," 21.0","  95.0"," ","  60.1"," "," 0.00","G","999.9","000000"
"72254203999","2024-10-13","30.74067","-98.23539","386.1","BURNET MUNICIPAL AIRPORT, TX US","  80.1","24","  45.5","24","1016.7","24","972.0","23"," 10.0","24","  4.2","24","  9.9"," 19.0","  99.0"," ","  63.0"," "," 0.00","G","999.9","000000"
"72254203999","2024-10-14","30.74067","-98.23539","386.1","BURNET MUNICIPAL AIRPORT, TX US","  78.4","24","  44.7","24","1018.8","24","974.0","23"," 10.0","24","  4.2","23","  9.9"," 15.0","  96.1"," ","  64.0"," "," 0.00","G","999.9","000000"
"72254203999","2024-10-15","30.74067","-98.23539","386.1","BURNET MUNICIPAL AIRPORT, TX US","  77.7","24","  48.8","24","1016.7","24","971.9","23"," 10.0","24","  3.4","24","  9.9"," 18.1","  95.0"," ","  61.0"," "," 0.00","G","999.9","000000"
"72254203999","2024-10-16","30.74067","-98.23539","386.1","BURNET MUNICIPAL AIRPORT, TX US","  68.0","24","  40.3","24","1022.1","24","976.9","24","  9.9","24","  9.1","24"," 14.0"," 29.9","  82.0","*","  60.1","*"," 0.00","I","999.9","000000"
"72254203999","2024-10-17","30.74067","-98.23539","386.1","BURNET MUNICIPAL AIRPORT, TX US","  60.6","24","  34.5","24","1024.1","24","978.2","23"," 10.0","24","  4.4","24","  9.9"," 15.0","  72.0"," ","  50.0"," "," 0.00","G","999.9","000000"
"72254203999","2024-10-18","30.74067","-98.23539","386.1","BURNET MUNICIPAL AIRPORT, TX US","  66.3","24","  50.4","24","1021.4","21","976.1","23"," 10.0","24","  6.0","24"," 13.0"," 20.0","  77.0"," ","  57.0"," "," 0.00","G","999.9","000000"
"72254203999","2024-10-19","30.74067","-98.23539","386.1","BURNET MUNICIPAL AIRPORT, TX US","  70.6","24","  58.0","24","1024.2","21","978.8","24"," 10.0","24","  6.6","24","  9.9"," 17.1","  82.0"," ","  62.1"," "," 0.00","G","999.9","000000"
"72254203999","2024-10-20","30.74067","-98.23539","386.1","BURNET MUNICIPAL AIRPORT, TX US","  70.5","24","  52.6","24","1025.6","24","980.1","23"," 10.0","24","  5.0","24","  9.9"," 15.0","  84.0"," ","  57.9"," "," 0.00","G","999.9","000000"
"72254203999","2024-10-21","30.74067","-98.23539","386.1","BURNET MUNICIPAL AIRPORT, TX US","  70.2","24","  52.4","24","1021.8","24","976.5","23"," 10.0","24","  3.9","23","  8.9"," 15.9","  84.9"," ","  55.9"," "," 0.00","G","999.9","000000"
"72254203999","2024-10-22","30.74067","-98.23539","386.1","BURNET MUNICIPAL AIRPORT, TX US","  73.6","24","  62.2","24","1018.8","19","974.0","23"," 10.0","24","  5.1","24"," 13.0"," 17.1","  84.9"," ","  66.0"," "," 0.00","G","999.9","000000"
"72254203999","2024-10-23","30.74067","-98.23539","386.1","BURNET MUNICIPAL AIRPORT, TX US","  73.3","24","  61.5","24","1019.2","24","974.2","23"," 10.0","24","  2.4","24","  7.0","999.9","  89.1"," ","  61.0"," "," 0.00","G","999.9","000000"
"72254203999","2024-10-24","30.74067","-98.23539","386.1","BURNET MUNICIPAL AIRPORT, TX US","  74.3","24","  60.6","24","1016.7","23","971.8","23"," 10.0","24","  4.4","24"," 13.0"," 20.0","  87.1"," ","  63.0"," "," 0.00","G","999.9","000000"
"72254203999","2024-10-25","30.74067","-98.23539","386.1","BURNET MUNICIPAL AIRPORT, TX US","  75.2","24","  60.3","24","1017.2","24","972.4","23"," 10.0","24","  5.6","24","  8.9"," 15.0","  89.1"," ","  64.9"," "," 0.00","G","999.9","000000"
"72254203999","2024-10-26","30.74067","-98.23539","386.1","BURNET MUNICIPAL AIRPORT, TX US","  74.7","24","  57.8","24","1022.5","24","977.4","23"," 10.0","24","  2.3","22","  8.9","999.9","  90.0"," ","  62.1"," "," 0.00","G","999.9","000000"
"72254203999","2024-10-27","30.74067","-98.23539","386.1","BURNET MUNICIPAL AIRPORT, TX US","  77.0","24","  58.1","24","1021.4","24","976.4","23"," 10.0","24","  4.6","23","  9.9"," 17.1","  91.0"," ","  63.0"," "," 0.00","G","999.9","000000"
"72254203999","2024-10-28","30.74067","-98.23539","386.1","BURNET MUNICIPAL AIRPORT, TX US","  75.3","24","  58.7","24","1017.9","24","973.0","23"," 10.0","24","  6.6","24"," 12.0"," 27.0","  86.0"," ","  64.0"," "," 0.00","G","999.9","000000"
"72254203999","2024-10-29","30.74067","-98.23539","386.1","BURNET MUNICIPAL AIRPORT, TX US","  77.6","24","  65.7","24","1013.9","22","969.3","23"," 10.0","24","  9.8","24"," 15.9"," 28.9","  87.1"," ","  73.0"," "," 0.00","G","999.9","000000"
"72254203999","2024-10-30","30.74067","-98.23539","386.1","BURNET MUNICIPAL AIRPORT, TX US","  77.9","24","  66.7","24","1013.1","20","968.7","21"," 10.0","24"," 10.4","24"," 15.0"," 27.0","  86.0"," ","  73.0"," "," 0.00","G","999.9","010000"
"72254203999","2024-10-31","30.74067","-98.23539","386.1","BURNET MUNICIPAL AIRPORT, TX US","  74.8","23","  61.1","23","1015.5","18","970.7","22","  9.9","23","  7.3","23"," 12.0"," 21.0","  82.9"," ","  64.9"," "," 0.00","G","999.9","010000"
"72254203999","2024-11-01","30.74067","-98.23539","386.1","BURNET MUNICIPAL AIRPORT, TX US","  67.9","24","  59.8","24","1017.7","18","972.7","23","  9.2","24","  6.3","24","  9.9","999.9","  75.0"," ","  64.0"," "," 0.10","G","999.9","000000"
"72254203999","2024-11-02","30.74067","-98.23539","386.1","BURNET MUNICIPAL AIRPORT, TX US","  71.6","24","  67.4","24","1016.0","16","970.9","24","  9.9","24","  6.6","24"," 11.1"," 20.0","  79.0"," ","  69.1"," "," 0.00","G","999.9","010000"
"72254203999","2024-11-03","30.74067","-98.23539","386.1","BURNET MUNICIPAL AIRPORT, TX US","  75.8","24","  69.2","24","1007.4","15","963.7","23"," 10.0","24","  9.2","24"," 15.0"," 28.9","  82.0","*","  71.6","*"," 0.00","G","999.9","010000"
"72254203999","2024-11-04","30.74067","-98.23539","386.1","BURNET MUNICIPAL AIRPORT, TX US","  76.6","24","  68.6","24","1004.5","18","960.2","23"," 10.0","24"," 10.1","24"," 15.9"," 28.0","  84.9"," ","  68.0"," "," 0.01","G","999.9","010000"
"72254203999","2024-11-05","30.74067","-98.23539","386.1","BURNET MUNICIPAL AIRPORT, TX US","  63.7","24","  51.9","24","1010.8","22","965.3","24","  9.7","24","  6.8","24"," 17.1"," 26.0","  72.0"," ","  57.0"," "," 0.65","G","999.9","010010"
"72254203999","2024-11-06","30.74067","-98.23539","386.1","BURNET MUNICIPAL AIRPORT, TX US","  59.6","24","  45.8","12","1012.9","24","967.4","23"," 10.0","24","  2.9","23","  8.9","999.9","  77.0"," ","  45.0"," "," 0.00","G","999.9","000000"
"72254203999","2024-11-07","30.74067","-98.23539","386.1","BURNET MUNICIPAL AIRPORT, TX US","  69.5","24","  59.2","24","1014.6","22","969.5","23","  9.9","24","  6.1","24","  9.9"," 19.0","  81.0"," ","  64.0"," "," 0.00","G","999.9","000000"
"72254203999","2024-11-08","30.74067","-98.23539","386.1","BURNET MUNICIPAL AIRPORT, TX US","  71.7","24","  66.5","24","1013.0","19","968.2","23"," 10.0","24","  7.8","24"," 15.0"," 32.1","  82.0"," ","  57.9"," "," 0.00","G","999.9","010000"
"72254203999","2024-11-09","30.74067","-98.23539","386.1","BURNET MUNICIPAL AIRPORT, TX US","  63.7","24","  45.5","24","1016.0","24","970.6","23"," 10.0","24","  4.7","24","  8.9","999.9","  77.0","*","  54.0","*"," 0.07","G","999.9","010000"
"72254203999","2024-11-10","30.74067","-98.23539","386.1","BURNET MUNICIPAL AIRPORT, TX US","  67.8","24","  48.5","24","1015.4","24","970.2","23"," 10.0","24","  2.7","24","  8.0"," 15.0","  84.0"," ","  54.0"," "," 0.00","G","999.9","000000"
"72254203999","2024-11-11","30.74067","-98.23539","386.1","BURNET MUNICIPAL AIRPORT, TX US","  68.8","24","  48.8","24","1016.9","24","971.7","23"," 10.0","24","  3.3","24","  6.0","999.9","  84.0"," ","  54.0"," "," 0.00","G","999.9","000000"
"72254203999","2024-11-12","30.74067","-98.23539","386.1","BURNET MUNICIPAL AIRPORT, TX US","  68.2","24","  52.7","24","1014.9","24","969.7","23"," 10.0","24","  3.8","24","  8.9"," 15.9","  81.0"," ","  55.9"," "," 0.00","G","999.9","000000"
"72254203999","2024-11-13","30.74067","-98.23539","386.1","BURNET MUNICIPAL AIRPORT, TX US","  70.2","24","  52.3","24","1013.6","23","968.7","23"," 10.0","24","  6.8","24"," 15.9"," 26.0","  84.0"," ","  60.1"," "," 0.00","G","999.9","000000"
"72254203999","2024-11-14","30.74067","-98.23539","386.1","BURNET MUNICIPAL AIRPORT, TX US","  61.3","24","  35.5","24","1020.6","24","975.0","23","  9.9","24","  3.3","24","  8.0","999.9","  75.9"," ","  46.9"," "," 0.00","G","999.9","000000"
"72254203999","2024-11-15","30.74067","-98.23539","386.1","BURNET MUNICIPAL AIRPORT, TX US","  58.7","24","  34.7","24","1017.5","24","971.8","23"," 10.0","24","  2.9","24","  8.9","999.9","  75.9"," ","  43.0"," "," 0.00","G","999.9","000000"
"72254203999","2024-11-16","30.74067","-98.23539","386.1","BURNET MUNICIPAL AIRPORT, TX US","  64.7","24","  51.1","24","1012.1","24","966.8","23"," 10.0","24","  6.5","24"," 14.0"," 22.0","  79.0"," ","  54.0"," "," 0.00","G","999.9","000000"
"72254203999","2024-11-17","30.74067","-98.23539","386.1","BURNET MUNICIPAL AIRPORT, TX US","  69.5","24","  60.9","24","1009.4","21","964.6","23","  9.8","24","  5.3","24"," 11.1"," 22.0","  81.0","*","  60.8","*"," 0.00","G","999.9","000000"
"72254203999","2024-11-18","30.74067","-98.23539","386.1","BURNET MUNICIPAL AIRPORT, TX US","  71.6","24","  58.9","24","1003.8","14","959.0","24","  9.8","24"," 10.7","24"," 21.0"," 39.0","  78.1","*","  57.0","*"," 0.06","G","999.9","010000"
"72254203999","2024-11-19","30.74067","-98.23539","386.1","BURNET MUNICIPAL AIRPORT, TX US","  60.7","24","  39.1","24","1008.7","24","963.5","24"," 10.0","24","  3.8","24"," 11.1"," 20.0","  79.0","*","  46.9","*"," 0.08","G","999.9","000000"
"72254203999","2024-11-20","30.74067","-98.23539","386.1","BURNET MUNICIPAL AIRPORT, TX US","  59.2","24","  30.9","24","1022.8","24","977.0","24"," 10.0","24","  7.6","22"," 12.0"," 21.0","  69.1","*","  46.9","*"," 0.00","G","999.9","000000"
"72254203999","2024-11-21","30.74067","-98.23539","386.1","BURNET MUNICIPAL AIRPORT, TX US","  50.9","24","  27.0","24","1026.0","24","979.5","24"," 10.0","24","  2.0","24","  8.0","999.9","  71.1","*","  37.0","*"," 0.00","G","999.9","000000"
"72254203999","2024-11-22","30.74067","-98.23539","386.1","BURNET MUNICIPAL AIRPORT, TX US","  55.3","24","  34.2","24","1022.7","24","976.6","23"," 10.0","24","  1.4","24","  4.1","999.9","  75.0"," ","  41.0"," "," 0.00","G","999.9","000000"
"72254203999","2024-11-23","30.74067","-98.23539","386.1","BURNET MUNICIPAL AIRPORT, TX US","  58.0","24","  40.6","24","1018.6","24","972.7","23"," 10.0","24","  3.7","24"," 15.0"," 25.1","  75.9"," ","  41.0"," "," 0.00","G","999.9","000000"
"72254203999","2024-11-24","30.74067","-98.23539","386.1","BURNET MUNICIPAL AIRPORT, TX US","  68.4","24","  57.0","24","1013.4","22","968.3","23"," 10.0","24"," 10.6","24"," 18.1"," 28.9","  80.1"," ","  60.1"," "," 0.00","G","999.9","000000"
"72254203999","2024-11-25","30.74067","-98.23539","386.1","BURNET MUNICIPAL AIRPORT, TX US","  64.3","24","  54.3","24","1016.0","24","970.9","23"," 10.0","24","  6.5","24"," 13.0"," 21.0","  75.9"," ","  53.1"," "," 0.00","G","999.9","000000"
"72254203999","2024-11-26","30.74067","-98.23539","386.1","BURNET MUNICIPAL AIRPORT, TX US","  49.3","24","  36.5","24","1024.7","23","978.1","23","  9.9","24","  4.1","24","  9.9"," 19.0","  63.0"," ","  39.0"," "," 0.00","G","999.9","000000"
"72254203999","2024-11-27","30.74067","-98.23539","386.1","BURNET MUNICIPAL AIRPORT, TX US","  65.2","24","  53.0","24","1011.6","19","966.7","23","  9.7","24","  7.4","24"," 12.0"," 22.0","  82.0"," ","  52.0"," "," 0.00","G","999.9","000000"
"72254203999","2024-11-28","30.74067","-98.23539","386.1","BURNET MUNICIPAL AIRPORT, TX US","  54.1","24","  35.6","24","1018.2","24","972.6","23"," 10.0","24","  9.7","24"," 17.1"," 27.0","  73.0"," ","  48.0"," "," 0.00","G","999.9","000000"
"72254203999","2024-11-29","30.74067","-98.23539","386.1","BURNET MUNICIPAL AIRPORT, TX US","  45.8","24","  25.6","24","1026.8","24","980.1","23"," 10.0","24","  6.9","24"," 11.1"," 17.1","  57.0"," ","  37.9"," "," 0.00","G","999.9","000000"
"72254203999","2024-11-30","30.74067","-98.23539","386.1","BURNET MUNICIPAL AIRPORT, TX US","  49.0","24","  28.6","24","1024.8","24","978.2","23"," 10.0","24","  3.7","23","  8.9","999.9","  64.0","*","  39.9","*"," 0.00","G","999.9","000000"
"72254203999","2024-12-01","30.74067","-98.23539","386.1","BURNET MUNICIPAL AIRPORT, TX US","  52.2","24","  40.1","24","1023.6","24","977.2","24"," 10.0","24","  1.2","24","  7.0","999.9","  69.1","*","  37.9","*"," 0.00","G","999.9","000000"
"72254203999","2024-12-02","30.74067","-98.23539","386.1","BURNET MUNICIPAL AIRPORT, TX US","  55.2","24","  42.3","24","1027.4","24","981.1","23"," 10.0","24","  3.7","23","  8.0","999.9","  66.9"," ","  42.1"," "," 0.00","G","999.9","000000"
"72254203999","2024-12-03","30.74067","-98.23539","386.1","BURNET MUNICIPAL AIRPORT, TX US","  53.4","24","  36.1","24","1030.4","24","983.9","23"," 10.0","24","  3.5","24","  7.0","999.9","  62.1"," ","  44.1"," "," 0.00","G","999.9","000000"
"72254203999","2024-12-04","30.74067","-98.23539","386.1","BURNET MUNICIPAL AIRPORT, TX US","  54.3","24","  47.5","24","1024.5","12","977.3","23","  7.9","24","  2.5","24","  5.1","999.9","  59.0"," ","  51.1"," "," 0.02","G","999.9","010000"
"72254203999","2024-12-05","30.74067","-98.23539","386.1","BURNET MUNICIPAL AIRPORT, TX US","  55.6","24","  50.7","24","1023.9","14","977.1","24","  7.6","24","  7.1","24"," 15.9"," 22.0","  60.1"," ","  52.0"," "," 0.05","G","999.9","000000"
"72254203999","2024-12-06","30.74067","-98.23539","386.1","BURNET MUNICIPAL AIRPORT, TX US","  46.1","24","  27.5","24","1028.7","24","982.0","23"," 10.0","24","  6.4","24"," 12.0"," 15.9","  55.0"," ","  39.9"," "," 0.00","G","999.9","000000"
"72254203999","2024-12-07","30.74067","-98.23539","386.1","BURNET MUNICIPAL AIRPORT, TX US","  43.9","24","  37.8","24","1027.8","10","980.1","23","  8.2","24","  4.5","24","  8.0","999.9","  48.9"," ","  41.0"," "," 0.01","G","999.9","010000"
"72254203999","2024-12-08","30.74067","-98.23539","386.1","BURNET MUNICIPAL AIRPORT, TX US","  49.0","24","  47.2","24","1018.1","19","972.2","24","  7.9","24","  3.8","24","  7.0","999.9","  60.1"," ","  43.0"," "," 0.19","G","999.9","010000"
"72254203999","2024-12-09","30.74067","-98.23539","386.1","BURNET MUNICIPAL AIRPORT, TX US","  57.9","24","  43.7","24","1011.0","22","965.4","23","  9.2","24","  4.0","24"," 14.0"," 24.1","  80.1"," ","  42.1"," "," 0.00","G","999.9","000000"
"72254203999","2024-12-10","30.74067","-98.23539","386.1","BURNET MUNICIPAL AIRPORT, TX US","  52.1","24","  39.0","24","1017.2","20","971.6","23"," 10.0","24"," 10.4","24"," 20.0"," 29.9","  61.0","*","  46.4","*"," 0.00","G","999.9","000000"
"72254203999","2024-12-11","30.74067","-98.23539","386.1","BURNET MUNICIPAL AIRPORT, TX US","  44.5","24","  26.0","24","1029.4","24","982.5","23"," 10.0","24","  4.6","24","  9.9"," 17.1","  62.1"," ","  33.1"," "," 0.00","G","999.9","000000"
"72254203999","2024-12-12","30.74067","-98.23539","386.1","BURNET MUNICIPAL AIRPORT, TX US","  45.5","24","  26.8","24","1026.7","24","979.8","23"," 10.0","24","  4.2","24"," 15.0"," 25.1","  63.0"," ","  30.9"," "," 0.00","G","999.9","000000"
"72254203999","2024-12-13","30.74067","-98.23539","386.1","BURNET MUNICIPAL AIRPORT, TX US","  57.7","24","  52.6","24","1022.3","15","976.2","23","  6.6","24","  6.0","24","  9.9"," 21.0","  61.0"," ","  55.0"," "," 0.00","G","999.9","010000"
"72254203999","2024-12-14","30.74067","-98.23539","386.1","BURNET MUNICIPAL AIRPORT, TX US","  67.0","24","  63.5","24","1020.7","19","975.2","24","  8.3","24","  4.0","24","  8.0","999.9","  78.1"," ","  61.0"," "," 0.24","G","999.9","010000"
"72254203999","2024-12-15","30.74067","-98.23539","386.1","BURNET MUNICIPAL AIRPORT, TX US","  69.5","24","  65.7","24","1018.8","15","974.0","23","  8.6","24","  6.1","24"," 14.0"," 25.1","  75.9"," ","  64.9"," "," 0.01","G","999.9","110000"
"72254203999","2024-12-16","30.74067","-98.23539","386.1","BURNET MUNICIPAL AIRPORT, TX US","  69.6","24","  65.2","24","1018.2","15","972.9","24","  9.8","24","  6.2","24"," 11.1"," 21.0","  75.0","*","  66.2","*"," 0.01","G","999.9","010000"
"72254203999","2024-12-17","30.74067","-98.23539","386.1","BURNET MUNICIPAL AIRPORT, TX US","  68.7","24","  61.8","24","1020.2","19","975.0","23"," 10.0","24","  4.9","24"," 12.0"," 21.0","  78.1"," ","  61.0"," "," 0.01","G","999.9","010000"
"72254203999","2024-12-18","30.74067","-98.23539","386.1","BURNET MUNICIPAL AIRPORT, TX US","  63.0","24","  50.8","24","1023.4","22","977.9","23","  9.5","24","  7.3","24"," 17.1"," 31.1","  73.0"," ","  55.9"," "," 0.00","G","999.9","010000"
"72254203999","2024-12-19","30.74067","-98.23539","386.1","BURNET MUNICIPAL AIRPORT, TX US","  50.2","24","  33.6","24","1026.6","24","980.1","23"," 10.0","24","  3.4","24","  8.9","999.9","  66.9"," ","  36.0"," "," 0.03","G","999.9","000000"
"72254203999","2024-12-20","30.74067","-98.23539","386.1","BURNET MUNICIPAL AIRPORT, TX US","  54.3","24","  36.8","24","1027.6","24","981.2","23"," 10.0","24","  5.5","24"," 12.0"," 19.0","  66.9"," ","  45.0"," "," 0.00","G","999.9","000000"
"72254203999","2024-12-21","30.74067","-98.23539","386.1","BURNET MUNICIPAL AIRPORT, TX US","  48.8","24","  28.9","24","1027.0","24","980.4","23"," 10.0","24","  3.7","24","  8.0","999.9","  63.0"," ","  37.0"," "," 0.00","G","999.9","000000"
"72254203999","2024-12-22","30.74067","-98.23539","386.1","BURNET MUNICIPAL AIRPORT, TX US","  52.5","24","  40.4","24","1023.9","18","978.0","23"," 10.0","24","  4.4","24"," 12.0"," 22.0","  66.0"," ","  41.0"," "," 0.00","G","999.9","000000"
"72254203999","2024-12-23","30.74067","-98.23539","386.1","BURNET MUNICIPAL AIRPORT, TX US","  62.4","23","  54.5","23","1019.1","15","973.6","23"," 10.0","23","  8.2","23"," 14.0"," 25.1","  73.9"," ","  55.0"," "," 0.00","G","999.9","000000"
"72254203999","2024-12-24","30.74067","-98.23539","386.1","BURNET MUNICIPAL AIRPORT, TX US","  66.7","24","  61.0","24","1017.2","18","971.9","23"," 10.0","24","  6.1","24","  9.9"," 22.0","  72.0"," ","  64.0"," "," 0.00","G","999.9","000000"
"72254203999","2024-12-25","30.74067","-98.23539","386.1","BURNET MUNICIPAL AIRPORT, TX US","  56.0","24","  51.7","24","1016.1","19","970.6","23"," 10.0","24","  5.8","24"," 13.0"," 19.0","  68.0"," ","  53.1"," "," 0.00","G","999.9","000000"
"72254203999","2024-12-26","30.74067","-98.23539","386.1","BURNET MUNICIPAL AIRPORT, TX US","  59.5","24","  53.2","24","1011.6","12","966.6","23","  5.6","24","  6.3","24"," 14.0"," 25.1","  73.0","*","  53.6","*"," 0.00","G","999.9","110000"
"72254203999","2024-12-27","30.74067","-98.23539","386.1","BURNET MUNICIPAL AIRPORT, TX US","  57.4","24","  40.3","24","1011.4","23","965.9","23","  9.2","22","  3.6","24"," 13.0"," 21.0","  80.1"," ","  39.9"," "," 0.01","G","999.9","100000"
"72254203999","2024-12-28","30.74067","-98.23539","386.1","BURNET MUNICIPAL AIRPORT, TX US","  67.6","24","  46.6","24","1008.2","19","963.1","23","  8.7","23","  7.2","24"," 18.1"," 31.1","  79.0"," ","  57.9"," "," 0.00","G","999.9","000000"
"72254203999","2024-12-29","30.74067","-98.23539","386.1","BURNET MUNICIPAL AIRPORT, TX US","  60.2","24","  37.1","24","1014.1","24","968.8","23"," 10.0","24","  4.4","24"," 11.1","999.9","  78.1"," ","  45.0"," "," 0.01","G","999.9","000000"
"72254203999","2024-12-30","30.74067","-98.23539","386.1","BURNET MUNICIPAL AIRPORT, TX US","  64.0","24","  32.2","24","1009.2","24","964.1","22"," 10.0","24","  3.9","24"," 14.0"," 24.1","  88.0"," ","  46.9"," "," 0.00","G","999.9","000000"
"72254203999","2024-12-31","30.74067","-98.23539","386.1","BURNET MUNICIPAL AIRPORT, TX US","  60.4","24","  26.5","24","1015.0","23","967.3","15"," 10.0","24","  7.3","24"," 13.0"," 22.9","  75.9"," ","  50.0"," "," 0.00","G","999.9","000000"
